id,token,hex,bytes,merge_frequency_at_creation,traits
528,feren,666572656e,5,2150055,alphabetic
572,␠whe,20776865,4,1811514,leading_space;alphabetic
595,␠199,20313939,4,1674452,leading_space;numeric
603,eople,656f706c65,5,1649034,alphabetic
604,merican,6d65726963616e,7,1647613,alphabetic
624,clud,636c7564,4,1532240,alphabetic
655,␠includ,20696e636c7564,7,1390827,leading_space;alphabetic
668,␠bec,20626563,4,1341144,leading_space;alphabetic
691,␠198,20313938,4,1250227,leading_space;numeric
725,iversity,6976657273697479,8,1130553,alphabetic
739,␠197,20313937,4,1075806,leading_space;numeric
774,ootball,6f6f7462616c6c,7,994748,alphabetic
800,␠196,20313936,4,939633,leading_space;numeric
815,␠publ,207075626c,5,907680,leading_space;alphabetic
832,resent,726573656e74,6,885252,alphabetic
849,ween,7765656e,4,853761,alphabetic
857,usic,75736963,4,840629,alphabetic
895,␠194,20313934,4,793851,leading_space;numeric
896,bum,62756d,3,793808,alphabetic
897,istric,697374726963,6,792365,alphabetic
909,␠rele,2072656c65,5,776831,leading_space;alphabetic
917,istory,6973746f7279,6,767885,alphabetic
961,␠mov,206d6f76,4,707496,leading_space;alphabetic
965,␠writ,2077726974,5,701677,leading_space;alphabetic
1006,␠establ,2065737461626c,7,670768,leading_space;alphabetic
1053,ternational,7465726e6174696f6e616c,11,620231,alphabetic
1063,␠193,20313933,4,612923,leading_space;numeric
1079,ampions,616d70696f6e73,7,597930,alphabetic
1091,areer,6172656572,5,589580,alphabetic
1107,ugust,7567757374,5,574580,alphabetic
1117,eptember,657074656d626572,8,567728,alphabetic
1121,␠rece,2072656365,5,564400,leading_space;alphabetic
1128,overnment,6f7665726e6d656e74,9,559022,alphabetic;suffix_shape
1133,ctober,63746f626572,6,554742,alphabetic
1157,owever,6f7765766572,6,537767,alphabetic
1160,␠orig,206f726967,5,536485,leading_space;alphabetic
1169,pril,7072696c,4,531292,alphabetic
1171,fess,66657373,4,530654,alphabetic
1184,lege,6c656765,4,518167,alphabetic
1210,␠sever,207365766572,6,502394,leading_space;alphabetic
1218,ampionship,616d70696f6e73686970,10,496816,alphabetic
1219,ajor,616a6f72,4,496743,alphabetic
1259,icip,69636970,4,476808,alphabetic
1264,␠dif,20646966,4,474717,leading_space;alphabetic
1274,resident,7265736964656e74,8,472162,alphabetic
1291,ebruary,65627275617279,7,461895,alphabetic
1349,␠Canad,2043616e6164,6,437537,leading_space;alphabetic;capitalized_candidate
1368,␠contin,20636f6e74696e,7,430930,leading_space;alphabetic
1427,␠describ,2064657363726962,8,402153,leading_space;alphabetic
1442,␠Afric,204166726963,6,399162,leading_space;alphabetic;capitalized_candidate
1464,␠Geor,2047656f72,5,388743,leading_space;alphabetic;capitalized_candidate
1497,ublic,75626c6963,5,378636,alphabetic
1513,artment,6172746d656e74,7,371662,alphabetic;suffix_shape
1519,ondon,6f6e646f6e,5,367436,alphabetic
1532,ociation,6f63696174696f6e,8,363498,alphabetic;suffix_shape
1564,␠vari,2076617269,5,353240,leading_space;alphabetic
1572,ouncil,6f756e63696c,6,350036,alphabetic
1602,␠manag,206d616e6167,6,343291,leading_space;alphabetic
1627,ilitary,696c6974617279,7,335801,alphabetic
1634,uthor,7574686f72,5,331156,alphabetic
1638,␠189,20313839,4,329916,leading_space;numeric
1652,ocial,6f6369616c,5,327424,alphabetic
1658,ensus,656e737573,5,325978,alphabetic
1672,lymp,6c796d70,4,321818,alphabetic
1692,anguage,616e6775616765,7,316530,alphabetic
1696,urther,757274686572,6,315065,alphabetic
1716,ideo,6964656f,4,310239,alphabetic
1776,␠consid,20636f6e736964,7,296230,leading_space;alphabetic
1786,ifornia,69666f726e6961,7,293986,alphabetic
1797,riend,7269656e64,5,289557,alphabetic
1798,␠larg,206c617267,5,289452,leading_space;alphabetic
1827,useum,757365756d,5,283466,alphabetic
1841,␠aver,2061766572,5,281053,leading_space;alphabetic
1876,ociety,6f6369657479,6,273963,alphabetic
1935,␠exper,206578706572,6,262628,leading_space;alphabetic
1958,␠trad,2074726164,5,259466,leading_space;alphabetic
1959,␠186,20313836,4,259306,leading_space;numeric
1966,orthern,6f72746865726e,7,257492,alphabetic
1971,gcolor,67636f6c6f72,6,256659,alphabetic
1983,␠politic,20706f6c69746963,8,253970,leading_space;alphabetic
2009,␠Minist,204d696e697374,7,248586,leading_space;alphabetic;capitalized_candidate
2037,unicip,756e69636970,6,244398,alphabetic
2044,␠epis,2065706973,5,243082,leading_space;alphabetic
2065,␠invol,20696e766f6c,6,239516,leading_space;alphabetic
2067,ploy,706c6f79,4,239153,alphabetic
2077,thern,746865726e,5,238342,alphabetic
2078,␠poss,20706f7373,5,238021,leading_space;alphabetic
2089,outhern,6f75746865726e,7,235379,alphabetic
2102,␠Rober,20526f626572,6,234247,leading_space;alphabetic;capitalized_candidate
2110,␠init,20696e6974,5,233555,leading_space;alphabetic
2113,ividual,6976696475616c,7,233207,alphabetic
2124,ccording,63636f7264696e67,8,231146,alphabetic;suffix_shape
2134,umni,756d6e69,4,229328,alphabetic
2148,␠chang,206368616e67,6,227146,leading_space;alphabetic
2160,␠struct,20737472756374,7,225619,leading_space;alphabetic
2228,␠sett,2073657474,5,213359,leading_space;alphabetic
2241,␠performan,20706572666f726d616e,10,211359,leading_space;alphabetic
2250,␠tog,20746f67,4,210086,leading_space;alphabetic
2256,ashington,617368696e67746f6e,9,209374,alphabetic
2272,arliam,61726c69616d,6,206080,alphabetic
2276,␠hous,20686f7573,5,205577,leading_space;alphabetic
2281,oints,6f696e7473,5,205038,alphabetic
2294,arliament,61726c69616d656e74,9,203354,alphabetic;suffix_shape
2298,␠hig,20686967,4,202443,leading_space;alphabetic
2317,ources,6f7572636573,6,200176,alphabetic
2338,anies,616e696573,5,197606,alphabetic
2344,ittee,6974746565,5,197144,alphabetic
2352,ketball,6b657462616c6c,7,196445,alphabetic
2369,␠Mex,204d6578,4,194888,leading_space;alphabetic;capitalized_candidate
2372,␠indust,20696e64757374,7,194324,leading_space;alphabetic
2378,␠attem,20617474656d,6,193433,leading_space;alphabetic
2389,␠examp,206578616d70,6,192606,leading_space;alphabetic
2422,␠produc,2070726f647563,7,188983,leading_space;alphabetic
2455,␠appe,2061707065,5,185557,leading_space;alphabetic
2480,␠surv,2073757276,5,182250,leading_space;alphabetic
2497,ecutive,65637574697665,7,180521,alphabetic
2501,ype,797065,3,180210,alphabetic
2517,etwork,6574776f726b,6,178980,alphabetic
2518,␠priv,2070726976,5,178778,leading_space;alphabetic
2524,␠Zeal,205a65616c,5,178157,leading_space;alphabetic;capitalized_candidate
2525,␠vict,2076696374,5,178046,leading_space;alphabetic
2550,ederal,65646572616c,6,176321,alphabetic
2564,heast,6865617374,5,175236,alphabetic
2596,␠gradu,206772616475,6,172293,leading_space;alphabetic
2602,␠Democr,2044656d6f6372,7,171593,leading_space;alphabetic;capitalized_candidate
2605,␠partic,20706172746963,7,171201,leading_space;alphabetic
2636,thlet,74686c6574,5,168662,alphabetic
2639,␠tourn,20746f75726e,6,168249,leading_space;alphabetic
2655,viron,7669726f6e,5,166983,alphabetic
2672,reland,72656c616e64,6,165988,alphabetic
2696,␠phys,2070687973,5,164644,leading_space;alphabetic
2700,␠avail,20617661696c,6,164376,leading_space;alphabetic
2703,epar,65706172,4,164072,alphabetic
2707,␠rul,2072756c,4,163835,leading_space;alphabetic
2713,usical,75736963616c,6,163381,alphabetic
2732,␠municip,206d756e69636970,8,161927,leading_space;alphabetic
2736,ibrary,696272617279,6,161604,alphabetic
2739,ducation,6475636174696f6e,8,161435,alphabetic;suffix_shape
2742,ceed,63656564,4,161198,alphabetic;suffix_shape
2756,imately,696d6174656c79,7,159975,alphabetic;suffix_shape
2759,ishop,6973686f70,5,159705,alphabetic
2761,␠becom,206265636f6d,6,159649,leading_space;alphabetic
2776,overnor,6f7665726e6f72,7,158424,alphabetic
2781,␠spe,20737065,4,158176,leading_space;alphabetic
2799,writ,77726974,4,156836,alphabetic
2803,ethod,6574686f64,5,156520,alphabetic
2804,embly,656d626c79,5,156485,alphabetic;suffix_shape
2814,␠dram,206472616d,5,155401,leading_space;alphabetic
2819,␠winn,2077696e6e,5,154975,leading_space;alphabetic
2831,uild,75696c64,4,154246,alphabetic
2838,␠foc,20666f63,4,153811,leading_space;alphabetic
2842,␠associ,206173736f6369,7,153614,leading_space;alphabetic
2875,vironment,7669726f6e6d656e74,9,151370,alphabetic;suffix_shape
2897,rael,7261656c,4,149510,alphabetic
2925,icago,696361676f,5,147607,alphabetic
2941,␠agre,2061677265,5,146631,leading_space;alphabetic
2983,␠relig,2072656c6967,6,143339,leading_space;alphabetic
2992,merc,6d657263,4,142947,alphabetic
2995,incip,696e636970,5,142822,alphabetic
3007,␠Offic,204f66666963,6,142063,leading_space;alphabetic;capitalized_candidate
3022,␠dou,20646f75,4,141233,leading_space;alphabetic
3053,ource,6f75726365,5,138981,alphabetic
3075,␠candid,2063616e646964,7,137699,leading_space;alphabetic
3102,annel,616e6e656c,5,135581,alphabetic
3105,␠compos,20636f6d706f73,7,135476,leading_space;alphabetic
3108,acters,616374657273,6,135232,alphabetic;suffix_shape
3112,ugby,75676279,4,135113,alphabetic
3113,␠sugg,2073756767,5,135070,leading_space;alphabetic
3115,␠earl,206561726c,5,134928,leading_space;alphabetic
3123,ylvania,796c76616e6961,7,134530,alphabetic
3131,␠subsequ,2073756273657175,8,133961,leading_space;alphabetic
3136,atriate,61747269617465,7,133577,alphabetic
3168,␠respons,20726573706f6e73,8,132115,leading_space;alphabetic
3171,ufact,7566616374,5,131703,alphabetic
3174,porary,706f72617279,6,131577,alphabetic
3183,␠proble,2070726f626c65,7,130858,leading_space;alphabetic
3186,retary,726574617279,6,130623,alphabetic
3190,ublican,75626c6963616e,7,130375,alphabetic
3204,mercial,6d65726369616c,7,129650,alphabetic
3208,ansas,616e736173,5,129470,alphabetic
3222,␠nomin,206e6f6d696e,6,128735,leading_space;alphabetic
3248,sylvania,73796c76616e6961,8,127210,alphabetic
3306,sych,73796368,4,124360,alphabetic
3309,␠minist,206d696e697374,7,124288,leading_space;alphabetic
3320,␠meas,206d656173,5,123814,leading_space;alphabetic
3321,␠neigh,206e65696768,6,123806,leading_space;alphabetic
3324,ersey,6572736579,5,123774,alphabetic
3335,␠contribut,20636f6e747269627574,10,123227,leading_space;alphabetic
3344,␠fif,20666966,4,122688,leading_space;alphabetic
3393,␠achie,206163686965,6,120056,leading_space;alphabetic
3430,ollowing,6f6c6c6f77696e67,8,118327,alphabetic;suffix_shape
3432,Person,506572736f6e,6,118212,alphabetic;capitalized_candidate
3445,inois,696e6f6973,5,117541,alphabetic
3463,␠reve,2072657665,5,116721,leading_space;alphabetic
3490,␠purch,207075726368,6,115685,leading_space;alphabetic
3503,ometimes,6f6d6574696d6573,8,114981,alphabetic
3510,igital,69676974616c,6,114643,alphabetic
3517,unior,756e696f72,5,114367,alphabetic
3538,␠newsp,206e65777370,6,113398,leading_space;alphabetic
3550,amily,616d696c79,5,112899,alphabetic;suffix_shape
3558,␠scient,20736369656e74,7,112660,leading_space;alphabetic
3562,␠Stev,2053746576,5,112497,leading_space;alphabetic;capitalized_candidate
3582,␠investig,20696e766573746967,9,111567,leading_space;alphabetic
3583,Popul,506f70756c,5,111561,alphabetic;capitalized_candidate
3600,speople,7370656f706c65,7,110705,alphabetic
3601,␠Atlant,2041746c616e74,7,110613,leading_space;alphabetic;capitalized_candidate
3608,ecially,656369616c6c79,7,110242,alphabetic;suffix_shape
3623,␠frequ,206672657175,6,109709,leading_space;alphabetic
3655,ancial,616e6369616c,6,108258,alphabetic
3672,␠schol,207363686f6c,6,107491,leading_space;alphabetic
3698,␠territ,20746572726974,7,106628,leading_space;alphabetic
3811,␠veh,20766568,4,102476,leading_space;alphabetic
3827,␠promot,2070726f6d6f74,7,102104,leading_space;alphabetic
3840,oston,6f73746f6e,5,101647,alphabetic
3930,ww,7777,2,98368,alphabetic
3941,stitu,7374697475,5,98029,alphabetic
3996,␠adop,2061646f70,5,96440,leading_space;alphabetic
4038,gypt,67797074,4,95265,alphabetic
4056,␠collabor,20636f6c6c61626f72,9,94600,leading_space;alphabetic
4076,achusetts,616368757365747473,9,93891,alphabetic
4096,occer,6f63636572,5,93179,alphabetic
4102,ulpt,756c7074,4,93103,alphabetic
4110,␠diffic,20646966666963,7,93006,leading_space;alphabetic
4123,␠creat,206372656174,6,92682,leading_space;alphabetic
4124,iginal,6967696e616c,6,92634,alphabetic
4131,abeth,6162657468,5,92406,alphabetic
4135,ackson,61636b736f6e,6,92255,alphabetic
4151,ograp,6f67726170,5,91795,alphabetic
4165,outheast,6f75746865617374,8,91433,alphabetic
4190,␠piec,2070696563,5,90654,leading_space;alphabetic
4192,plement,706c656d656e74,7,90612,alphabetic;suffix_shape
4222,ieuten,69657574656e,6,89865,alphabetic
4228,cean,6365616e,4,89712,alphabetic
4234,␠instr,20696e737472,6,89457,leading_space;alphabetic
4236,␠accom,206163636f6d,6,89443,leading_space;alphabetic
4239,␠cust,2063757374,5,89375,leading_space;alphabetic
4258,tainment,7461696e6d656e74,8,88979,alphabetic;suffix_shape
4270,␠immedi,20696d6d656469,7,88624,leading_space;alphabetic
4289,attal,617474616c,5,87998,alphabetic
4299,olitan,6f6c6974616e,6,87416,alphabetic
4330,␠occas,206f63636173,6,86704,leading_space;alphabetic
4334,emet,656d6574,4,86611,alphabetic
4336,␠chall,206368616c6c,6,86452,leading_space;alphabetic
4339,espite,657370697465,6,86438,alphabetic
4343,innes,696e6e6573,5,86386,alphabetic
4359,Polit,506f6c6974,5,86081,alphabetic;capitalized_candidate
4365,␠institut,20696e737469747574,9,86001,leading_space;alphabetic
4366,apers,6170657273,5,85924,alphabetic;suffix_shape
4368,ieutenant,69657574656e616e74,9,85840,alphabetic
4372,onsin,6f6e73696e,5,85785,alphabetic
4388,isconsin,6973636f6e73696e,8,85518,alphabetic
4407,poration,706f726174696f6e,8,85009,alphabetic;suffix_shape
4414,innesota,696e6e65736f7461,8,84876,alphabetic
4450,␠dise,2064697365,5,83964,leading_space;alphabetic
4459,ortheast,6f72746865617374,8,83745,alphabetic
4479,␠categ,206361746567,6,83241,leading_space;alphabetic
4493,␠citiz,20636974697a,6,82788,leading_space;alphabetic
4509,span,7370616e,4,82482,alphabetic
4519,␠inte,20696e7465,5,82277,leading_space;alphabetic
4555,anguages,616e677561676573,8,81384,alphabetic
4556,vement,76656d656e74,6,81383,alphabetic;suffix_shape
4558,izabeth,697a6162657468,7,81325,alphabetic
4581,selves,73656c766573,6,80990,alphabetic
4621,phia,70686961,4,80024,alphabetic
4624,␠merg,206d657267,5,79992,leading_space;alphabetic
4660,zech,7a656368,4,79198,alphabetic
4665,␠charg,206368617267,6,79085,leading_space;alphabetic
4687,␠constitu,20636f6e7374697475,9,78448,leading_space;alphabetic
4694,adelphia,6164656c70686961,8,78326,alphabetic
4701,␠targ,2074617267,5,78158,leading_space;alphabetic
4702,␠celebr,2063656c656272,7,78134,leading_space;alphabetic
4725,␠partn,20706172746e,6,77607,leading_space;alphabetic
4733,ntario,6e746172696f,6,77421,alphabetic
4761,␠ess,20657373,4,76755,leading_space;alphabetic
4800,undred,756e64726564,6,76038,alphabetic;suffix_shape
4805,emetery,656d6574657279,7,75976,alphabetic
4808,␠surn,207375726e,5,75900,leading_space;alphabetic
4809,//,2f2f,2,75893,contains_symbol
4815,etherlands,65746865726c616e6473,10,75774,alphabetic
4837,␠Syd,20537964,4,75433,leading_space;alphabetic;capitalized_candidate
4847,uilding,75696c64696e67,7,75230,alphabetic;suffix_shape
4867,restling,726573746c696e67,8,74838,alphabetic;suffix_shape
4870,ureau,7572656175,5,74803,alphabetic
4877,␠prin,207072696e,5,74696,leading_space;alphabetic
4897,chestra,63686573747261,7,74266,alphabetic
4905,ibliography,69626c696f677261706879,11,74003,alphabetic
4963,␠Athlet,204174686c6574,7,72750,leading_space;alphabetic;capitalized_candidate
4976,␠confl,20636f6e666c,6,72387,leading_space;alphabetic
4991,attalion,617474616c696f6e,8,72113,alphabetic
5064,Austral,4175737472616c,7,70734,alphabetic;capitalized_candidate
5066,perial,70657269616c,6,70718,alphabetic
5067,urches,757263686573,6,70717,alphabetic
5075,igade,6967616465,5,70567,alphabetic
5124,ipment,69706d656e74,6,69510,alphabetic;suffix_shape
5128,␠athlet,206174686c6574,7,69437,leading_space;alphabetic
5157,acew,61636577,4,68897,alphabetic
5161,vanced,76616e636564,6,68846,alphabetic;suffix_shape
5180,edom,65646f6d,4,68500,alphabetic
5190,lementary,6c656d656e74617279,9,68329,alphabetic
5195,␠agric,206167726963,6,68253,leading_space;alphabetic
5219,error,6572726f72,5,67995,alphabetic
5233,respond,726573706f6e64,7,67614,alphabetic
5247,␠funct,2066756e6374,6,67417,leading_space;alphabetic
5263,apore,61706f7265,5,67136,alphabetic
5267,ennessee,656e6e6573736565,8,67017,alphabetic
5280,ternet,7465726e6574,6,66872,alphabetic
5285,wegian,77656769616e,6,66792,alphabetic
5290,ocese,6f63657365,5,66729,alphabetic
5294,␠Indones,20496e646f6e6573,8,66668,leading_space;alphabetic;capitalized_candidate
5296,esign,657369676e,5,66477,alphabetic
5301,␠weap,2077656170,5,66400,leading_space;alphabetic
5305,␠withd,207769746864,6,66287,leading_space;alphabetic
5307,ydro,7964726f,4,66211,alphabetic
5340,␠behav,206265686176,6,65671,leading_space;alphabetic
5356,␠vot,20766f74,4,65523,leading_space;alphabetic
5379,␠Indust,20496e64757374,7,65095,leading_space;alphabetic;capitalized_candidate
5415,hemat,68656d6174,5,64579,alphabetic
5426,rizona,72697a6f6e61,6,64428,alphabetic
5432,␠affili,20616666696c69,7,64335,leading_space;alphabetic
5437,␠controvers,20636f6e74726f76657273,11,64285,leading_space;alphabetic
5456,efe,656665,3,64023,alphabetic
5482,fef,666566,3,63732,alphabetic
5511,regon,7265676f6e,5,63324,alphabetic
5513,␠Spacew,20537061636577,7,63302,leading_space;alphabetic;capitalized_candidate
5520,␠opportun,206f70706f7274756e,9,63246,leading_space;alphabetic
5544,␠cerem,20636572656d,6,62830,leading_space;alphabetic
5562,␠symb,2073796d62,5,62606,leading_space;alphabetic
5563,ronze,726f6e7a65,5,62597,alphabetic
5568,ervative,6572766174697665,8,62465,alphabetic
5572,ambig,616d626967,5,62382,alphabetic
5586,unte,756e7465,4,62096,alphabetic
5589,␠Municip,204d756e69636970,8,62085,leading_space;alphabetic;capitalized_candidate
5592,igenous,6967656e6f7573,7,62032,alphabetic
5615,cow,636f77,3,61801,alphabetic
5627,␠perman,207065726d616e,7,61531,leading_space;alphabetic
5659,iplom,69706c6f6d,5,61131,alphabetic
5664,raq,726171,3,61102,alphabetic
5701,ambiguation,616d626967756174696f6e,11,60556,alphabetic;suffix_shape
5710,␠Budd,2042756464,5,60475,leading_space;alphabetic;capitalized_candidate
5745,␠sevent,20736576656e74,7,59837,leading_space;alphabetic
5756,␠journ,206a6f75726e,6,59621,leading_space;alphabetic
5776,␠conclud,20636f6e636c7564,8,59407,leading_space;alphabetic
5780,Ital,4974616c,4,59344,alphabetic;capitalized_candidate
5782,elligence,656c6c6967656e6365,9,59322,alphabetic
5826,iminal,696d696e616c,6,58745,alphabetic
5829,␠vess,2076657373,5,58716,leading_space;alphabetic
5840,uguese,756775657365,6,58525,alphabetic
5848,␠Malays,204d616c617973,7,58371,leading_space;alphabetic;capitalized_candidate
5849,␠elim,20656c696d,5,58332,leading_space;alphabetic
5870,fficial,6666696369616c,7,58031,alphabetic
5876,incoln,696e636f6c6e,6,57889,alphabetic
5884,␠concent,20636f6e63656e74,8,57808,leading_space;alphabetic
5904,␠Administ,2041646d696e697374,9,57533,leading_space;alphabetic;capitalized_candidate
5908,rainian,7261696e69616e,7,57472,alphabetic
5918,mitted,6d6974746564,6,57434,alphabetic;suffix_shape
5925,panic,70616e6963,5,57330,alphabetic
5930,lahoma,6c61686f6d61,6,57305,alphabetic
5939,␠strugg,20737472756767,7,57122,leading_space;alphabetic
5978,␠encour,20656e636f7572,7,56512,leading_space;alphabetic
5982,ippi,69707069,4,56478,alphabetic
5997,VID,564944,3,56321,alphabetic
6005,abama,6162616d61,5,56266,alphabetic
6020,␠thous,2074686f7573,6,55968,leading_space;alphabetic
6022,ictional,696374696f6e616c,8,55933,alphabetic
6025,wealth,7765616c7468,6,55899,alphabetic
6045,amilton,616d696c746f6e,7,55585,alphabetic
6062,uildings,75696c64696e6773,8,55354,alphabetic
6073,␠spons,2073706f6e73,6,55164,leading_space;alphabetic
6077,econd,65636f6e64,5,55081,alphabetic
6084,␠restaur,2072657374617572,8,54996,leading_space;alphabetic
6090,ectic,6563746963,5,54944,alphabetic
6146,␠disestabl,2064697365737461626c,10,54341,leading_space;alphabetic
6164,issippi,69737369707069,7,54102,alphabetic
6229,appen,617070656e,5,53257,alphabetic
6231,␠carri,206361727269,6,53251,leading_space;alphabetic
6235,␠Armen,2041726d656e,6,53174,leading_space;alphabetic;capitalized_candidate
6239,ottom,6f74746f6d,5,53141,alphabetic
6251,itzerland,69747a65726c616e64,9,52981,alphabetic
6271,glas,676c6173,4,52774,alphabetic
6332,allery,616c6c657279,6,52009,alphabetic
6333,␠mom,206d6f6d,4,51996,leading_space;alphabetic
6341,ecticut,65637469637574,7,51870,alphabetic
6374,amilies,616d696c696573,7,51504,alphabetic
6375,roit,726f6974,4,51483,alphabetic
6405,ovak,6f76616b,4,51267,alphabetic
6424,portation,706f72746174696f6e,9,51034,alphabetic;suffix_shape
6440,␠locomot,206c6f636f6d6f74,8,50920,leading_space;alphabetic
6464,␠Pict,2050696374,5,50623,leading_space;alphabetic;capitalized_candidate
6470,iami,69616d69,4,50559,alphabetic
6472,achelor,616368656c6f72,7,50523,alphabetic
6478,␠eas,20656173,4,50434,leading_space;alphabetic
6490,bums,62756d73,4,50260,alphabetic
6494,everal,65766572616c,6,50233,alphabetic
6527,escription,65736372697074696f6e,10,49907,alphabetic;suffix_shape
6549,␠nob,206e6f62,4,49716,leading_space;alphabetic
6554,␠Territ,20546572726974,7,49693,leading_space;alphabetic;capitalized_candidate
6583,␠LINE,204c494e45,5,49457,leading_space;alphabetic
6589,uerto,756572746f,5,49335,alphabetic
6605,␠diplom,206469706c6f6d,7,49135,leading_space;alphabetic
6624,␠samp,2073616d70,5,48924,leading_space;alphabetic
6632,elve,656c7665,4,48820,alphabetic
6635,imens,696d656e73,5,48773,alphabetic
6643,iversary,6976657273617279,8,48684,alphabetic
6672,␠challeng,206368616c6c656e67,9,48406,leading_space;alphabetic
6675,elsh,656c7368,4,48387,alphabetic
6707,␠seg,20736567,4,48084,leading_space;alphabetic
6708,incorporated,696e636f72706f7261746564,12,48076,alphabetic;suffix_shape
6719,ieval,696576616c,5,47963,alphabetic
6727,␠consum,20636f6e73756d,7,47869,leading_space;alphabetic
6742,edition,65646974696f6e,7,47692,alphabetic;suffix_shape
6749,␠defin,20646566696e,6,47594,leading_space;alphabetic
6767,␠resear,20726573656172,7,47478,leading_space;alphabetic
6786,␠Croat,2043726f6174,6,47231,leading_space;alphabetic;capitalized_candidate
6787,evin,6576696e,4,47228,alphabetic
6789,␠Colomb,20436f6c6f6d62,7,47225,leading_space;alphabetic;capitalized_candidate
6794,agues,6167756573,5,47183,alphabetic
6804,odox,6f646f78,4,47127,alphabetic
6812,tters,7474657273,5,47033,alphabetic;suffix_shape
6816,inguished,696e67756973686564,9,46969,alphabetic;suffix_shape
6825,␠exclus,206578636c7573,7,46888,leading_space;alphabetic
6836,owntown,6f776e746f776e,7,46796,alphabetic
6849,risis,7269736973,5,46698,alphabetic
6870,␠Eag,20456167,4,46522,leading_space;alphabetic;capitalized_candidate
6880,␠cho,2063686f,4,46410,leading_space;alphabetic
6889,␠Bangl,2042616e676c,6,46318,leading_space;alphabetic;capitalized_candidate
6909,␠inaug,20696e617567,6,46118,leading_space;alphabetic
6910,␠coord,20636f6f7264,6,46114,leading_space;alphabetic
6912,␠Bulg,2042756c67,5,46112,leading_space;alphabetic;capitalized_candidate
6915,leveland,6c6576656c616e64,8,46084,alphabetic
6918,␠Lank,204c616e6b,5,46039,leading_space;alphabetic;capitalized_candidate
6946,inburgh,696e6275726768,7,45807,alphabetic
6968,␠auth,2061757468,5,45596,leading_space;alphabetic
6976,␠compris,20636f6d70726973,8,45535,leading_space;alphabetic
7000,gency,67656e6379,5,45356,alphabetic
7044,␠propos,2070726f706f73,7,44986,leading_space;alphabetic
7049,␠bey,20626579,4,44952,leading_space;alphabetic
7052,␠recip,207265636970,6,44901,leading_space;alphabetic
7090,Flor,466c6f72,4,44577,alphabetic;capitalized_candidate
7094,seud,73657564,4,44555,alphabetic
7105,␠merch,206d65726368,6,44460,leading_space;alphabetic
7109,ttp,747470,3,44400,alphabetic
7127,tsburgh,74736275726768,7,44172,alphabetic
7130,atab,61746162,4,44147,alphabetic
7139,␠Ern,2045726e,4,44054,leading_space;alphabetic;capitalized_candidate
7157,imore,696d6f7265,5,43912,alphabetic
7173,␠franch,206672616e6368,7,43718,leading_space;alphabetic
7180,GBT,474254,3,43657,alphabetic
7198,thodox,74686f646f78,6,43527,alphabetic
7252,␠spok,2073706f6b,5,43114,leading_space;alphabetic
7262,␠arrang,20617272616e67,7,43017,leading_space;alphabetic
7269,erbai,6572626169,5,42942,alphabetic
7271,ishops,6973686f7073,6,42920,alphabetic
7293,␠compar,20636f6d706172,7,42715,leading_space;alphabetic
7294,umbent,756d62656e74,6,42704,alphabetic
7296,nergy,6e65726779,5,42662,alphabetic
7309,␠Palest,2050616c657374,7,42541,leading_space;alphabetic;capitalized_candidate
7325,␠marg,206d617267,5,42431,leading_space;alphabetic
7328,ridges,726964676573,6,42400,alphabetic
7331,␠Phill,205068696c6c,6,42372,leading_space;alphabetic;capitalized_candidate
7338,issance,697373616e6365,7,42308,alphabetic
7369,␠diam,206469616d,5,42122,leading_space;alphabetic
7379,␠advant,20616476616e74,7,42069,leading_space;alphabetic
7402,␠pione,2070696f6e65,6,41869,leading_space;alphabetic
7420,ithuan,69746875616e,6,41695,alphabetic
7436,vements,76656d656e7473,7,41588,alphabetic
7440,rastructure,7261737472756374757265,11,41552,alphabetic
7444,ghan,6768616e,4,41490,alphabetic
7453,ournament,6f75726e616d656e74,9,41396,alphabetic;suffix_shape
7459,azines,617a696e6573,6,41312,alphabetic
7464,␠colleg,20636f6c6c6567,7,41282,leading_space;alphabetic
7465,␠decre,206465637265,6,41276,leading_space;alphabetic
7466,antasy,616e74617379,6,41263,alphabetic
7473,␠Hawai,204861776169,6,41123,leading_space;alphabetic;capitalized_candidate
7475,ailand,61696c616e64,6,41078,alphabetic
7493,usal,7573616c,4,40959,alphabetic
7498,intend,696e74656e64,6,40924,alphabetic
7536,␠reserv,20726573657276,7,40615,leading_space;alphabetic
7554,␠pand,2070616e64,5,40517,leading_space;alphabetic
7565,␠experien,20657870657269656e,9,40440,leading_space;alphabetic
7589,␠crow,2063726f77,5,40206,leading_space;alphabetic
7605,␠roc,20726f63,4,40126,leading_space;alphabetic
7617,kee,6b6565,3,40032,alphabetic
7620,␠advoc,206164766f63,6,40018,leading_space;alphabetic
7644,igious,6967696f7573,6,39830,alphabetic
7647,␠Clin,20436c696e,5,39803,leading_space;alphabetic;capitalized_candidate
7651,nold,6e6f6c64,4,39779,alphabetic
7658,eties,6574696573,5,39729,alphabetic
7660,␠effic,206566666963,6,39716,leading_space;alphabetic
7661,ellows,656c6c6f7773,6,39710,alphabetic
7672,enezuel,656e657a75656c,7,39621,alphabetic
7676,\x88\x92,8892,2,39612,contains_symbol
7695,duces,6475636573,5,39472,alphabetic
7703,␠volunte,20766f6c756e7465,8,39438,leading_space;alphabetic
7731,␠varian,2076617269616e,7,39300,leading_space;alphabetic
7732,istol,6973746f6c,5,39299,alphabetic
7736,ivalent,6976616c656e74,7,39246,alphabetic
7759,␠nick,206e69636b,5,39025,leading_space;alphabetic
7761,hematics,68656d6174696373,8,39015,alphabetic
7779,␠archae,20617263686165,7,38893,leading_space;alphabetic
7785,aughters,6175676874657273,8,38865,alphabetic;suffix_shape
7789,ugoslav,75676f736c6176,7,38856,alphabetic
7806,␠opin,206f70696e,5,38719,leading_space;alphabetic
7807,urday,7572646179,5,38716,alphabetic
7808,␠ancest,20616e63657374,7,38711,leading_space;alphabetic
7839,Mich,4d696368,4,38532,alphabetic;capitalized_candidate
7843,␠licens,206c6963656e73,7,38520,leading_space;alphabetic
7855,␠announc,20616e6e6f756e63,8,38439,leading_space;alphabetic
7867,mingham,6d696e6768616d,7,38380,alphabetic
7889,assador,61737361646f72,7,38253,alphabetic
7923,␠ille,20696c6c65,5,38014,leading_space;alphabetic
7924,file,66696c65,4,37994,alphabetic
7949,insula,696e73756c61,6,37853,alphabetic
7954,endment,656e646d656e74,7,37786,alphabetic;suffix_shape
7956,␠Azerbai,20417a6572626169,8,37779,leading_space;alphabetic;capitalized_candidate
7978,thm,74686d,3,37573,alphabetic
7988,␠emot,20656d6f74,5,37457,leading_space;alphabetic
8018,ovation,6f766174696f6e,7,37258,alphabetic;suffix_shape
8022,␠upd,20757064,4,37236,leading_space;alphabetic
8027,EFA,454641,3,37179,alphabetic
8039,␠proced,2070726f636564,7,37122,leading_space;alphabetic
8053,␠Agric,204167726963,6,37045,leading_space;alphabetic;capitalized_candidate
8054,␠exerc,206578657263,6,37033,leading_space;alphabetic
8060,ategy,6174656779,5,36959,alphabetic
8084,ebraska,65627261736b61,7,36853,alphabetic
8105,␠neighbour,206e65696768626f7572,10,36649,leading_space;alphabetic
8109,␠surg,2073757267,5,36624,leading_space;alphabetic
8122,avalry,6176616c7279,6,36569,alphabetic
8152,␠Camer,2043616d6572,6,36314,leading_space;alphabetic;capitalized_candidate
8172,␠premi,207072656d69,6,36160,leading_space;alphabetic
8203,leans,6c65616e73,5,35966,alphabetic
8219,␠consequ,20636f6e73657175,8,35845,leading_space;alphabetic
8227,orkshire,6f726b7368697265,8,35822,alphabetic
8242,leyball,6c657962616c6c,7,35749,alphabetic
8259,fessional,66657373696f6e616c,9,35621,alphabetic
8260,roke,726f6b65,4,35617,alphabetic
8294,irates,697261746573,6,35437,alphabetic
8317,aptist,617074697374,6,35300,alphabetic
8319,␠Glas,20476c6173,5,35287,leading_space;alphabetic;capitalized_candidate
8329,atabase,61746162617365,7,35240,alphabetic
8331,␠imprison,20696d707269736f6e,9,35231,leading_space;alphabetic
8333,Afric,4166726963,5,35212,alphabetic;capitalized_candidate
8341,ranean,72616e65616e,6,35168,alphabetic
8342,␠insc,20696e7363,5,35159,leading_space;alphabetic
8373,ommod,6f6d6d6f64,5,34970,alphabetic
8375,␠ans,20616e73,4,34967,leading_space;alphabetic
8381,␠Confeder,20436f6e6665646572,9,34910,leading_space;alphabetic;capitalized_candidate
8387,␠submar,207375626d6172,7,34875,leading_space;alphabetic
8396,␠YouT,20596f7554,5,34839,leading_space;alphabetic;capitalized_candidate
8397,␠displ,20646973706c,6,34830,leading_space;alphabetic
8464,itime,6974696d65,5,34414,alphabetic
8477,␠Venezuel,2056656e657a75656c,9,34317,leading_space;alphabetic;capitalized_candidate
8491,plete,706c657465,5,34249,alphabetic
8516,iggest,696767657374,6,34119,alphabetic
8537,␠Lithuan,204c69746875616e,8,34026,leading_space;alphabetic;capitalized_candidate
8543,fecture,66656374757265,7,34013,alphabetic
8548,audi,61756469,4,33973,alphabetic
8554,␠nickn,206e69636b6e,6,33908,leading_space;alphabetic
8555,resents,726573656e7473,7,33902,alphabetic
8558,␠unsuccess,20756e73756363657373,10,33872,leading_space;alphabetic
8567,inces,696e636573,5,33786,alphabetic
8592,astery,617374657279,6,33640,alphabetic
8594,cyclop,6379636c6f70,6,33625,alphabetic
8596,␠Leban,204c6562616e,6,33616,leading_space;alphabetic;capitalized_candidate
8597,isode,69736f6465,5,33613,alphabetic
8643,iege,69656765,4,33372,alphabetic
8644,␠releg,2072656c6567,6,33372,leading_space;alphabetic
8675,jamin,6a616d696e,5,33241,alphabetic
8691,auty,61757479,4,33137,alphabetic
8743,iterranean,6974657272616e65616e,10,32840,alphabetic
8756,jab,6a6162,3,32792,alphabetic
8778,␠cous,20636f7573,5,32694,leading_space;alphabetic
8779,ilst,696c7374,4,32684,alphabetic
8782,ibbean,69626265616e,6,32654,alphabetic
8797,␠incorpor,20696e636f72706f72,9,32583,leading_space;alphabetic
8804,gressive,6772657373697665,8,32549,alphabetic
8808,aired,6169726564,5,32539,alphabetic;suffix_shape
8815,mphony,6d70686f6e79,6,32495,alphabetic
8818,␠inher,20696e686572,6,32456,leading_space;alphabetic
8824,ouncill,6f756e63696c6c,7,32424,alphabetic
8825,␠somew,20736f6d6577,6,32410,leading_space;alphabetic
8855,incinn,696e63696e6e,6,32190,alphabetic
8863,annels,616e6e656c73,6,32133,alphabetic
8865,ouver,6f75766572,5,32130,alphabetic
8871,tenance,74656e616e6365,7,32112,alphabetic
8877,oenix,6f656e6978,5,32059,alphabetic
8897,␠accur,206163637572,6,31942,leading_space;alphabetic
8905,xts,787473,3,31888,alphabetic
8912,␠kilomet,206b696c6f6d6574,8,31852,leading_space;alphabetic
8927,ricane,726963616e65,6,31772,alphabetic
8937,usalem,7573616c656d,6,31689,alphabetic
8939,orce,6f726365,4,31684,alphabetic
8946,incinnati,696e63696e6e617469,9,31662,alphabetic
8960,heme,68656d65,4,31570,alphabetic
8989,ickets,69636b657473,6,31367,alphabetic
9043,hattan,68617474616e,6,31130,alphabetic
9059,itects,697465637473,6,31075,alphabetic
9088,␠descend,2064657363656e64,8,30912,leading_space;alphabetic
9103,eoples,656f706c6573,6,30865,alphabetic
9120,idency,6964656e6379,6,30760,alphabetic
9138,␠unus,20756e7573,5,30689,leading_space;alphabetic
9145,itecture,6974656374757265,8,30613,alphabetic
9155,␠danc,2064616e63,5,30554,leading_space;alphabetic
9201,␠stret,207374726574,6,30338,leading_space;alphabetic
9269,␠depos,206465706f73,6,29958,leading_space;alphabetic
9276,ancouver,616e636f75766572,8,29905,alphabetic
9285,␠integ,20696e746567,6,29846,leading_space;alphabetic
9291,␠destr,206465737472,6,29801,leading_space;alphabetic
9298,␠surre,207375727265,6,29782,leading_space;alphabetic
9300,essions,657373696f6e73,7,29757,alphabetic
9301,Jos,4a6f73,3,29753,alphabetic;capitalized_candidate
9332,␠manusc,206d616e757363,7,29623,leading_space;alphabetic
9333,␠jurisd,206a7572697364,7,29620,leading_space;alphabetic
9336,␠Jama,204a616d61,5,29607,leading_space;alphabetic;capitalized_candidate
9346,anim,616e696d,4,29576,alphabetic
9347,isition,69736974696f6e,7,29572,alphabetic;suffix_shape
9362,␠vert,2076657274,5,29498,leading_space;alphabetic
9366,celona,63656c6f6e61,6,29479,alphabetic
9374,istani,697374616e69,6,29452,alphabetic
9403,␠Eston,204573746f6e,6,29348,leading_space;alphabetic;capitalized_candidate
9411,␠Concer,20436f6e636572,7,29310,leading_space;alphabetic;capitalized_candidate
9418,elaide,656c61696465,6,29264,alphabetic
9448,ilarly,696c61726c79,6,29126,alphabetic;suffix_shape
9453,Hen,48656e,3,29096,alphabetic;capitalized_candidate
9454,␠alco,20616c636f,5,29096,leading_space;alphabetic
9457,␠Protest,2050726f74657374,8,29080,leading_space;alphabetic;capitalized_candidate
9460,uckland,75636b6c616e64,7,29068,alphabetic
9461,␠subsidi,2073756273696469,8,29066,leading_space;alphabetic
9489,␠Rena,2052656e61,5,28937,leading_space;alphabetic;capitalized_candidate
9494,ttps,74747073,4,28907,alphabetic
9503,celand,63656c616e64,6,28843,alphabetic
9505,ducational,6475636174696f6e616c,10,28839,alphabetic
9506,ijing,696a696e67,5,28839,alphabetic;suffix_shape
9512,uador,7561646f72,5,28801,alphabetic
9521,ipients,697069656e7473,7,28763,alphabetic
9537,stery,7374657279,5,28661,alphabetic
9579,verseas,76657273656173,7,28510,alphabetic
9598,reprene,72657072656e65,7,28431,alphabetic
9611,ribute,726962757465,6,28351,alphabetic
9633,ountry,6f756e747279,6,28277,alphabetic
9655,␠rif,20726966,4,28168,leading_space;alphabetic
9656,rior,72696f72,4,28168,alphabetic
9666,␠ori,206f7269,4,28108,leading_space;alphabetic
9703,␠wides,207769646573,6,27938,leading_space;alphabetic
9721,ictionary,696374696f6e617279,9,27884,alphabetic
9740,phib,70686962,4,27818,alphabetic
9748,␠beet,2062656574,5,27783,leading_space;alphabetic
9756,fielder,6669656c646572,7,27752,alphabetic
9762,pread,7072656164,5,27722,alphabetic
9822,\x86\x92,8692,2,27475,contains_symbol
9828,␠phr,20706872,4,27457,leading_space;alphabetic
9856,␠shif,2073686966,5,27322,leading_space;alphabetic
9861,ellectual,656c6c65637475616c,9,27302,alphabetic
9865,sterdam,7374657264616d,7,27276,alphabetic
9874,␠recept,20726563657074,7,27251,leading_space;alphabetic
9905,␠Alger,20416c676572,6,27104,leading_space;alphabetic;capitalized_candidate
9914,␠pregn,20707265676e,6,27059,leading_space;alphabetic
9920,alph,616c7068,4,27039,alphabetic
9921,cular,63756c6172,5,27038,alphabetic
9939,agre,61677265,4,26960,alphabetic
9943,␠contr,20636f6e7472,6,26937,leading_space;alphabetic
9948,aukee,61756b6565,5,26909,alphabetic
9952,␠prompt,2070726f6d7074,7,26899,leading_space;alphabetic
9956,math,6d617468,4,26881,alphabetic
9962,gom,676f6d,3,26860,alphabetic
9970,ilty,696c7479,4,26811,alphabetic
9976,Hung,48756e67,4,26787,alphabetic;capitalized_candidate
9991,␠celeb,2063656c6562,6,26735,leading_space;alphabetic
10000,ovakia,6f76616b6961,6,26688,alphabetic
10008,␠tribut,20747269627574,7,26651,leading_space;alphabetic
10012,␠bacter,20626163746572,7,26637,leading_space;alphabetic
10039,␠extens,20657874656e73,7,26525,leading_space;alphabetic
10052,angerous,616e6765726f7573,8,26491,alphabetic
10055,␠atmosp,2061746d6f7370,7,26476,leading_space;alphabetic
10060,Athlet,4174686c6574,6,26462,alphabetic;capitalized_candidate
10082,igrated,69677261746564,7,26376,alphabetic;suffix_shape
10091,␠philos,207068696c6f73,7,26333,leading_space;alphabetic
10133,ultane,756c74616e65,6,26182,alphabetic
10136,␠Ethiop,20457468696f70,7,26179,leading_space;alphabetic;capitalized_candidate
10149,␠colle,20636f6c6c65,6,26143,leading_space;alphabetic
10156,waukee,7761756b6565,6,26115,alphabetic
10157,ounsel,6f756e73656c,6,26115,alphabetic
10163,␠Moroc,204d6f726f63,6,26106,leading_space;alphabetic;capitalized_candidate
10165,␠bes,20626573,4,26104,leading_space;alphabetic
10174,␠tas,20746173,4,26074,leading_space;alphabetic
10177,␠acknow,2061636b6e6f77,7,26058,leading_space;alphabetic
10194,igible,696769626c65,6,25992,alphabetic;suffix_shape
10231,udden,756464656e,5,25871,alphabetic
10234,Swed,53776564,4,25859,alphabetic;capitalized_candidate
10280,species,73706563696573,7,25699,alphabetic
10281,keley,6b656c6579,5,25687,alphabetic
10307,␠tempor,2074656d706f72,7,25578,leading_space;alphabetic
10339,ulner,756c6e6572,5,25485,alphabetic
10344,mediate,6d656469617465,7,25478,alphabetic
10390,ducer,6475636572,5,25319,alphabetic
10391,elfare,656c66617265,6,25318,alphabetic
10392,ilipino,696c6970696e6f,7,25317,alphabetic
10393,␠foss,20666f7373,5,25316,leading_space;alphabetic
10432,gorith,676f72697468,6,25162,alphabetic
10435,␠persp,207065727370,6,25158,leading_space;alphabetic
10436,␠Rif,20526966,4,25155,leading_space;alphabetic;capitalized_candidate
10446,ixon,69786f6e,4,25112,alphabetic
10452,␠proport,2070726f706f7274,8,25092,leading_space;alphabetic
10464,ntil,6e74696c,4,25055,alphabetic
10483,␠predecess,20707265646563657373,10,24995,leading_space;alphabetic
10497,␠signif,207369676e6966,7,24951,leading_space;alphabetic
10507,ellion,656c6c696f6e,6,24917,alphabetic
10530,␠earthqu,2065617274687175,8,24838,leading_space;alphabetic
10559,␠excell,20657863656c6c,7,24757,leading_space;alphabetic
10560,␠Sask,205361736b,5,24742,leading_space;alphabetic;capitalized_candidate
10567,gomery,676f6d657279,6,24735,alphabetic
10571,icance,6963616e6365,6,24728,alphabetic
10582,␠undert,20756e64657274,7,24681,leading_space;alphabetic
10631,␠Bav,20426176,4,24471,leading_space;alphabetic;capitalized_candidate
10637,␠nurs,206e757273,5,24443,leading_space;alphabetic
10656,nex,6e6578,3,24392,alphabetic
10659,mpt,6d7074,3,24373,alphabetic
10676,␠wat,20776174,4,24313,leading_space;alphabetic
10683,hematic,68656d61746963,7,24300,alphabetic
10697,ershire,65727368697265,7,24260,alphabetic
10698,itially,697469616c6c79,7,24256,alphabetic;suffix_shape
10705,terior,746572696f72,6,24224,alphabetic
10728,itual,697475616c,5,24143,alphabetic
10741,theless,7468656c657373,7,24105,alphabetic
10748,uable,7561626c65,5,24091,alphabetic;suffix_shape
10754,␠holid,20686f6c6964,6,24062,leading_space;alphabetic
10757,␠recru,207265637275,6,24049,leading_space;alphabetic
10766,␠Antar,20416e746172,6,24026,leading_space;alphabetic;capitalized_candidate
10768,␠Byz,2042797a,4,24017,leading_space;alphabetic;capitalized_candidate
10776,erala,6572616c61,5,23988,alphabetic
10822,erally,6572616c6c79,6,23842,alphabetic;suffix_shape
10844,aseball,61736562616c6c,7,23718,alphabetic
10854,␠excav,206578636176,6,23682,leading_space;alphabetic
10855,erset,6572736574,5,23681,alphabetic
10869,rehensive,726568656e73697665,9,23647,alphabetic
10876,ront,726f6e74,4,23630,alphabetic
10884,␠resemb,20726573656d62,7,23602,leading_space;alphabetic
10891,tingham,74696e6768616d,7,23578,alphabetic
10926,abric,6162726963,5,23456,alphabetic
10934,ffbb,66666262,4,23419,alphabetic
10950,arged,6172676564,5,23360,alphabetic;suffix_shape
10956,␠simultane,2073696d756c74616e65,10,23346,leading_space;alphabetic
10962,␠swit,2073776974,5,23330,leading_space;alphabetic
10967,ffield,666669656c64,6,23312,alphabetic
10974,␠libr,206c696272,5,23288,leading_space;alphabetic
10988,␠phenomen,207068656e6f6d656e,9,23258,leading_space;alphabetic
10998,␠Bruns,204272756e73,6,23220,leading_space;alphabetic;capitalized_candidate
11000,alymp,616c796d70,5,23219,alphabetic
11048,␠gymn,2067796d6e,5,23028,leading_space;alphabetic
11059,dess,64657373,4,23012,alphabetic
11070,overe,6f76657265,5,22973,alphabetic
11075,␠renov,2072656e6f76,6,22967,leading_space;alphabetic
11085,␠surviv,20737572766976,7,22920,leading_space;alphabetic
11104,roat,726f6174,4,22848,alphabetic
11132,okie,6f6b6965,4,22766,alphabetic
11160,␠Celt,2043656c74,5,22694,leading_space;alphabetic;capitalized_candidate
11161,iour,696f7572,4,22687,alphabetic
11174,ullivan,756c6c6976616e,7,22652,alphabetic
11179,␠algorith,20616c676f72697468,9,22640,leading_space;alphabetic
11198,ardens,617264656e73,6,22602,alphabetic
11200,ivic,69766963,4,22600,alphabetic
11203,␠reven,20726576656e,6,22596,leading_space;alphabetic
11215,namese,6e616d657365,6,22543,alphabetic
11226,␠helic,2068656c6963,6,22514,leading_space;alphabetic
11254,sequently,73657175656e746c79,9,22400,alphabetic;suffix_shape
11264,itars,6974617273,5,22375,alphabetic
11292,umberland,756d6265726c616e64,9,22284,alphabetic
11303,onomous,6f6e6f6d6f7573,7,22255,alphabetic
11307,␠congreg,20636f6e67726567,8,22247,leading_space;alphabetic
11325,inceton,696e6365746f6e,7,22203,alphabetic
11335,␠entreprene,20656e7472657072656e65,11,22185,leading_space;alphabetic
11338,amep,616d6570,4,22175,alphabetic
11361,velt,76656c74,4,22113,alphabetic
11373,␠sympt,2073796d7074,6,22084,leading_space;alphabetic
11395,ifinals,6966696e616c73,7,22032,alphabetic
11396,igion,6967696f6e,5,22029,alphabetic
11408,akespe,616b65737065,6,22003,alphabetic
11409,␠thir,2074686972,5,22001,leading_space;alphabetic
11418,hematical,68656d61746963616c,9,21972,alphabetic
11432,akespeare,616b65737065617265,9,21938,alphabetic
11436,byter,6279746572,5,21922,alphabetic
11460,eing,65696e67,4,21843,alphabetic;suffix_shape
11494,␠upgr,2075706772,5,21772,leading_space;alphabetic
11502,agonist,61676f6e697374,7,21752,alphabetic
11503,atchewan,617463686577616e,8,21752,alphabetic
11512,␠Sloven,20536c6f76656e,7,21732,leading_space;alphabetic;capitalized_candidate
11523,Mex,4d6578,3,21704,alphabetic;capitalized_candidate
11565,airo,6169726f,4,21588,alphabetic
11574,ammals,616d6d616c73,6,21562,alphabetic
11580,␠Treas,205472656173,6,21538,leading_space;alphabetic;capitalized_candidate
11594,ephew,6570686577,5,21505,alphabetic
11595,Argent,417267656e74,6,21493,alphabetic;capitalized_candidate
11598,allest,616c6c657374,6,21483,alphabetic
11627,rieved,726965766564,6,21414,alphabetic;suffix_shape
11652,␠Brisb,204272697362,6,21342,leading_space;alphabetic;capitalized_candidate
11657,Sched,5363686564,5,21319,alphabetic;capitalized_candidate
11669,␠mathematic,206d617468656d61746963,11,21289,leading_space;alphabetic
11676,␠accomp,206163636f6d70,7,21253,leading_space;alphabetic
11678,iago,6961676f,4,21249,alphabetic
11716,osevelt,6f736576656c74,7,21144,alphabetic
11724,anion,616e696f6e,5,21130,alphabetic
11725,prus,70727573,4,21130,alphabetic
11729,entle,656e746c65,5,21125,alphabetic
11736,ovina,6f76696e61,5,21113,alphabetic
11741,levard,6c6576617264,6,21104,alphabetic
11746,rawn,7261776e,4,21093,alphabetic
11766,␠inhab,20696e686162,6,21011,leading_space;alphabetic
11768,pring,7072696e67,5,20993,alphabetic;suffix_shape
11797,ussels,757373656c73,6,20919,alphabetic
11810,␠Napole,204e61706f6c65,7,20899,leading_space;alphabetic;capitalized_candidate
11825,ffee,66666565,4,20846,alphabetic
11840,oyage,6f79616765,5,20810,alphabetic
11874,minist,6d696e697374,6,20726,alphabetic
11935,umbai,756d626169,5,20558,alphabetic
11960,␠aster,206173746572,6,20514,leading_space;alphabetic
11995,eor,656f72,3,20445,alphabetic
11997,␠astronom,20617374726f6e6f6d,9,20435,leading_space;alphabetic
11999,ameplay,616d65706c6179,7,20429,alphabetic
12009,␠sket,20736b6574,5,20383,leading_space;alphabetic
12010,␠guar,2067756172,5,20380,leading_space;alphabetic
12030,Uk,556b,2,20320,alphabetic;capitalized_candidate
12038,␠femin,2066656d696e,6,20308,leading_space;alphabetic
12060,ospel,6f7370656c,5,20258,alphabetic
12063,bug,627567,3,20241,alphabetic
12068,␠innov,20696e6e6f76,6,20234,leading_space;alphabetic
12069,␠Tasman,205461736d616e,7,20232,leading_space;alphabetic;capitalized_candidate
12079,aude,61756465,4,20207,alphabetic
12094,␠ninet,206e696e6574,6,20173,leading_space;alphabetic
12102,appe,61707065,4,20166,alphabetic
12106,␠Urugu,205572756775,6,20157,leading_space;alphabetic;capitalized_candidate
12165,enhagen,656e686167656e,7,20005,alphabetic
12166,␠absor,206162736f72,6,19990,leading_space;alphabetic
12171,ashire,617368697265,6,19985,alphabetic
12177,monton,6d6f6e746f6e,6,19972,alphabetic
12186,␠referend,207265666572656e64,9,19946,leading_space;alphabetic
12194,␠prosp,2070726f7370,6,19924,leading_space;alphabetic
12203,intendent,696e74656e64656e74,9,19888,alphabetic
12210,␠geomet,2067656f6d6574,7,19867,leading_space;alphabetic
12215,␠els,20656c73,4,19862,leading_space;alphabetic
12218,␠absol,206162736f6c,6,19862,leading_space;alphabetic
12219,␠Colleg,20436f6c6c6567,7,19857,leading_space;alphabetic;capitalized_candidate
12223,ibilities,6962696c6974696573,9,19850,alphabetic
12256,␠Deuts,204465757473,6,19758,leading_space;alphabetic;capitalized_candidate
12264,emies,656d696573,5,19738,alphabetic
12273,rency,72656e6379,5,19720,alphabetic
12284,␠councill,20636f756e63696c6c,9,19682,leading_space;alphabetic
12286,SPN,53504e,3,19681,alphabetic
12294,␠Manit,204d616e6974,6,19657,leading_space;alphabetic;capitalized_candidate
12322,␠disch,206469736368,6,19606,leading_space;alphabetic
12327,terbury,74657262757279,7,19595,alphabetic
12335,rafts,7261667473,5,19565,alphabetic
12357,iliary,696c69617279,6,19511,alphabetic
12366,angular,616e67756c6172,7,19493,alphabetic
12370,␠avo,2061766f,4,19478,leading_space;alphabetic
12377,ificate,69666963617465,7,19455,alphabetic
12406,␠Glou,20476c6f75,5,19396,leading_space;alphabetic;capitalized_candidate
12424,reci,72656369,4,19349,alphabetic
12429,abwe,61627765,4,19338,alphabetic
12435,cules,63756c6573,5,19306,alphabetic
12439,ternoon,7465726e6f6f6e,7,19289,alphabetic
12442,urse,75727365,4,19278,alphabetic
12449,␠orche,206f72636865,6,19262,leading_space;alphabetic
12475,Serv,53657276,4,19190,alphabetic;capitalized_candidate
12477,␠Leic,204c656963,5,19187,leading_space;alphabetic;capitalized_candidate
12480,␠Volunte,20566f6c756e7465,8,19183,leading_space;alphabetic;capitalized_candidate
12491,␠prest,207072657374,6,19155,leading_space;alphabetic
12503,apters,617074657273,6,19129,alphabetic;suffix_shape
12522,␠cyl,2063796c,4,19094,leading_space;alphabetic
12529,imbabwe,696d6261627765,7,19078,alphabetic
12532,byterian,627974657269616e,8,19066,alphabetic
12539,stanbul,7374616e62756c,7,19049,alphabetic
12553,␠ib,206962,3,19027,leading_space;alphabetic
12556,intendo,696e74656e646f,7,19020,alphabetic
12557,␠torped,20746f72706564,7,19015,leading_space;alphabetic
12559,ulnerable,756c6e657261626c65,9,19005,alphabetic;suffix_shape
12589,ategory,617465676f7279,7,18947,alphabetic
12593,artet,6172746574,5,18932,alphabetic
12604,compass,636f6d70617373,7,18913,alphabetic
12605,osex,6f736578,4,18906,alphabetic
12622,ocumentary,6f63756d656e74617279,10,18860,alphabetic
12623,oday,6f646179,4,18858,alphabetic
12636,␠botan,20626f74616e,6,18833,leading_space;alphabetic
12682,␠surpr,207375727072,6,18722,leading_space;alphabetic
12684,gary,67617279,4,18716,alphabetic
12717,lando,6c616e646f,5,18641,alphabetic
12723,␠refere,20726566657265,7,18628,leading_space;alphabetic
12725,amples,616d706c6573,6,18625,alphabetic
12729,leph,6c657068,4,18613,alphabetic
12737,␠conven,20636f6e76656e,7,18603,leading_space;alphabetic
12742,ndez,6e64657a,4,18596,alphabetic
12779,athered,61746865726564,7,18502,alphabetic;suffix_shape
12784,legraph,6c656772617068,7,18494,alphabetic
12822,␠Paralymp,20506172616c796d70,9,18413,leading_space;alphabetic;capitalized_candidate
12824,␠Belf,2042656c66,5,18410,leading_space;alphabetic;capitalized_candidate
12826,␠nam,206e616d,4,18408,leading_space;alphabetic
12828,embourg,656d626f757267,7,18408,alphabetic
12860,Municip,4d756e69636970,7,18351,alphabetic;capitalized_candidate
12862,etles,65746c6573,5,18347,alphabetic
12904,␠promin,2070726f6d696e,7,18254,leading_space;alphabetic
12953,ambers,616d62657273,6,18143,alphabetic;suffix_shape
12991,uxiliary,7578696c69617279,8,18081,alphabetic
13001,Serb,53657262,4,18055,alphabetic;capitalized_candidate
13010,uisine,756973696e65,6,18027,alphabetic
13021,␠Qbug,2051627567,5,17996,leading_space;alphabetic;capitalized_candidate
13030,␠physic,20706879736963,7,17970,leading_space;alphabetic
13031,dinand,64696e616e64,6,17969,alphabetic
13060,forced,666f72636564,6,17895,alphabetic;suffix_shape
13064,␠enthus,20656e74687573,7,17883,leading_space;alphabetic
13075,atem,6174656d,4,17858,alphabetic
13099,egovina,65676f76696e61,7,17814,alphabetic
13122,␠Warri,205761727269,6,17777,leading_space;alphabetic;capitalized_candidate
13129,␠bord,20626f7264,5,17760,leading_space;alphabetic
13173,acco,6163636f,4,17663,alphabetic
13175,entieth,656e7469657468,7,17655,alphabetic
13205,ascar,6173636172,5,17583,alphabetic
13216,osophical,6f736f70686963616c,9,17560,alphabetic
13229,anyon,616e796f6e,5,17525,alphabetic
13233,ittees,697474656573,6,17520,alphabetic
13236,ayette,617965747465,6,17514,alphabetic
13242,␠Rodrig,20526f64726967,7,17497,leading_space;alphabetic;capitalized_candidate
13258,iott,696f7474,4,17461,alphabetic
13261,axy,617879,3,17457,alphabetic
13267,␠judg,206a756467,5,17450,leading_space;alphabetic
13278,␠Monteneg,204d6f6e74656e6567,9,17432,leading_space;alphabetic;capitalized_candidate
13305,ployment,706c6f796d656e74,8,17376,alphabetic;suffix_shape
13306,rapped,726170706564,6,17368,alphabetic;suffix_shape
13311,appeared,6170706561726564,8,17361,alphabetic;suffix_shape
13318,olics,6f6c696373,5,17347,alphabetic
13328,Belg,42656c67,4,17338,alphabetic;capitalized_candidate
13351,␠independ,20696e646570656e64,9,17303,leading_space;alphabetic
13352,wid,776964,3,17302,alphabetic
13395,utical,75746963616c,6,17222,alphabetic
13402,␠headquarter,206865616471756172746572,12,17210,leading_space;alphabetic
13409,␠soph,20736f7068,5,17193,leading_space;alphabetic
13430,tense,74656e7365,5,17141,alphabetic
13432,␠Citiz,20436974697a,6,17137,leading_space;alphabetic;capitalized_candidate
13438,abet,61626574,4,17124,alphabetic
13441,␠Achie,204163686965,6,17121,leading_space;alphabetic;capitalized_candidate
13476,␠Archae,20417263686165,7,17044,leading_space;alphabetic;capitalized_candidate
13489,␠assum,20617373756d,6,17012,leading_space;alphabetic
13493,avery,6176657279,5,17006,alphabetic
13513,empl,656d706c,4,16956,alphabetic
13520,␠Tanz,2054616e7a,5,16946,leading_space;alphabetic;capitalized_candidate
13521,ocaust,6f6361757374,6,16943,alphabetic
13535,␠abund,206162756e64,6,16900,leading_space;alphabetic
13537,␠sovere,20736f76657265,7,16898,leading_space;alphabetic
13554,␠vow,20766f77,4,16850,leading_space;alphabetic
13596,Turk,5475726b,4,16769,alphabetic;capitalized_candidate
13597,␠prelim,207072656c696d,7,16768,leading_space;alphabetic
13612,irgin,697267696e,5,16748,alphabetic
13619,quiry,7175697279,5,16743,alphabetic
13670,␠explan,206578706c616e,7,16659,leading_space;alphabetic
13671,cestershire,6365737465727368697265,11,16656,alphabetic
13695,idance,6964616e6365,6,16591,alphabetic
13698,mology,6d6f6c6f6779,6,16581,alphabetic
13703,Cath,43617468,4,16577,alphabetic;capitalized_candidate
13711,Pak,50616b,3,16562,alphabetic;capitalized_candidate
13727,␠autob,206175746f62,6,16528,leading_space;alphabetic
13740,␠patri,207061747269,6,16510,leading_space;alphabetic
13749,␠Proper,2050726f706572,7,16491,leading_space;alphabetic;capitalized_candidate
13753,␠prev,2070726576,5,16482,leading_space;alphabetic
13760,ipzig,69707a6967,5,16474,alphabetic
13777,␠soc,20736f63,4,16435,leading_space;alphabetic
13787,ustrated,7573747261746564,8,16418,alphabetic;suffix_shape
13795,habilit,686162696c6974,7,16407,alphabetic
13811,agascar,61676173636172,7,16379,alphabetic
13820,ometown,6f6d65746f776e,7,16360,alphabetic
13849,␠Ports,20506f727473,6,16318,leading_space;alphabetic;capitalized_candidate
13855,␠answ,20616e7377,5,16311,leading_space;alphabetic
13893,lymouth,6c796d6f757468,7,16248,alphabetic
13911,inced,696e636564,5,16202,alphabetic;suffix_shape
13926,␠Clif,20436c6966,5,16168,leading_space;alphabetic;capitalized_candidate
13933,umph,756d7068,4,16152,alphabetic
13938,␠divor,206469766f72,6,16146,leading_space;alphabetic
13951,ergus,6572677573,5,16123,alphabetic
13968,ridor,7269646f72,5,16092,alphabetic
13975,␠warri,207761727269,6,16079,leading_space;alphabetic
13993,␠Cauc,2043617563,5,16048,leading_space;alphabetic;capitalized_candidate
14000,Foot,466f6f74,4,16030,alphabetic;capitalized_candidate
14012,␠Middles,204d6964646c6573,8,15989,leading_space;alphabetic;capitalized_candidate
14042,␠clot,20636c6f74,5,15920,leading_space;alphabetic
14052,uline,756c696e65,5,15899,alphabetic
14076,munition,6d756e6974696f6e,8,15861,alphabetic;suffix_shape
14097,Scot,53636f74,4,15839,alphabetic;capitalized_candidate
14132,iblical,69626c6963616c,7,15784,alphabetic
14142,Bec,426563,3,15765,alphabetic;capitalized_candidate
14161,ashtra,617368747261,6,15742,alphabetic
14170,␠Czechosl,20437a6563686f736c,9,15736,leading_space;alphabetic;capitalized_candidate
14182,␠Utt,20557474,4,15709,leading_space;alphabetic;capitalized_candidate
14189,␠relie,2072656c6965,6,15682,leading_space;alphabetic
14199,ipeg,69706567,4,15663,alphabetic
14202,ilion,696c696f6e,5,15658,alphabetic
14204,iability,696162696c697479,8,15657,alphabetic
14205,anmar,616e6d6172,5,15656,alphabetic
14214,igin,6967696e,4,15635,alphabetic
14241,neapolis,6e6561706f6c6973,8,15590,alphabetic
14244,colm,636f6c6d,4,15586,alphabetic
14247,role,726f6c65,4,15582,alphabetic
14290,Compet,436f6d706574,6,15522,alphabetic;capitalized_candidate
14291,ipedia,697065646961,6,15521,alphabetic
14292,iblings,69626c696e6773,7,15521,alphabetic
14297,atoes,61746f6573,5,15515,alphabetic
14314,strument,737472756d656e74,8,15481,alphabetic;suffix_shape
14325,thouse,74686f757365,6,15466,alphabetic
14326,urrect,757272656374,6,15465,alphabetic
14340,␠abbre,206162627265,6,15458,leading_space;alphabetic
14382,eneath,656e65617468,6,15379,alphabetic
14405,nez,6e657a,3,15326,alphabetic
14417,Liter,4c69746572,5,15311,alphabetic;capitalized_candidate
14426,attery,617474657279,6,15298,alphabetic
14430,sterious,73746572696f7573,8,15294,alphabetic
14453,inyl,696e796c,4,15262,alphabetic
14459,IDS,494453,3,15252,alphabetic
14465,üller,c3bc6c6c6572,6,15248,alphabetic
14472,␠denomin,2064656e6f6d696e,8,15240,leading_space;alphabetic
14483,attalions,617474616c696f6e73,9,15219,alphabetic
14492,ández,c3a16e64657a,6,15197,alphabetic
14497,kinson,6b696e736f6e,6,15185,alphabetic
14504,␠Excell,20457863656c6c,7,15171,leading_space;alphabetic;capitalized_candidate
14519,␠privile,2070726976696c65,8,15146,leading_space;alphabetic
14520,␠posthum,20706f737468756d,8,15140,leading_space;alphabetic
14560,atriates,6174726961746573,8,15085,alphabetic
14584,␠horizont,20686f72697a6f6e74,9,15048,leading_space;alphabetic
14586,server,736572766572,6,15046,alphabetic
14587,nesday,6e6573646179,6,15045,alphabetic
14591,hops,686f7073,4,15035,alphabetic
14605,ataka,6174616b61,5,15011,alphabetic
14608,␠Reserv,20526573657276,7,15007,leading_space;alphabetic;capitalized_candidate
14612,prises,707269736573,6,15001,alphabetic
14616,reated,726561746564,6,14996,alphabetic;suffix_shape
14617,ecca,65636361,4,14996,alphabetic
14648,zyme,7a796d65,4,14956,alphabetic
14650,orient,6f7269656e74,6,14953,alphabetic
14651,ursday,757273646179,6,14950,alphabetic
14653,vironments,7669726f6e6d656e7473,10,14948,alphabetic
14667,pez,70657a,3,14929,alphabetic
14674,␠gif,20676966,4,14922,leading_space;alphabetic
14678,innaeus,696e6e61657573,7,14917,alphabetic
14679,␠Garc,2047617263,5,14917,leading_space;alphabetic;capitalized_candidate
14710,␠camer,2063616d6572,6,14868,leading_space;alphabetic
14717,␠unve,20756e7665,5,14859,leading_space;alphabetic
14721,ricia,7269636961,5,14855,alphabetic
14727,␠Reynold,205265796e6f6c64,8,14838,leading_space;alphabetic;capitalized_candidate
14737,phabet,706861626574,6,14825,alphabetic
14747,␠lad,206c6164,4,14805,leading_space;alphabetic
14749,clesiast,636c657369617374,8,14804,alphabetic
14755,␠NAT,204e4154,4,14786,leading_space;alphabetic
14761,␠destro,2064657374726f,7,14762,leading_space;alphabetic
14774,␠Hels,2048656c73,5,14742,leading_space;alphabetic;capitalized_candidate
14777,expected,6578706563746564,8,14727,alphabetic;suffix_shape
14793,regular,726567756c6172,7,14701,alphabetic
14799,␠Mā,204dc481,4,14697,leading_space;alphabetic;capitalized_candidate
14817,chez,6368657a,4,14671,alphabetic
14832,adors,61646f7273,5,14634,alphabetic
14843,imming,696d6d696e67,6,14617,alphabetic;suffix_shape
14865,␠symm,2073796d6d,5,14585,leading_space;alphabetic
14866,ourney,6f75726e6579,6,14585,alphabetic
14871,␠orient,206f7269656e74,7,14569,leading_space;alphabetic
14893,elong,656c6f6e67,5,14541,alphabetic
14896,sites,7369746573,5,14540,alphabetic
14898,␠Aberde,20416265726465,7,14540,leading_space;alphabetic;capitalized_candidate
14910,␠suspic,20737573706963,7,14523,leading_space;alphabetic
14921,␠aest,2061657374,5,14501,leading_space;alphabetic
14927,kok,6b6f6b,3,14497,alphabetic
14929,viv,766976,3,14495,alphabetic
14937,␠Constantin,20436f6e7374616e74696e,11,14485,leading_space;alphabetic;capitalized_candidate
14944,␠advertis,206164766572746973,9,14471,leading_space;alphabetic
14961,␠Guatem,2047756174656d,7,14446,leading_space;alphabetic;capitalized_candidate
14975,NES,4e4553,3,14434,alphabetic
14976,␠Fergus,20466572677573,7,14433,leading_space;alphabetic;capitalized_candidate
14993,ylan,796c616e,4,14415,alphabetic
15003,␠exha,2065786861,5,14396,leading_space;alphabetic
15038,rí,72c3ad,3,14348,alphabetic
15062,linary,6c696e617279,6,14304,alphabetic
15082,ople,6f706c65,4,14282,alphabetic
15125,ennium,656e6e69756d,6,14239,alphabetic
15177,␠cruis,206372756973,6,14145,leading_space;alphabetic
15186,grim,6772696d,4,14134,alphabetic
15188,iploma,69706c6f6d61,6,14130,alphabetic
15203,␠haz,2068617a,4,14105,leading_space;alphabetic
15209,␠prosper,2070726f73706572,8,14095,leading_space;alphabetic
15215,foundland,666f756e646c616e64,9,14090,alphabetic
15225,arvae,6172766165,5,14070,alphabetic
15238,eppe,65707065,4,14060,alphabetic
15242,ifax,69666178,4,14056,alphabetic
15244,Tex,546578,3,14053,alphabetic;capitalized_candidate
15247,␠artif,206172746966,6,14050,leading_space;alphabetic
15252,hammed,68616d6d6564,6,14042,alphabetic;suffix_shape
15273,␠exchang,2065786368616e67,8,14015,leading_space;alphabetic
15274,␠devast,20646576617374,7,14013,leading_space;alphabetic
15314,␠Visc,2056697363,5,13959,leading_space;alphabetic;capitalized_candidate
15334,␠Paragu,20506172616775,7,13936,leading_space;alphabetic;capitalized_candidate
15342,ighthouse,69676874686f757365,9,13918,alphabetic
15352,veill,7665696c6c,5,13907,alphabetic
15361,lét,6cc3a974,4,13894,alphabetic
15362,osystem,6f73797374656d,7,13894,alphabetic
15365,␠Darl,204461726c,5,13890,leading_space;alphabetic;capitalized_candidate
15369,␠deriv,206465726976,6,13885,leading_space;alphabetic
15371,ountain,6f756e7461696e,7,13881,alphabetic
15392,␠calc,2063616c63,5,13841,leading_space;alphabetic
15410,ocity,6f63697479,5,13809,alphabetic
15412,␠testim,2074657374696d,7,13807,leading_space;alphabetic
15415,ablo,61626c6f,4,13805,alphabetic
15418,␠Sacram,2053616372616d,7,13804,leading_space;alphabetic;capitalized_candidate
15420,polit,706f6c6974,5,13801,alphabetic
15421,Neigh,4e65696768,5,13801,alphabetic;capitalized_candidate
15428,␠hier,2068696572,5,13795,leading_space;alphabetic
15431,␠Kurd,204b757264,5,13792,leading_space;alphabetic;capitalized_candidate
15456,␠surrend,2073757272656e64,8,13744,leading_space;alphabetic
15459,␠entr,20656e7472,5,13738,leading_space;alphabetic
15470,itely,6974656c79,5,13725,alphabetic;suffix_shape
15473,imensions,696d656e73696f6e73,9,13719,alphabetic
15477,␠verte,207665727465,6,13709,leading_space;alphabetic
15488,␠sacrif,20736163726966,7,13693,leading_space;alphabetic
15490,fb,6662,2,13689,alphabetic
15492,				,09090909,4,13686,contains_symbol
15506,hanced,68616e636564,6,13664,alphabetic;suffix_shape
15548,ocate,6f63617465,5,13618,alphabetic
15555,phoon,70686f6f6e,5,13606,alphabetic
15556,␠Agre,2041677265,5,13604,leading_space;alphabetic;capitalized_candidate
15563,␠overw,206f76657277,6,13593,leading_space;alphabetic
15577,blem,626c656d,4,13567,alphabetic
15584,␠theolog,207468656f6c6f67,8,13552,leading_space;alphabetic
15588,␠Rever,205265766572,6,13545,leading_space;alphabetic;capitalized_candidate
15589,veillance,7665696c6c616e6365,9,13545,alphabetic
15600,␠Pione,2050696f6e65,6,13531,leading_space;alphabetic;capitalized_candidate
15643,unal,756e616c,4,13477,alphabetic
15651,␠culmin,2063756c6d696e,7,13466,leading_space;alphabetic
15659,argest,617267657374,6,13457,alphabetic
15688,␠traff,207472616666,6,13406,leading_space;alphabetic
15692,␠coupl,20636f75706c,6,13402,leading_space;alphabetic
15702,ledon,6c65646f6e,5,13391,alphabetic
15707,Administ,41646d696e697374,8,13388,alphabetic;capitalized_candidate
15708,canic,63616e6963,5,13387,alphabetic
15710,inki,696e6b69,4,13386,alphabetic
15746,orcester,6f72636573746572,8,13342,alphabetic
15761,eals,65616c73,4,13325,alphabetic
15762,asium,617369756d,5,13324,alphabetic
15766,␠ic,206963,3,13319,leading_space;alphabetic
15769,␠Bulld,2042756c6c64,6,13313,leading_space;alphabetic;capitalized_candidate
15773,␠Balk,2042616c6b,5,13306,leading_space;alphabetic;capitalized_candidate
15793,␠Rout,20526f7574,5,13282,leading_space;alphabetic;capitalized_candidate
15845,␠practition,2070726163746974696f6e,11,13209,leading_space;alphabetic
15863,flix,666c6978,4,13184,alphabetic
15873,âte,c3a27465,4,13173,alphabetic
15874,␠Gymn,2047796d6e,5,13172,leading_space;alphabetic;capitalized_candidate
15890,␠examin,206578616d696e,7,13156,leading_space;alphabetic
15893,naissance,6e61697373616e6365,9,13153,alphabetic
15898,␠Vat,20566174,4,13147,leading_space;alphabetic;capitalized_candidate
15922,␠ske,20736b65,4,13112,leading_space;alphabetic
15931,squ,737175,3,13102,alphabetic
15946,egie,65676965,4,13083,alphabetic
15947,lético,6cc3a97469636f,7,13083,alphabetic
15964,viated,766961746564,6,13067,alphabetic;suffix_shape
15968,assadors,61737361646f7273,8,13063,alphabetic
15975,ologne,6f6c6f676e65,6,13052,alphabetic
16004,␠homosex,20686f6d6f736578,8,13014,leading_space;alphabetic
16013,idelines,6964656c696e6573,8,12997,alphabetic
16015,irical,69726963616c,6,12994,alphabetic
16026,...],2e2e2e5d,4,12980,contains_symbol
16040,tymology,74796d6f6c6f6779,8,12966,alphabetic
16088,erground,657267726f756e64,8,12895,alphabetic
16103,␠apprent,2061707072656e74,8,12869,leading_space;alphabetic
16149,␠unem,20756e656d,5,12800,leading_space;alphabetic
16153,ourable,6f757261626c65,7,12794,alphabetic;suffix_shape
16168,␠confron,20636f6e66726f6e,8,12773,leading_space;alphabetic
16169,ufacturing,75666163747572696e67,10,12772,alphabetic;suffix_shape
16185,␠Wander,2057616e646572,7,12747,leading_space;alphabetic;capitalized_candidate
16198,elfth,656c667468,5,12730,alphabetic
16209,Fac,466163,3,12705,alphabetic;capitalized_candidate
16221,agreb,6167726562,5,12693,alphabetic
16228,clair,636c616972,5,12685,alphabetic
16238,␠marri,206d61727269,6,12668,leading_space;alphabetic
16250,␠garn,206761726e,5,12655,leading_space;alphabetic
16254,brahim,62726168696d,6,12651,alphabetic
16258,communications,636f6d6d756e69636174696f6e73,14,12646,alphabetic
16261,imity,696d697479,5,12639,alphabetic
16266,␠Edu,20456475,4,12635,leading_space;alphabetic;capitalized_candidate
16269,iade,69616465,4,12632,alphabetic
16277,urities,75726974696573,7,12618,alphabetic
16291,␠Initi,20496e697469,6,12601,leading_space;alphabetic;capitalized_candidate
16300,␠alumin,20616c756d696e,7,12591,leading_space;alphabetic
16301,estock,6573746f636b,6,12590,alphabetic
16311,␠Congreg,20436f6e67726567,8,12581,leading_space;alphabetic;capitalized_candidate
16314,␠Bohem,20426f68656d,6,12579,leading_space;alphabetic;capitalized_candidate
16319,␠Strateg,2053747261746567,8,12573,leading_space;alphabetic;capitalized_candidate
16324,ritic,7269746963,5,12567,alphabetic
16337,␠remn,2072656d6e,5,12543,leading_space;alphabetic
16338,arthy,6172746879,5,12543,alphabetic
16339,Amer,416d6572,4,12542,alphabetic;capitalized_candidate
16350,ustration,757374726174696f6e,9,12518,alphabetic;suffix_shape
16369,␠postpon,20706f7374706f6e,8,12484,leading_space;alphabetic
16409,␠upris,207570726973,6,12433,leading_space;alphabetic
16413,ommission,6f6d6d697373696f6e,9,12428,alphabetic;suffix_shape
16419,␠schem,20736368656d,6,12422,leading_space;alphabetic
16432,ermo,65726d6f,4,12409,alphabetic
16442,wings,77696e6773,5,12402,alphabetic
16457,ucture,756374757265,6,12389,alphabetic
16461,abling,61626c696e67,6,12385,alphabetic;suffix_shape
16464,atever,617465766572,6,12380,alphabetic
16465,letcher,6c657463686572,7,12374,alphabetic
16477,␠reluct,2072656c756374,7,12364,leading_space;alphabetic
16479,ometime,6f6d6574696d65,7,12361,alphabetic
16485,␠preval,2070726576616c,7,12359,leading_space;alphabetic
16508,uesday,756573646179,6,12329,alphabetic
16510,aceutical,61636575746963616c,9,12328,alphabetic
16515,roleum,726f6c65756d,6,12319,alphabetic
16534,ampire,616d70697265,6,12289,alphabetic
16542,␠troubl,2074726f75626c,7,12278,leading_space;alphabetic
16572,␠tel,2074656c,4,12235,leading_space;alphabetic
16601,␠subdiv,20737562646976,7,12200,leading_space;alphabetic
16607,ustain,75737461696e,6,12194,alphabetic
16643,penter,70656e746572,6,12153,alphabetic
16644,cedes,6365646573,5,12152,alphabetic
16650,␠hect,2068656374,5,12146,leading_space;alphabetic
16657,uttgart,75747467617274,7,12136,alphabetic
16660,␠overwhel,206f7665727768656c,9,12130,leading_space;alphabetic
16666,Charl,436861726c,5,12125,alphabetic;capitalized_candidate
16690,␠Bagh,2042616768,5,12101,leading_space;alphabetic;capitalized_candidate
16693,␠prepar,20707265706172,7,12097,leading_space;alphabetic
16708,imbledon,696d626c65646f6e,8,12076,alphabetic
16714,UCN,55434e,3,12065,alphabetic
16724,andin,616e64696e,5,12056,alphabetic
16727,illiant,696c6c69616e74,7,12052,alphabetic
16732,ocide,6f63696465,5,12048,alphabetic
16735,gae,676165,3,12043,alphabetic
16760,aspor,6173706f72,5,12024,alphabetic
16787,artime,617274696d65,6,11994,alphabetic
16792,␠Philharm,205068696c6861726d,9,11991,leading_space;alphabetic;capitalized_candidate
16806,ikhail,696b6861696c,6,11970,alphabetic
16823,occup,6f63637570,5,11950,alphabetic
16841,ethel,657468656c,5,11936,alphabetic
16894,anskrit,616e736b726974,7,11882,alphabetic
16897,mercially,6d65726369616c6c79,9,11878,alphabetic;suffix_shape
16921,assis,6173736973,5,11853,alphabetic
16924,␠adequ,206164657175,6,11846,leading_space;alphabetic
16938,␠volt,20766f6c74,5,11833,leading_space;alphabetic
16940,ewise,6577697365,5,11829,alphabetic
16942,ález,c3a16c657a,5,11825,alphabetic
16982,folio,666f6c696f,5,11777,alphabetic
17004,NESCO,4e4553434f,5,11755,alphabetic
17008,␠Sched,205363686564,6,11752,leading_space;alphabetic;capitalized_candidate
17013,ramid,72616d6964,5,11750,alphabetic
17040,ortunately,6f7274756e6174656c79,10,11722,alphabetic;suffix_shape
17073,␠Dolph,20446f6c7068,6,11676,leading_space;alphabetic;capitalized_candidate
17079,iciary,696369617279,6,11672,alphabetic
17084,␠neighb,206e6569676862,7,11669,leading_space;alphabetic
17090,redits,726564697473,6,11660,alphabetic
17096,alore,616c6f7265,5,11655,alphabetic
17098,etheless,657468656c657373,8,11651,alphabetic
17110,cester,636573746572,6,11630,alphabetic
17136,öm,c3b66d,3,11607,alphabetic
17138,␠attribut,206174747269627574,9,11606,leading_space;alphabetic
17160,abulary,6162756c617279,7,11583,alphabetic
17166,␠Dres,2044726573,5,11576,leading_space;alphabetic;capitalized_candidate
17188,igins,6967696e73,5,11558,alphabetic
17190,rokee,726f6b6565,5,11554,alphabetic
17221,␠Hast,2048617374,5,11512,leading_space;alphabetic;capitalized_candidate
17233,lephant,6c657068616e74,7,11508,alphabetic
17254,Kore,4b6f7265,4,11484,alphabetic;capitalized_candidate
17265,␠tob,20746f62,4,11471,leading_space;alphabetic
17266,Paint,5061696e74,5,11470,alphabetic;capitalized_candidate
17269,␠anat,20616e6174,5,11468,leading_space;alphabetic
17270,landers,6c616e64657273,7,11468,alphabetic;suffix_shape
17283,iuseppe,69757365707065,7,11458,alphabetic
17285,ópez,c3b370657a,5,11457,alphabetic
17293,eonato,656f6e61746f,6,11447,alphabetic
17294,Virgin,56697267696e,6,11446,alphabetic;capitalized_candidate
17301,likely,6c696b656c79,6,11444,alphabetic;suffix_shape
17312,dad,646164,3,11433,alphabetic
17322,ipel,6970656c,4,11422,alphabetic
17334,Croat,43726f6174,5,11407,alphabetic;capitalized_candidate
17346,raltar,72616c746172,6,11395,alphabetic
17371,ctica,6374696361,5,11371,alphabetic
17377,ibia,69626961,4,11365,alphabetic
17390,iple,69706c65,4,11353,alphabetic
17413,otherap,6f746865726170,7,11329,alphabetic
17417,hears,6865617273,5,11325,alphabetic
17419,venile,76656e696c65,6,11325,alphabetic
17423,␠Juda,204a756461,5,11321,leading_space;alphabetic;capitalized_candidate
17430,␠tonn,20746f6e6e,5,11311,leading_space;alphabetic
17439,␠illeg,20696c6c6567,6,11304,leading_space;alphabetic
17457,␠Syrac,205379726163,6,11278,leading_space;alphabetic;capitalized_candidate
17477,pherd,7068657264,5,11252,alphabetic
17482,␠Elis,20456c6973,5,11247,leading_space;alphabetic;capitalized_candidate
17492,olades,6f6c61646573,6,11233,alphabetic
17493,ocolate,6f636f6c617465,7,11233,alphabetic
17497,isive,6973697665,5,11228,alphabetic
17525,␠Dors,20446f7273,5,11197,leading_space;alphabetic;capitalized_candidate
17530,Cert,43657274,4,11188,alphabetic;capitalized_candidate
17541,ospace,6f7370616365,6,11175,alphabetic
17547,agedy,6167656479,5,11164,alphabetic
17553,elligent,656c6c6967656e74,8,11156,alphabetic
17567,andidates,616e64696461746573,9,11143,alphabetic
17568,ottage,6f7474616765,6,11140,alphabetic
17583,ytechn,79746563686e,6,11125,alphabetic
17588,␠presum,2070726573756d,7,11117,leading_space;alphabetic
17590,Scient,536369656e74,6,11116,alphabetic;capitalized_candidate
17595,ounters,6f756e74657273,7,11108,alphabetic;suffix_shape
17605,rosse,726f737365,5,11095,alphabetic
17620,␠ingred,20696e67726564,7,11078,leading_space;alphabetic
17628,agogue,61676f677565,6,11071,alphabetic
17631,␠inherit,20696e6865726974,8,11067,leading_space;alphabetic
17634,␠Establ,2045737461626c,7,11063,leading_space;alphabetic;capitalized_candidate
17641,␠Jub,204a7562,4,11060,leading_space;alphabetic;capitalized_candidate
17660,␠hi,206869,3,11030,leading_space;alphabetic
17703,ueb,756562,3,10993,alphabetic
17715,ylogen,796c6f67656e,6,10978,alphabetic
17719,␠(\xe2,2028e2,3,10969,leading_space;contains_symbol
17726,berra,6265727261,5,10960,alphabetic
17729,␠Vaugh,205661756768,6,10958,leading_space;alphabetic;capitalized_candidate
17755,␠cryst,206372797374,6,10917,leading_space;alphabetic
17769,uchess,756368657373,6,10903,alphabetic
17772,alach,616c616368,5,10901,alphabetic
17777,uitar,7569746172,5,10900,alphabetic
17779,␠lineback,206c696e656261636b,9,10899,leading_space;alphabetic
17803,␠irrig,206972726967,6,10880,leading_space;alphabetic
17816,␠Rhin,205268696e,5,10872,leading_space;alphabetic;capitalized_candidate
17822,guez,6775657a,4,10868,alphabetic
17825,emberg,656d62657267,6,10866,alphabetic
17826,arsity,617273697479,6,10866,alphabetic
17869,contin,636f6e74696e,6,10834,alphabetic
17876,Hind,48696e64,4,10829,alphabetic;capitalized_candidate
17883,ifinal,6966696e616c,6,10822,alphabetic
17903,␠Councill,20436f756e63696c6c,9,10802,leading_space;alphabetic;capitalized_candidate
17913,itorium,69746f7269756d,7,10794,alphabetic
17918,vances,76616e636573,6,10789,alphabetic
17939,␠Bih,20426968,4,10766,leading_space;alphabetic;capitalized_candidate
17953,edded,6564646564,5,10756,alphabetic;suffix_shape
17954,␠Berks,204265726b73,6,10755,leading_space;alphabetic;capitalized_candidate
17955,ríguez,72c3ad6775657a,7,10751,alphabetic
17977,stral,737472616c,5,10729,alphabetic
17978,ād,c48164,3,10729,alphabetic
17990,iox,696f78,3,10721,alphabetic
18000,centric,63656e74726963,7,10713,alphabetic
18009,␠cinemat,2063696e656d6174,8,10700,leading_space;alphabetic
18026,␠touc,20746f7563,5,10682,leading_space;alphabetic
18051,iseries,69736572696573,7,10655,alphabetic
18068,ipei,69706569,4,10636,alphabetic
18089,werp,77657270,4,10621,alphabetic
18122,Finn,46696e6e,4,10600,alphabetic;capitalized_candidate
18124,olkata,6f6c6b617461,6,10597,alphabetic
18127,beit,62656974,4,10596,alphabetic
18130,unnels,756e6e656c73,6,10594,alphabetic
18138,␠gastrop,2067617374726f70,8,10589,leading_space;alphabetic
18157,␠dioces,2064696f636573,7,10565,leading_space;alphabetic
18161,␠Veh,20566568,4,10558,leading_space;alphabetic;capitalized_candidate
18194,asma,61736d61,4,10520,alphabetic
18211,Summ,53756d6d,4,10500,alphabetic;capitalized_candidate
18213,␠pneum,20706e65756d,6,10499,leading_space;alphabetic
18216,␠Hyder,204879646572,6,10497,leading_space;alphabetic;capitalized_candidate
18220,auth,61757468,4,10495,alphabetic
18226,Niger,4e69676572,5,10484,alphabetic;capitalized_candidate
18237,branded,6272616e646564,7,10474,alphabetic;suffix_shape
18239,␠Brend,204272656e64,6,10474,leading_space;alphabetic;capitalized_candidate
18242,eches,6563686573,5,10472,alphabetic
18246,osely,6f73656c79,5,10471,alphabetic;suffix_shape
18248,␠Rw,205277,3,10465,leading_space;alphabetic;capitalized_candidate
18262,Indones,496e646f6e6573,7,10441,alphabetic;capitalized_candidate
18275,osion,6f73696f6e,5,10426,alphabetic;suffix_shape
18282,issued,697373756564,6,10419,alphabetic;suffix_shape
18288,ertation,6572746174696f6e,8,10416,alphabetic;suffix_shape
18307,␠supern,2073757065726e,7,10394,leading_space;alphabetic
18308,eylon,65796c6f6e,5,10390,alphabetic
18318,cue,637565,3,10383,alphabetic
18330,␠Harri,204861727269,6,10364,leading_space;alphabetic;capitalized_candidate
18347,opez,6f70657a,4,10350,alphabetic
18366,␠decommission,206465636f6d6d697373696f6e,13,10336,leading_space;alphabetic
18372,cutta,6375747461,5,10329,alphabetic
18373,␠Siber,205369626572,6,10327,leading_space;alphabetic;capitalized_candidate
18385,ascular,617363756c6172,7,10322,alphabetic
18387,ircraft,69726372616674,7,10321,alphabetic
18396,ardment,6172646d656e74,7,10312,alphabetic;suffix_shape
18438,␠ell,20656c6c,4,10271,leading_space;alphabetic
18450,igel,6967656c,4,10252,alphabetic
18453,etian,657469616e,5,10250,alphabetic
18469,␠fus,20667573,4,10236,leading_space;alphabetic
18478,reshold,726573686f6c64,7,10231,alphabetic
18482,leanor,6c65616e6f72,6,10230,alphabetic
18487,reens,7265656e73,5,10226,alphabetic
18488,lications,6c69636174696f6e73,9,10226,alphabetic
18494,unders,756e64657273,6,10221,alphabetic;suffix_shape
18512,itational,69746174696f6e616c,9,10208,alphabetic
18531,␠Tud,20547564,4,10192,leading_space;alphabetic;capitalized_candidate
18532,acritic,61637269746963,7,10192,alphabetic
18537,ffcc,66666363,4,10188,alphabetic
18572,sover,736f766572,5,10163,alphabetic
18573,␠amalg,20616d616c67,6,10160,leading_space;alphabetic
18581,␠tradem,2074726164656d,7,10152,leading_space;alphabetic
18588,␠sus,20737573,4,10144,leading_space;alphabetic
18590,␠Fow,20466f77,4,10142,leading_space;alphabetic;capitalized_candidate
18595,oger,6f676572,4,10137,alphabetic
18608,␠Frem,204672656d,5,10124,leading_space;alphabetic;capitalized_candidate
18624,zens,7a656e73,4,10108,alphabetic
18633,␠Voiv,20566f6976,5,10103,leading_space;alphabetic;capitalized_candidate
18676,␠invas,20696e766173,6,10061,leading_space;alphabetic
18681,␠Zur,205a7572,4,10053,leading_space;alphabetic;capitalized_candidate
18691,orrect,6f7272656374,6,10045,alphabetic
18696,âtre,c3a2747265,5,10039,alphabetic
18699,atinate,6174696e617465,7,10037,alphabetic
18705,␠Hert,2048657274,5,10033,leading_space;alphabetic;capitalized_candidate
18718,epage,6570616765,5,10019,alphabetic
18723,comed,636f6d6564,5,10011,alphabetic;suffix_shape
18727,eele,65656c65,4,10007,alphabetic
18728,␠conson,20636f6e736f6e,7,10003,leading_space;alphabetic
18737,␠Nicarag,204e696361726167,8,9997,leading_space;alphabetic;capitalized_candidate
18761,␠Tuc,20547563,4,9976,leading_space;alphabetic;capitalized_candidate
18762,omore,6f6d6f7265,5,9976,alphabetic
18771,␠inequ,20696e657175,6,9966,leading_space;alphabetic
18783,␠Rhy,20526879,4,9957,leading_space;alphabetic;capitalized_candidate
18798,␠Scandin,205363616e64696e,8,9946,leading_space;alphabetic;capitalized_candidate
18816,␠Bolog,20426f6c6f67,6,9929,leading_space;alphabetic;capitalized_candidate
18841,ongue,6f6e677565,5,9905,alphabetic
18853,␠discipl,206469736369706c,8,9897,leading_space;alphabetic
18867,eptiles,657074696c6573,7,9889,alphabetic
18868,Environment,456e7669726f6e6d656e74,11,9887,alphabetic;capitalized_candidate
18890,rities,726974696573,6,9871,alphabetic
18893,␠sher,2073686572,5,9869,leading_space;alphabetic
18895,utherland,75746865726c616e64,9,9867,alphabetic
18896,ignt,69676e74,4,9864,alphabetic
18897,␠Flem,20466c656d,5,9864,leading_space;alphabetic;capitalized_candidate
18902,iodiversity,696f646976657273697479,11,9859,alphabetic
18907,warf,77617266,4,9858,alphabetic
18909,nership,6e657273686970,7,9856,alphabetic
18910,␠enorm,20656e6f726d,6,9854,leading_space;alphabetic
18917,agara,6167617261,5,9847,alphabetic
18924,abis,61626973,4,9839,alphabetic
18967,␠Britt,204272697474,6,9805,leading_space;alphabetic;capitalized_candidate
18989,unningham,756e6e696e6768616d,9,9791,alphabetic
19001,Chile,4368696c65,5,9779,alphabetic;capitalized_candidate
19009,Malays,4d616c617973,6,9773,alphabetic;capitalized_candidate
19010,asants,6173616e7473,6,9772,alphabetic
19023,mour,6d6f7572,4,9763,alphabetic
19037,isbury,697362757279,6,9749,alphabetic
19038,␠summon,2073756d6d6f6e,7,9749,leading_space;alphabetic
19048,sonian,736f6e69616e,6,9739,alphabetic
19049,ttemberg,7474656d62657267,8,9739,alphabetic
19067,␠Mün,204dc3bc6e,5,9727,leading_space;alphabetic;capitalized_candidate
19075,ondiss,6f6e64697373,6,9721,alphabetic
19085,spring,737072696e67,6,9714,alphabetic;suffix_shape
19089,lv,6c76,2,9712,alphabetic
19098,␠sear,2073656172,5,9703,leading_space;alphabetic
19101,eaux,65617578,4,9702,alphabetic
19109,␠Krak,204b72616b,5,9693,leading_space;alphabetic;capitalized_candidate
19127,ipelago,6970656c61676f,7,9681,alphabetic
19129,␠Polytechn,20506f6c79746563686e,10,9679,leading_space;alphabetic;capitalized_candidate
19147,irling,69726c696e67,6,9662,alphabetic;suffix_shape
19155,␠Fitzg,204669747a67,6,9651,leading_space;alphabetic;capitalized_candidate
19160,␠disgu,206469736775,6,9646,leading_space;alphabetic
19170,andez,616e64657a,5,9636,alphabetic
19171,odyn,6f64796e,4,9635,alphabetic
19174,ermark,65726d61726b,6,9632,alphabetic
19182,mud,6d7564,3,9625,alphabetic
19188,ignty,69676e7479,5,9622,alphabetic
19194,ulsa,756c7361,4,9618,alphabetic
19211,␠Crim,204372696d,5,9605,leading_space;alphabetic;capitalized_candidate
19230,Sax,536178,3,9593,alphabetic;capitalized_candidate
19236,mese,6d657365,4,9588,alphabetic
19250,fax,666178,3,9576,alphabetic
19263,ürttemberg,c3bc727474656d62657267,11,9566,alphabetic
19278,ibli,69626c69,4,9560,alphabetic
19304,␠Morm,204d6f726d,5,9544,leading_space;alphabetic;capitalized_candidate
19314,odeship,6f646573686970,7,9537,alphabetic
19320,advant,616476616e74,6,9533,alphabetic
19327,ulance,756c616e6365,6,9531,alphabetic
19341,␠Sain,205361696e,5,9516,leading_space;alphabetic;capitalized_candidate
19344,ounces,6f756e636573,6,9513,alphabetic
19348,␠Mozamb,204d6f7a616d62,7,9509,leading_space;alphabetic;capitalized_candidate
19360,vals,76616c73,4,9493,alphabetic
19362,rescent,72657363656e74,7,9492,alphabetic
19379,NEOS,4e454f53,4,9483,alphabetic
19383,␠Glac,20476c6163,5,9482,leading_space;alphabetic;capitalized_candidate
19391,␠subord,207375626f7264,7,9476,leading_space;alphabetic
19397,spapers,73706170657273,7,9474,alphabetic;suffix_shape
19422,eback,656261636b,5,9454,alphabetic
19423,␠Schne,205363686e65,6,9453,leading_space;alphabetic;capitalized_candidate
19437,ppers,7070657273,5,9446,alphabetic;suffix_shape
19444,Mean,4d65616e,4,9438,alphabetic;capitalized_candidate
19454,adeshi,616465736869,6,9425,alphabetic
19459,␠Dü,2044c3bc,4,9422,leading_space;alphabetic;capitalized_candidate
19468,␠referen,207265666572656e,8,9417,leading_space;alphabetic
19472,opters,6f7074657273,6,9415,alphabetic;suffix_shape
19485,haul,6861756c,4,9404,alphabetic
19498,them,7468656d,4,9399,alphabetic
19503,ulton,756c746f6e,5,9395,alphabetic
19514,␠reper,207265706572,6,9385,leading_space;alphabetic
19523,elage,656c616765,5,9381,alphabetic
19529,␠Ank,20416e6b,4,9378,leading_space;alphabetic;capitalized_candidate
19539,toire,746f697265,5,9368,alphabetic
19545,bernatorial,6265726e61746f7269616c,11,9357,alphabetic
19548,␠dism,206469736d,5,9356,leading_space;alphabetic
19563,␠turt,2074757274,5,9348,leading_space;alphabetic
19567,yself,7973656c66,5,9345,alphabetic
19575,itivity,69746976697479,7,9339,alphabetic
19582,␠Marse,204d61727365,6,9333,leading_space;alphabetic;capitalized_candidate
19613,␠Gó,2047c3b3,4,9314,leading_space;alphabetic;capitalized_candidate
19623,␠trom,2074726f6d,5,9308,leading_space;alphabetic
19630,Batt,42617474,4,9301,alphabetic;capitalized_candidate
19650,␠Pied,2050696564,5,9288,leading_space;alphabetic;capitalized_candidate
19652,␠Sculpt,205363756c7074,7,9287,leading_space;alphabetic;capitalized_candidate
19677,␠insu,20696e7375,5,9271,leading_space;alphabetic
19681,␠substr,20737562737472,7,9269,leading_space;alphabetic
19694,cyl,63796c,3,9262,alphabetic
19701,␠dwell,206477656c6c,6,9255,leading_space;alphabetic
19709,orah,6f726168,4,9247,alphabetic
19714,ellites,656c6c69746573,7,9246,alphabetic
19734,␠Jagu,204a616775,5,9225,leading_space;alphabetic;capitalized_candidate
19740,␠Brem,204272656d,5,9219,leading_space;alphabetic;capitalized_candidate
19749,itone,69746f6e65,5,9215,alphabetic
19754,Egypt,4567797074,5,9211,alphabetic;capitalized_candidate
19759,␠exped,206578706564,6,9209,leading_space;alphabetic
19764,lynn,6c796e6e,4,9207,alphabetic
19768,␠Martine,204d617274696e65,8,9203,leading_space;alphabetic;capitalized_candidate
19773,Archae,417263686165,6,9199,alphabetic;capitalized_candidate
19782,␠Gior,2047696f72,5,9193,leading_space;alphabetic;capitalized_candidate
19786,sein,7365696e,4,9191,alphabetic
19813,␠Decl,204465636c,5,9168,leading_space;alphabetic;capitalized_candidate
19825,dict,64696374,4,9160,alphabetic
19826,abitat,616269746174,6,9160,alphabetic
19855,Typ,547970,3,9138,alphabetic;capitalized_candidate
19857,ancock,616e636f636b,6,9137,alphabetic
19858,␠analys,20616e616c7973,7,9137,leading_space;alphabetic
19860,␠Espa,2045737061,5,9137,leading_space;alphabetic;capitalized_candidate
19863,␠Martí,204d617274c3ad,7,9135,leading_space;alphabetic;capitalized_candidate
19871,␠Cret,2043726574,5,9131,leading_space;alphabetic;capitalized_candidate
19875,ruce,72756365,4,9130,alphabetic
19892,Neighbour,4e65696768626f7572,9,9120,alphabetic;capitalized_candidate
19926,oldt,6f6c6474,4,9090,alphabetic
19927,␠interf,20696e74657266,7,9090,leading_space;alphabetic
19936,ermanent,65726d616e656e74,8,9082,alphabetic
19988,␠maneu,206d616e6575,6,9042,leading_space;alphabetic
19994,arriers,61727269657273,7,9039,alphabetic;suffix_shape
19999,␠Kyr,204b7972,4,9038,leading_space;alphabetic;capitalized_candidate
20021,Ok,4f6b,2,9028,alphabetic;capitalized_candidate
20031,␠Cald,2043616c64,5,9021,leading_space;alphabetic;capitalized_candidate
20034,␠dispat,20646973706174,7,9019,leading_space;alphabetic
20042,ahaw,61686177,4,9011,alphabetic
20049,wicks,7769636b73,5,9003,alphabetic
20051,␠Dise,2044697365,5,9001,leading_space;alphabetic;capitalized_candidate
20067,eason,6561736f6e,5,8993,alphabetic
20069,leted,6c65746564,5,8991,alphabetic;suffix_shape
20112,opot,6f706f74,4,8961,alphabetic
20131,␠diab,2064696162,5,8949,leading_space;alphabetic
20139,␠Doming,20446f6d696e67,7,8942,leading_space;alphabetic;capitalized_candidate
20150,eus,657573,3,8935,alphabetic
20164,␠pled,20706c6564,5,8927,leading_space;alphabetic
20172,␠unm,20756e6d,4,8923,leading_space;alphabetic
20186,ilib,696c6962,4,8914,alphabetic
20194,asteries,6173746572696573,8,8909,alphabetic
20198,ricanes,726963616e6573,7,8905,alphabetic
20205,␠Libr,204c696272,5,8901,leading_space;alphabetic;capitalized_candidate
20216,hann,68616e6e,4,8889,alphabetic
20240,ozo,6f7a6f,3,8871,alphabetic
20260,utan,7574616e,4,8858,alphabetic
20262,␠Evel,204576656c,5,8857,leading_space;alphabetic;capitalized_candidate
20277,upiter,757069746572,6,8849,alphabetic
20294,issues,697373756573,6,8834,alphabetic
20299,welling,77656c6c696e67,7,8831,alphabetic;suffix_shape
20304,␠coe,20636f65,4,8826,leading_space;alphabetic
20308,emeteries,656d65746572696573,9,8825,alphabetic
20311,dish,64697368,4,8822,alphabetic
20314,raid,72616964,4,8818,alphabetic
20318,␠Reven,20526576656e,6,8815,leading_space;alphabetic;capitalized_candidate
20347,␠precurs,2070726563757273,8,8798,leading_space;alphabetic
20350,oining,6f696e696e67,6,8797,alphabetic;suffix_shape
20352,Gastrop,47617374726f70,7,8794,alphabetic;capitalized_candidate
20354,Indust,496e64757374,6,8794,alphabetic;capitalized_candidate
20357,␠disqual,206469737175616c,8,8792,leading_space;alphabetic
20364,terdam,74657264616d,6,8788,alphabetic
20384,iban,6962616e,4,8772,alphabetic
20386,irut,69727574,4,8770,alphabetic
20389,fortunately,666f7274756e6174656c79,11,8767,alphabetic;suffix_shape
20400,raul,7261756c,4,8762,alphabetic
20405,␠stead,207374656164,6,8760,leading_space;alphabetic
20406,culosis,63756c6f736973,7,8760,alphabetic
20410,␠Amé,20416dc3a9,5,8758,leading_space;alphabetic;capitalized_candidate
20427,Tai,546169,3,8746,alphabetic;capitalized_candidate
20437,ammal,616d6d616c,5,8739,alphabetic
20439,anteed,616e74656564,6,8738,alphabetic;suffix_shape
20444,thor,74686f72,4,8732,alphabetic
20447,pswich,707377696368,6,8730,alphabetic
20456,mez,6d657a,3,8723,alphabetic
20486,gyz,67797a,3,8695,alphabetic
20492,␠Cô,2043c3b4,4,8692,leading_space;alphabetic;capitalized_candidate
20513,utely,7574656c79,5,8680,alphabetic;suffix_shape
20565,␠nitro,206e6974726f,6,8644,leading_space;alphabetic
20574,arget,6172676574,5,8641,alphabetic
20585,␠reinforc,207265696e666f7263,9,8636,leading_space;alphabetic
20586,cule,63756c65,4,8635,alphabetic
20590,aspora,6173706f7261,6,8635,alphabetic
20597,wickshire,7769636b7368697265,9,8632,alphabetic
20599,uine,75696e65,4,8629,alphabetic
20601,␠conting,20636f6e74696e67,8,8629,leading_space;alphabetic
20603,␠jewel,206a6577656c,6,8629,leading_space;alphabetic
20617,asthan,61737468616e,6,8622,alphabetic
20618,hig,686967,3,8621,alphabetic
20626,arnation,61726e6174696f6e,8,8616,alphabetic;suffix_shape
20635,deg,646567,3,8610,alphabetic
20647,␠Sustain,205375737461696e,8,8604,leading_space;alphabetic;capitalized_candidate
20655,áil,c3a1696c,4,8600,alphabetic
20667,Lew,4c6577,3,8592,alphabetic;capitalized_candidate
20672,␠Mood,204d6f6f64,5,8589,leading_space;alphabetic;capitalized_candidate
20687,kle,6b6c65,3,8581,alphabetic
20698,␠conced,20636f6e636564,7,8578,leading_space;alphabetic
20709,uder,75646572,4,8572,alphabetic
20710,uala,75616c61,4,8572,alphabetic
20712,ippon,6970706f6e,5,8571,alphabetic
20729,␠spokes,2073706f6b6573,7,8557,leading_space;alphabetic
20735,␠Const,20436f6e7374,6,8555,leading_space;alphabetic;capitalized_candidate
20738,skins,736b696e73,5,8553,alphabetic
20746,ánchez,c3a16e6368657a,7,8548,alphabetic
20762,␠Qué,205175c3a9,5,8542,leading_space;alphabetic;capitalized_candidate
20780,␠Brune,204272756e65,6,8519,leading_space;alphabetic;capitalized_candidate
20782,␠Zü,205ac3bc,4,8517,leading_space;alphabetic;capitalized_candidate
20800,tshire,747368697265,6,8508,alphabetic
20801,relim,72656c696d,5,8508,alphabetic
20807,␠Mugh,204d756768,5,8503,leading_space;alphabetic;capitalized_candidate
20817,hama,68616d61,4,8495,alphabetic
20825,␠appar,206170706172,6,8493,leading_space;alphabetic
20829,␠undef,20756e646566,6,8490,leading_space;alphabetic
20833,␠Anthrop,20416e7468726f70,8,8489,leading_space;alphabetic;capitalized_candidate
20836,omial,6f6d69616c,5,8487,alphabetic
20839,ogenes,6f67656e6573,6,8483,alphabetic
20846,␠Dram,204472616d,5,8477,leading_space;alphabetic;capitalized_candidate
20865,␠Bucc,2042756363,5,8462,leading_space;alphabetic;capitalized_candidate
20869,␠erupt,206572757074,6,8461,leading_space;alphabetic
20882,␠Gert,2047657274,5,8451,leading_space;alphabetic;capitalized_candidate
20885,urname,75726e616d65,6,8449,alphabetic
20890,␠fres,2066726573,5,8447,leading_space;alphabetic
20896,essment,6573736d656e74,7,8445,alphabetic;suffix_shape
20901,ال,d8a7d984,4,8443,alphabetic
20904,␠fro,2066726f,4,8440,leading_space;alphabetic
20928,␠Lump,204c756d70,5,8428,leading_space;alphabetic;capitalized_candidate
20944,Tunes,54756e6573,5,8415,alphabetic;capitalized_candidate
20952,␠trem,207472656d,5,8412,leading_space;alphabetic
20965,raints,7261696e7473,6,8403,alphabetic
20969,roduced,726f6475636564,7,8398,alphabetic;suffix_shape
20971,idelberg,6964656c62657267,8,8398,alphabetic
20984,␠Okin,204f6b696e,5,8391,leading_space;alphabetic;capitalized_candidate
20987,␠ambit,20616d626974,6,8389,leading_space;alphabetic
21000,arios,6172696f73,5,8380,alphabetic
21007,␠CON,20434f4e,4,8377,leading_space;alphabetic
21013,rolley,726f6c6c6579,6,8373,alphabetic
21021,fem,66656d,3,8370,alphabetic
21032,cip,636970,3,8365,alphabetic
21063,␠pilgrim,2070696c6772696d,8,8343,leading_space;alphabetic
21066,ascus,6173637573,5,8341,alphabetic
21069,ften,6674656e,4,8337,alphabetic
21071,nance,6e616e6365,5,8332,alphabetic
21087,rador,7261646f72,5,8322,alphabetic
21099,utory,75746f7279,5,8314,alphabetic
21100,␠Thous,2054686f7573,6,8313,leading_space;alphabetic;capitalized_candidate
21103,Offic,4f66666963,5,8311,alphabetic;capitalized_candidate
21105,xiety,7869657479,5,8311,alphabetic
21107,istrate,69737472617465,7,8309,alphabetic
21120,␠antis,20616e746973,6,8303,leading_space;alphabetic
21144,pex,706578,3,8289,alphabetic
21146,␠Aless,20416c657373,6,8288,leading_space;alphabetic;capitalized_candidate
21157,atinum,6174696e756d,6,8280,alphabetic
21166,␠solit,20736f6c6974,6,8270,leading_space;alphabetic
21172,leet,6c656574,4,8264,alphabetic
21176,agher,6167686572,5,8262,alphabetic
21183,␠Pueb,2050756562,5,8256,leading_space;alphabetic;capitalized_candidate
21184,bins,62696e73,4,8255,alphabetic
21192,␠Provision,2050726f766973696f6e,10,8247,leading_space;alphabetic;capitalized_candidate
21196,eddy,65646479,4,8245,alphabetic
21210,merged,6d6572676564,6,8238,alphabetic;suffix_shape
21214,plays,706c617973,5,8235,alphabetic
21218,millan,6d696c6c616e,6,8233,alphabetic
21227,␠stom,2073746f6d,5,8228,leading_space;alphabetic
21233,epper,6570706572,5,8225,alphabetic
21250,␠uncons,20756e636f6e73,7,8213,leading_space;alphabetic
21253,mentioned,6d656e74696f6e6564,9,8210,alphabetic;suffix_shape
21259,adequ,6164657175,5,8207,alphabetic
21262,␠shar,2073686172,5,8205,leading_space;alphabetic
21272,umbria,756d62726961,6,8200,alphabetic
21278,yled,796c6564,4,8198,alphabetic;suffix_shape
21281,␠Appalach,20417070616c616368,9,8198,leading_space;alphabetic;capitalized_candidate
21282,orthy,6f72746879,5,8196,alphabetic
21284,sung,73756e67,4,8195,alphabetic
21317,alon,616c6f6e,4,8165,alphabetic
21318,␠hurd,2068757264,5,8165,leading_space;alphabetic
21322,inald,696e616c64,5,8164,alphabetic
21340,␠Theres,20546865726573,7,8150,leading_space;alphabetic;capitalized_candidate
21346,ecute,6563757465,5,8147,alphabetic
21367,␠Pras,2050726173,5,8136,leading_space;alphabetic;capitalized_candidate
21369,␠Byr,20427972,4,8135,leading_space;alphabetic;capitalized_candidate
21376,␠Antio,20416e74696f,6,8132,leading_space;alphabetic;capitalized_candidate
21379,esperson,6573706572736f6e,8,8129,alphabetic
21395,ealous,65616c6f7573,6,8121,alphabetic
21411,frey,66726579,4,8112,alphabetic
21413,reliminary,72656c696d696e617279,10,8111,alphabetic
21417,echnology,6563686e6f6c6f6779,9,8108,alphabetic
21419,␠phylogen,207068796c6f67656e,9,8107,leading_space;alphabetic
21436,␠cancell,2063616e63656c6c,8,8099,leading_space;alphabetic
21438,Sty,537479,3,8098,alphabetic;capitalized_candidate
21441,␠insign,20696e7369676e,7,8097,leading_space;alphabetic
21455,␠mortg,206d6f727467,6,8088,leading_space;alphabetic
21466,erneath,65726e65617468,7,8078,alphabetic
21471,␠Slo,20536c6f,4,8074,leading_space;alphabetic;capitalized_candidate
21474,␠courty,20636f75727479,7,8072,leading_space;alphabetic
21477,␠ru,207275,3,8071,leading_space;alphabetic
21481,␠Bax,20426178,4,8068,leading_space;alphabetic;capitalized_candidate
21485,ondissement,6f6e64697373656d656e74,11,8066,alphabetic;suffix_shape
21489,ymmet,796d6d6574,5,8063,alphabetic
21493,␠retali,20726574616c69,7,8061,leading_space;alphabetic
21501,␠Weap,2057656170,5,8057,leading_space;alphabetic;capitalized_candidate
21504,␠Proceed,2050726f63656564,8,8054,leading_space;alphabetic;capitalized_candidate
21529,tebr,74656272,4,8041,alphabetic
21536,␠hab,20686162,4,8036,leading_space;alphabetic
21538,anions,616e696f6e73,6,8035,alphabetic
21554,EEE,454545,3,8025,alphabetic
21568,FCC,464343,3,8017,alphabetic
21585,isely,6973656c79,5,8010,alphabetic;suffix_shape
21606,␠Lyd,204c7964,4,8002,leading_space;alphabetic;capitalized_candidate
21630,␠confisc,20636f6e66697363,8,7988,leading_space;alphabetic
21636,cert,63657274,4,7985,alphabetic
21647,pike,70696b65,4,7974,alphabetic
21654,umboldt,756d626f6c6474,7,7972,alphabetic
21657,reach,7265616368,5,7970,alphabetic
21668,neg,6e6567,3,7961,alphabetic
21670,agonists,61676f6e69737473,8,7961,alphabetic
21672,␠Guerr,204775657272,6,7960,leading_space;alphabetic;capitalized_candidate
21687,Hou,486f75,3,7950,alphabetic;capitalized_candidate
21702,cery,63657279,4,7935,alphabetic
21705,␠reinst,207265696e7374,7,7935,leading_space;alphabetic
21710,edin,6564696e,4,7932,alphabetic
21726,\xe9\x95,e995,2,7919,contains_symbol
21739,␠Stras,205374726173,6,7910,leading_space;alphabetic;capitalized_candidate
21742,␠ital,206974616c,5,7907,leading_space;alphabetic
21744,␠revel,20726576656c,6,7905,leading_space;alphabetic
21750,ituary,697475617279,6,7902,alphabetic
21755,ilyn,696c796e,4,7899,alphabetic
21764,␠diox,2064696f78,5,7889,leading_space;alphabetic
21773,achute,616368757465,6,7882,alphabetic
21801,iene,69656e65,4,7864,alphabetic
21820,rizz,72697a7a,4,7854,alphabetic
21821,olson,6f6c736f6e,5,7853,alphabetic
21836,␠detain,2064657461696e,7,7840,leading_space;alphabetic
21844,␠sau,20736175,4,7836,leading_space;alphabetic
21846,achim,616368696d,5,7836,alphabetic
21851,usement,7573656d656e74,7,7834,alphabetic;suffix_shape
21852,ividually,6976696475616c6c79,9,7834,alphabetic;suffix_shape
21869,layer,6c61796572,5,7823,alphabetic
21877,spaper,737061706572,6,7818,alphabetic
21878,skirts,736b69727473,6,7816,alphabetic
21889,␠restruct,207265737472756374,9,7811,leading_space;alphabetic
21891,iratory,697261746f7279,7,7809,alphabetic
21899,␠polyn,20706f6c796e,6,7807,leading_space;alphabetic
21900,␠Dais,2044616973,5,7805,leading_space;alphabetic;capitalized_candidate
21909,oza,6f7a61,3,7795,alphabetic
21918,oulos,6f756c6f73,5,7788,alphabetic
21923,urgery,757267657279,6,7785,alphabetic
21926,tec,746563,3,7781,alphabetic
21967,␠enslav,20656e736c6176,7,7762,leading_space;alphabetic
21990,illem,696c6c656d,5,7744,alphabetic
21994,geant,6765616e74,5,7740,alphabetic
22017,inster,696e73746572,6,7726,alphabetic
22024,aleigh,616c65696768,6,7723,alphabetic
22031,été,c3a974c3a9,5,7719,alphabetic
22038,Cong,436f6e67,4,7715,alphabetic;capitalized_candidate
22063,ilibrium,696c69627269756d,8,7704,alphabetic
22069,iflor,69666c6f72,5,7702,alphabetic
22072,Armen,41726d656e,5,7700,alphabetic;capitalized_candidate
22081,eningrad,656e696e67726164,8,7693,alphabetic
22090,␠reminis,2072656d696e6973,8,7686,leading_space;alphabetic
22094,␠unn,20756e6e,4,7683,leading_space;alphabetic
22100,␠undis,20756e646973,6,7678,leading_space;alphabetic
22109,␠accel,20616363656c,6,7674,leading_space;alphabetic
22115,appropri,617070726f707269,8,7672,alphabetic
22117,␠Celebr,2043656c656272,7,7671,leading_space;alphabetic;capitalized_candidate
22151,isticated,697374696361746564,9,7653,alphabetic;suffix_shape
22155,Lithuan,4c69746875616e,7,7651,alphabetic;capitalized_candidate
22163,␠Niss,204e697373,5,7648,leading_space;alphabetic;capitalized_candidate
22177,utic,75746963,4,7641,alphabetic
22193,scill,7363696c6c,5,7631,alphabetic
22221,absburg,61627362757267,7,7616,alphabetic
22243,tape,74617065,4,7603,alphabetic
22255,␠Hitch,204869746368,6,7595,leading_space;alphabetic;capitalized_candidate
22263,racks,7261636b73,5,7589,alphabetic
22280,athetic,61746865746963,7,7582,alphabetic
22282,estershire,65737465727368697265,10,7582,alphabetic
22286,␠Guill,204775696c6c,6,7579,leading_space;alphabetic;capitalized_candidate
22293,insp,696e7370,4,7576,alphabetic
22294,␠inval,20696e76616c,6,7576,leading_space;alphabetic
22301,nsic,6e736963,4,7571,alphabetic
22306,thia,74686961,4,7567,alphabetic
22310,psons,70736f6e73,5,7566,alphabetic
22332,bilt,62696c74,4,7553,alphabetic
22359,Parliament,5061726c69616d656e74,10,7534,alphabetic;capitalized_candidate
22400,ecourse,65636f75727365,7,7514,alphabetic
22405,immers,696d6d657273,6,7513,alphabetic;suffix_shape
22412,ruz,72757a,3,7512,alphabetic
22434,gars,67617273,4,7505,alphabetic
22457,tole,746f6c65,4,7491,alphabetic
22468,␠Buccane,2042756363616e65,8,7488,leading_space;alphabetic;capitalized_candidate
22497,ertiary,65727469617279,7,7467,alphabetic
22504,inness,696e6e657373,6,7462,alphabetic;suffix_shape
22516,␠Yus,20597573,4,7454,leading_space;alphabetic;capitalized_candidate
22527,␠toile,20746f696c65,6,7449,leading_space;alphabetic
22542,lance,6c616e6365,5,7439,alphabetic
22548,ancel,616e63656c,5,7436,alphabetic
22551,␠prolong,2070726f6c6f6e67,8,7434,leading_space;alphabetic
22553,shah,73686168,4,7433,alphabetic
22559,␠mars,206d617273,5,7427,leading_space;alphabetic
22570,rolet,726f6c6574,5,7418,alphabetic
22576,Balt,42616c74,4,7416,alphabetic;capitalized_candidate
22584,df,6466,2,7412,alphabetic
22585,ropshire,726f707368697265,8,7411,alphabetic
22586,␠Kyrgyz,204b797267797a,7,7411,leading_space;alphabetic;capitalized_candidate
22591,wik,77696b,3,7405,alphabetic
22603,␠compuls,20636f6d70756c73,8,7395,leading_space;alphabetic
22632,heny,68656e79,4,7378,alphabetic
22659,ointment,6f696e746d656e74,8,7363,alphabetic;suffix_shape
22690,olism,6f6c69736d,5,7344,alphabetic
22731,␠Glam,20476c616d,5,7324,leading_space;alphabetic;capitalized_candidate
22733,rossover,726f73736f766572,8,7323,alphabetic
22738,␠inadequ,20696e6164657175,8,7319,leading_space;alphabetic
22746,␠unanim,20756e616e696d,7,7315,leading_space;alphabetic
22748,␠saxophon,207361786f70686f6e,9,7313,leading_space;alphabetic
22792,ducts,6475637473,5,7295,alphabetic
22797,Franç,4672616ec3a7,6,7293,alphabetic;capitalized_candidate
22801,igraph,696772617068,6,7291,alphabetic
22802,agons,61676f6e73,5,7291,alphabetic
22805,artney,6172746e6579,6,7290,alphabetic
22839,␠nutri,206e75747269,6,7274,leading_space;alphabetic
22856,␠Odys,204f647973,5,7267,leading_space;alphabetic;capitalized_candidate
22857,␠mosa,206d6f7361,5,7266,leading_space;alphabetic
22863,itud,69747564,4,7260,alphabetic
22885,ilers,696c657273,5,7244,alphabetic;suffix_shape
22890,miral,6d6972616c,5,7240,alphabetic
22899,Constitu,436f6e7374697475,8,7233,alphabetic;capitalized_candidate
22904,ichita,696368697461,6,7232,alphabetic
22914,Seat,53656174,4,7226,alphabetic;capitalized_candidate
22921,␠Luft,204c756674,5,7223,leading_space;alphabetic;capitalized_candidate
22924,␠Compar,20436f6d706172,7,7221,leading_space;alphabetic;capitalized_candidate
22925,␠\xe2\x94,20e294,3,7221,leading_space;contains_symbol
22933,fessor,666573736f72,6,7217,alphabetic
22944,retto,726574746f,5,7211,alphabetic
22946,trak,7472616b,4,7211,alphabetic
22976,␠freel,20667265656c,6,7196,leading_space;alphabetic
22987,Mahon,4d61686f6e,5,7190,alphabetic;capitalized_candidate
22989,␠Went,2057656e74,5,7189,leading_space;alphabetic;capitalized_candidate
22993,␠bure,2062757265,5,7187,leading_space;alphabetic
22996,eldorf,656c646f7266,6,7187,alphabetic
23004,␠Micha,204d69636861,6,7183,leading_space;alphabetic;capitalized_candidate
23014,identified,6964656e746966696564,10,7179,alphabetic;suffix_shape
23019,␠dismant,206469736d616e74,8,7178,leading_space;alphabetic
23029,␠Bahá,20426168c3a1,6,7173,leading_space;alphabetic;capitalized_candidate
23035,rude,72756465,4,7170,alphabetic
23053,␠Clarks,20436c61726b73,7,7161,leading_space;alphabetic;capitalized_candidate
23072,audeville,6175646576696c6c65,9,7153,alphabetic
23079,␠Restaur,2052657374617572,8,7151,leading_space;alphabetic;capitalized_candidate
23092,adém,6164c3a96d,5,7144,alphabetic
23100,␠Có,2043c3b3,4,7138,leading_space;alphabetic;capitalized_candidate
23109,ptus,70747573,4,7135,alphabetic
23117,changed,6368616e676564,7,7131,alphabetic;suffix_shape
23125,raulic,7261756c6963,6,7125,alphabetic
23133,jandro,6a616e64726f,6,7118,alphabetic
23134,smith,736d697468,5,7118,alphabetic
23138,␠Yoko,20596f6b6f,5,7114,leading_space;alphabetic;capitalized_candidate
23160,␠Carac,204361726163,6,7101,leading_space;alphabetic;capitalized_candidate
23161,␠Camil,2043616d696c,6,7098,leading_space;alphabetic;capitalized_candidate
23164,review,726576696577,6,7097,alphabetic
23228,␠infect,20696e66656374,7,7070,leading_space;alphabetic
23240,␠Thess,205468657373,6,7065,leading_space;alphabetic;capitalized_candidate
23249,iona,696f6e61,4,7061,alphabetic
23250,ngel,6e67656c,4,7061,alphabetic
23289,␠Dí,2044c3ad,4,7042,leading_space;alphabetic;capitalized_candidate
23317,ployed,706c6f796564,6,7028,alphabetic;suffix_shape
23318,␠piv,20706976,4,7027,leading_space;alphabetic
23324,brough,62726f756768,6,7024,alphabetic
23334,␠Colise,20436f6c697365,7,7020,leading_space;alphabetic;capitalized_candidate
23340,CACAF,4341434146,5,7017,alphabetic
23368,olulu,6f6c756c75,5,7003,alphabetic
23376,␠besie,206265736965,6,6999,leading_space;alphabetic
23386,flict,666c696374,5,6995,alphabetic
23388,aphael,61706861656c,6,6995,alphabetic
23390,ilight,696c69676874,6,6994,alphabetic
23391,adena,6164656e61,5,6994,alphabetic
23403,␠bab,20626162,4,6987,leading_space;alphabetic
23407,oroughbred,6f726f75676862726564,10,6985,alphabetic;suffix_shape
23414,oclass,6f636c617373,6,6983,alphabetic
23421,nyder,6e79646572,5,6981,alphabetic
23426,underb,756e64657262,6,6979,alphabetic
23439,ipperary,6970706572617279,8,6972,alphabetic
23440,Seg,536567,3,6970,alphabetic;capitalized_candidate
23449,phibious,70686962696f7573,8,6966,alphabetic
23459,␠Brat,2042726174,5,6962,leading_space;alphabetic;capitalized_candidate
23462,omac,6f6d6163,4,6960,alphabetic
23463,␠rhet,2072686574,5,6960,leading_space;alphabetic
23488,␠acquis,20616371756973,7,6950,leading_space;alphabetic
23496,retion,726574696f6e,6,6947,alphabetic;suffix_shape
23512,omans,6f6d616e73,5,6939,alphabetic
23517,␠Bots,20426f7473,5,6937,leading_space;alphabetic;capitalized_candidate
23518,␠unh,20756e68,4,6937,leading_space;alphabetic
23563,␠Gesch,204765736368,6,6913,leading_space;alphabetic;capitalized_candidate
23564,thood,74686f6f64,5,6913,alphabetic
23577,asonry,61736f6e7279,6,6909,alphabetic
23585,␠unpre,20756e707265,6,6905,leading_space;alphabetic
23592,übner,c3bc626e6572,6,6904,alphabetic
23595,␠Teat,2054656174,5,6903,leading_space;alphabetic;capitalized_candidate
23655,syched,737963686564,6,6871,alphabetic;suffix_shape
23660,␠protoc,2070726f746f63,7,6866,leading_space;alphabetic
23671,igibility,69676962696c697479,9,6861,alphabetic
23673,␠Schiffer,205363686966666572,9,6861,leading_space;alphabetic;capitalized_candidate
23678,tonshire,746f6e7368697265,8,6857,alphabetic
23680,bral,6272616c,4,6856,alphabetic
23688,oult,6f756c74,4,6852,alphabetic
23707,oween,6f7765656e,5,6844,alphabetic
23708,Princip,5072696e636970,7,6844,alphabetic;capitalized_candidate
23715,gone,676f6e65,4,6841,alphabetic
23724,Agric,4167726963,5,6837,alphabetic;capitalized_candidate
23725,␠Cumm,2043756d6d,5,6836,leading_space;alphabetic;capitalized_candidate
23733,solete,736f6c657465,6,6833,alphabetic
23747,ethoven,6574686f76656e,7,6829,alphabetic
23760,␠lyr,206c7972,4,6820,leading_space;alphabetic
23771,␠Pitch,205069746368,6,6816,leading_space;alphabetic;capitalized_candidate
23785,oviets,6f7669657473,6,6811,alphabetic
23795,cence,63656e6365,5,6806,alphabetic
23803,elenov,656c656e6f76,6,6803,alphabetic
23808,␠Wond,20576f6e64,5,6800,leading_space;alphabetic;capitalized_candidate
23824,esy,657379,3,6793,alphabetic
23830,tenstein,74656e737465696e,8,6792,alphabetic
23833,ebu,656275,3,6791,alphabetic
23839,kaid,6b616964,4,6789,alphabetic
23842,sseldorf,7373656c646f7266,8,6787,alphabetic
23868,mberg,6d62657267,5,6772,alphabetic
23888,␠Ruther,20527574686572,7,6764,leading_space;alphabetic;capitalized_candidate
23893,␠Seahaw,20536561686177,7,6763,leading_space;alphabetic;capitalized_candidate
23894,␠rept,2072657074,5,6762,leading_space;alphabetic
23897,irrel,697272656c,5,6760,alphabetic
23899,␠pec,20706563,4,6759,leading_space;alphabetic
23904,␠supermark,2073757065726d61726b,10,6758,leading_space;alphabetic
23905,␠Carth,204361727468,6,6757,leading_space;alphabetic;capitalized_candidate
23906,repe,72657065,4,6756,alphabetic
23920,␠Chatt,204368617474,6,6752,leading_space;alphabetic;capitalized_candidate
23949,hrer,68726572,4,6742,alphabetic
23954,amptonshire,616d70746f6e7368697265,11,6739,alphabetic
23965,letes,6c65746573,5,6736,alphabetic
23966,␠Surin,20537572696e,6,6736,leading_space;alphabetic;capitalized_candidate
23970,␠seiz,207365697a,5,6735,leading_space;alphabetic
23975,␠Varg,2056617267,5,6730,leading_space;alphabetic;capitalized_candidate
23993,ochond,6f63686f6e64,6,6721,alphabetic
24005,␠merchand,206d65726368616e64,9,6716,leading_space;alphabetic
24017,amboo,616d626f6f,5,6712,alphabetic
24033,anie,616e6965,4,6701,alphabetic
24035,irming,69726d696e67,6,6701,alphabetic;suffix_shape
24047,holic,686f6c6963,5,6694,alphabetic
24050,etically,65746963616c6c79,8,6693,alphabetic;suffix_shape
24057,xico,7869636f,4,6690,alphabetic
24065,Pun,50756e,3,6687,alphabetic;capitalized_candidate
24071,deacon,646561636f6e,6,6685,alphabetic
24087,blems,626c656d73,5,6676,alphabetic
24095,␠Matth,204d61747468,6,6671,leading_space;alphabetic;capitalized_candidate
24101,ungle,756e676c65,5,6670,alphabetic
24105,Manager,4d616e61676572,7,6668,alphabetic;capitalized_candidate
24110,velle,76656c6c65,5,6665,alphabetic
24157,␠Prak,205072616b,5,6645,leading_space;alphabetic;capitalized_candidate
24168,␠suscept,2073757363657074,8,6639,leading_space;alphabetic
24172,␠abrupt,20616272757074,7,6637,leading_space;alphabetic
24173,ajevo,616a65766f,5,6637,alphabetic
24199,taining,7461696e696e67,7,6628,alphabetic;suffix_shape
24210,awak,6177616b,4,6624,alphabetic
24225,ecessary,6563657373617279,8,6619,alphabetic
24227,nard,6e617264,4,6618,alphabetic
24228,vili,76696c69,4,6618,alphabetic
24232,Buff,42756666,4,6617,alphabetic;capitalized_candidate
24246,thalm,7468616c6d,5,6610,alphabetic
24265,querque,71756572717565,7,6600,alphabetic
24281,Ghana,4768616e61,5,6592,alphabetic;capitalized_candidate
24308,arcer,6172636572,5,6582,alphabetic
24326,enhower,656e686f776572,7,6575,alphabetic
24337,ighed,6967686564,5,6571,alphabetic;suffix_shape
24358,herst,6865727374,5,6559,alphabetic
24360,␠Slov,20536c6f76,5,6559,leading_space;alphabetic;capitalized_candidate
24361,␠analyt,20616e616c7974,7,6559,leading_space;alphabetic
24364,aughlin,617567686c696e,7,6557,alphabetic
24382,iastic,696173746963,6,6550,alphabetic
24388,␠faç,206661c3a7,5,6549,leading_space;alphabetic
24393,␠Shut,2053687574,5,6545,leading_space;alphabetic;capitalized_candidate
24401,itudinal,69747564696e616c,8,6538,alphabetic
24407,ausole,6175736f6c65,6,6535,alphabetic
24421,ocence,6f63656e6365,6,6529,alphabetic
24422,rances,72616e636573,6,6529,alphabetic
24424,emouth,656d6f757468,6,6528,alphabetic
24428,␠gol,20676f6c,4,6526,leading_space;alphabetic
24440,Urugu,5572756775,5,6521,alphabetic;capitalized_candidate
24445,imacy,696d616379,5,6519,alphabetic
24463,␠Álv,20c3816c76,5,6514,leading_space;alphabetic;capitalized_candidate
24466,imeters,696d6574657273,7,6512,alphabetic;suffix_shape
24469,initely,696e6974656c79,7,6510,alphabetic;suffix_shape
24473,ogens,6f67656e73,5,6509,alphabetic
24485,␠eleg,20656c6567,5,6503,leading_space;alphabetic
24494,ailles,61696c6c6573,6,6496,alphabetic
24496,rex,726578,3,6495,alphabetic
24503,␠Purd,2050757264,5,6492,leading_space;alphabetic;capitalized_candidate
24510,olesc,6f6c657363,5,6487,alphabetic
24517,Bes,426573,3,6485,alphabetic;capitalized_candidate
24542,␠awa,20617761,4,6475,leading_space;alphabetic
24569,nius,6e697573,4,6466,alphabetic
24578,pend,70656e64,4,6464,alphabetic
24579,texts,7465787473,5,6464,alphabetic
24580,atine,6174696e65,5,6463,alphabetic
24596,ubbard,756262617264,6,6457,alphabetic
24617,␠Mathew,204d6174686577,7,6448,leading_space;alphabetic;capitalized_candidate
24620,␠enz,20656e7a,4,6447,leading_space;alphabetic
24625,␠Daven,20446176656e,6,6446,leading_space;alphabetic;capitalized_candidate
24627,␠tex,20746578,4,6445,leading_space;alphabetic
24628,␠firefight,20666972656669676874,10,6445,leading_space;alphabetic
24631,␠Ruf,20527566,4,6444,leading_space;alphabetic;capitalized_candidate
24639,shima,7368696d61,5,6441,alphabetic
24659,exter,6578746572,5,6433,alphabetic
24664,Sah,536168,3,6431,alphabetic;capitalized_candidate
24681,␠spont,2073706f6e74,6,6424,leading_space;alphabetic
24690,ichuan,69636875616e,6,6421,alphabetic
24693,␠Brasile,2042726173696c65,8,6421,leading_space;alphabetic;capitalized_candidate
24696,ydon,79646f6e,4,6420,alphabetic
24705,␠Tajik,2054616a696b,6,6416,leading_space;alphabetic;capitalized_candidate
24710,␠inev,20696e6576,5,6413,leading_space;alphabetic
24714,␠Pors,20506f7273,5,6412,leading_space;alphabetic;capitalized_candidate
24735,trad,74726164,4,6402,alphabetic
24756,␠telenov,2074656c656e6f76,8,6391,leading_space;alphabetic
24757,ickson,69636b736f6e,6,6391,alphabetic
24767,␠Moin,204d6f696e,5,6388,leading_space;alphabetic;capitalized_candidate
24770,icularly,6963756c61726c79,8,6386,alphabetic;suffix_shape
24773,rewsbury,7265777362757279,8,6386,alphabetic
24781,␠mari,206d617269,5,6381,leading_space;alphabetic
24786,jacent,6a6163656e74,6,6380,alphabetic
24788,␠Loy,204c6f79,4,6379,leading_space;alphabetic;capitalized_candidate
24791,tiles,74696c6573,5,6377,alphabetic
24806,␠autobi,206175746f6269,7,6371,leading_space;alphabetic
24821,ymns,796d6e73,4,6363,alphabetic
24826,telling,74656c6c696e67,7,6359,alphabetic;suffix_shape
24829,␠McCorm,204d63436f726d,7,6359,leading_space;alphabetic;capitalized_candidate
24830,␠Prosecut,2050726f7365637574,9,6359,leading_space;alphabetic;capitalized_candidate
24837,ertile,657274696c65,6,6355,alphabetic
24870,␠Getty,204765747479,6,6340,leading_space;alphabetic;capitalized_candidate
24876,sequent,73657175656e74,7,6336,alphabetic
24885,vester,766573746572,6,6334,alphabetic
24894,Syd,537964,3,6329,alphabetic;capitalized_candidate
24896,acock,61636f636b,5,6329,alphabetic
24916,legiate,6c656769617465,7,6320,alphabetic
24919,ammu,616d6d75,4,6320,alphabetic
24926,etsk,6574736b,4,6316,alphabetic
24932,␠amalgam,20616d616c67616d,8,6314,leading_space;alphabetic
24939,parents,706172656e7473,7,6310,alphabetic
24945,␠afore,2061666f7265,6,6305,leading_space;alphabetic
24977,onomical,6f6e6f6d6963616c,8,6292,alphabetic
24982,adation,61646174696f6e,7,6289,alphabetic;suffix_shape
24983,␠Nickel,204e69636b656c,7,6289,leading_space;alphabetic;capitalized_candidate
24986,ovenant,6f76656e616e74,7,6288,alphabetic
25006,onsored,6f6e736f726564,7,6279,alphabetic;suffix_shape
25018,␠Murd,204d757264,5,6271,leading_space;alphabetic;capitalized_candidate
25025,␠Schifferm,2053636869666665726d,10,6269,leading_space;alphabetic;capitalized_candidate
25038,clusions,636c7573696f6e73,8,6262,alphabetic
25050,ellular,656c6c756c6172,7,6258,alphabetic
25064,␠Lauder,204c6175646572,7,6253,leading_space;alphabetic;capitalized_candidate
25072,mediately,6d6564696174656c79,9,6250,alphabetic;suffix_shape
25081,␠amen,20616d656e,5,6248,leading_space;alphabetic
25090,␠Meck,204d65636b,5,6245,leading_space;alphabetic;capitalized_candidate
25099,ilkenny,696c6b656e6e79,7,6241,alphabetic
25100,␠Córd,2043c3b37264,6,6241,leading_space;alphabetic;capitalized_candidate
25102,stantin,7374616e74696e,7,6240,alphabetic
25103,␠filt,2066696c74,5,6239,leading_space;alphabetic
25108,␠Schles,205363686c6573,7,6237,leading_space;alphabetic;capitalized_candidate
25115,␠Ptole,2050746f6c65,6,6233,leading_space;alphabetic;capitalized_candidate
25126,dag,646167,3,6228,alphabetic
25127,␠Stam,205374616d,5,6228,leading_space;alphabetic;capitalized_candidate
25133,opposed,6f70706f736564,7,6226,alphabetic;suffix_shape
25151,␠uran,207572616e,5,6219,leading_space;alphabetic
25155,ésar,c3a9736172,5,6219,alphabetic
25166,cedented,636564656e746564,8,6216,alphabetic;suffix_shape
25186,atorship,61746f7273686970,8,6208,alphabetic
25192,␠bobs,20626f6273,5,6205,leading_space;alphabetic
25201,tenham,74656e68616d,6,6200,alphabetic
25239,cturn,637475726e,5,6182,alphabetic
25246,␠Kauf,204b617566,5,6180,leading_space;alphabetic;capitalized_candidate
25254,insular,696e73756c6172,7,6179,alphabetic
25268,avorite,61766f72697465,7,6172,alphabetic
25272,indy,696e6479,4,6170,alphabetic
25282,isdom,6973646f6d,5,6166,alphabetic
25294,Eston,4573746f6e,5,6161,alphabetic;capitalized_candidate
25301,thro,7468726f,4,6157,alphabetic
25308,arency,6172656e6379,6,6155,alphabetic
25310,␠Spok,2053706f6b,5,6154,leading_space;alphabetic;capitalized_candidate
25322,óz,c3b37a,3,6150,alphabetic
25328,atabases,6174616261736573,8,6149,alphabetic
25330,sley,736c6579,4,6147,alphabetic
25349,tland,746c616e64,5,6140,alphabetic
25351,Russ,52757373,4,6139,alphabetic;capitalized_candidate
25368,hills,68696c6c73,5,6132,alphabetic
25369,herical,6865726963616c,7,6132,alphabetic
25389,lenburg,6c656e62757267,7,6124,alphabetic
25393,␠spawn,20737061776e,6,6122,leading_space;alphabetic
25423,cox,636f78,3,6113,alphabetic
25432,akala,616b616c61,5,6107,alphabetic
25442,ldon,6c646f6e,4,6103,alphabetic
25445,␠electrom,20656c656374726f6d,9,6101,leading_space;alphabetic
25446,efeller,6566656c6c6572,7,6101,alphabetic
25448,voc,766f63,3,6100,alphabetic
25449,agraph,616772617068,6,6100,alphabetic
25464,Nich,4e696368,4,6095,alphabetic;capitalized_candidate
25500,␠Consolid,20436f6e736f6c6964,9,6083,leading_space;alphabetic;capitalized_candidate
25510,Hier,48696572,4,6076,alphabetic;capitalized_candidate
25513,Honor,486f6e6f72,5,6076,alphabetic;capitalized_candidate
25518,aius,61697573,4,6074,alphabetic
25519,scher,7363686572,5,6074,alphabetic
25527,␠convinc,20636f6e76696e63,8,6071,leading_space;alphabetic
25530,␠bureauc,2062757265617563,8,6071,leading_space;alphabetic
25533,␠kern,206b65726e,5,6069,leading_space;alphabetic
25538,␠Ambro,20416d62726f,6,6068,leading_space;alphabetic;capitalized_candidate
25541,ummond,756d6d6f6e64,6,6067,alphabetic
25554,␠goalt,20676f616c74,6,6062,leading_space;alphabetic
25575,ubljana,75626c6a616e61,7,6053,alphabetic
25598,airns,6169726e73,5,6045,alphabetic
25601,Airl,4169726c,4,6044,alphabetic;capitalized_candidate
25615,学,e5ada6,3,6040,alphabetic
25630,houn,686f756e,4,6034,alphabetic
25645,Baptist,42617074697374,7,6029,alphabetic;capitalized_candidate
25686,ducers,647563657273,6,6012,alphabetic;suffix_shape
25688,effective,656666656374697665,9,6012,alphabetic
25705,␠Phel,205068656c,5,6005,leading_space;alphabetic;capitalized_candidate
25726,onnaissance,6f6e6e61697373616e6365,11,6000,alphabetic
25760,inians,696e69616e73,6,5985,alphabetic
25775,␠Turkmen,205475726b6d656e,8,5981,leading_space;alphabetic;capitalized_candidate
25790,␠nar,206e6172,4,5977,leading_space;alphabetic
25800,ooner,6f6f6e6572,5,5973,alphabetic
25810,udders,756464657273,6,5968,alphabetic;suffix_shape
25812,ribers,726962657273,6,5967,alphabetic;suffix_shape
25816,␠Mys,204d7973,4,5965,leading_space;alphabetic;capitalized_candidate
25826,␠Sina,2053696e61,5,5962,leading_space;alphabetic;capitalized_candidate
25846,clip,636c6970,4,5956,alphabetic
25854,Butter,427574746572,6,5953,alphabetic;capitalized_candidate
25857,␠infring,20696e6672696e67,8,5951,leading_space;alphabetic
25871,embley,656d626c6579,6,5945,alphabetic
25931,␠Jacqu,204a61637175,6,5924,leading_space;alphabetic;capitalized_candidate
25939,␠wholes,2077686f6c6573,7,5922,leading_space;alphabetic
25940,␠Caf,20436166,4,5921,leading_space;alphabetic;capitalized_candidate
25947,iasm,6961736d,4,5920,alphabetic
25958,␠Weh,20576568,4,5916,leading_space;alphabetic;capitalized_candidate
25970,ctoral,63746f72616c,6,5912,alphabetic
25983,ottenham,6f7474656e68616d,8,5907,alphabetic
25985,inational,696e6174696f6e616c,9,5906,alphabetic
25986,␠cauc,2063617563,5,5906,leading_space;alphabetic
25996,wagen,776167656e,5,5903,alphabetic
26003,␠Alz,20416c7a,4,5898,leading_space;alphabetic;capitalized_candidate
26026,␠cylind,2063796c696e64,7,5891,leading_space;alphabetic
26027,leine,6c65696e65,5,5890,alphabetic
26033,ellaneous,656c6c616e656f7573,9,5889,alphabetic
26039,␠Erit,2045726974,5,5886,leading_space;alphabetic;capitalized_candidate
26040,␠Aristot,2041726973746f74,8,5886,leading_space;alphabetic;capitalized_candidate
26048,␠Albu,20416c6275,5,5884,leading_space;alphabetic;capitalized_candidate
26049,sychedelic,737963686564656c6963,10,5884,alphabetic
26061,␠Mesopot,204d65736f706f74,8,5879,leading_space;alphabetic;capitalized_candidate
26067,␠Giac,2047696163,5,5876,leading_space;alphabetic;capitalized_candidate
26073,uremberg,7572656d62657267,8,5873,alphabetic
26084,Achie,4163686965,5,5869,alphabetic;capitalized_candidate
26088,ifical,69666963616c,6,5867,alphabetic
26120,offic,6f66666963,5,5857,alphabetic
26128,␠sprin,20737072696e,6,5854,leading_space;alphabetic
26129,lighten,6c69676874656e,7,5854,alphabetic
26145,␠Neighbor,204e65696768626f72,9,5850,leading_space;alphabetic;capitalized_candidate
26147,␠Wrest,205772657374,6,5848,leading_space;alphabetic;capitalized_candidate
26175,iburg,6962757267,5,5837,alphabetic
26178,donald,646f6e616c64,6,5837,alphabetic
26185,ajara,616a617261,5,5835,alphabetic
26191,␠gluc,20676c7563,5,5833,leading_space;alphabetic
26194,ithm,6974686d,4,5832,alphabetic
26207,␠prejud,207072656a7564,7,5828,leading_space;alphabetic
26216,urnames,75726e616d6573,7,5827,alphabetic
26218,␠erup,2065727570,5,5826,leading_space;alphabetic
26231,Brook,42726f6f6b,5,5819,alphabetic;capitalized_candidate
26236,lehem,6c6568656d,5,5816,alphabetic
26238,available,617661696c61626c65,9,5816,alphabetic;suffix_shape
26247,␠hed,20686564,4,5813,leading_space;alphabetic
26251,gorod,676f726f64,5,5812,alphabetic
26292,Budd,42756464,4,5798,alphabetic;capitalized_candidate
26308,␠Guth,2047757468,5,5792,leading_space;alphabetic;capitalized_candidate
26311,bably,6261626c79,5,5791,alphabetic;suffix_shape
26318,perors,7065726f7273,6,5789,alphabetic
26330,itimate,6974696d617465,7,5785,alphabetic
26332,waffe,7761666665,5,5782,alphabetic
26336,earances,656172616e636573,8,5781,alphabetic
26342,␠latt,206c617474,5,5779,leading_space;alphabetic
26378,␠fart,2066617274,5,5768,leading_space;alphabetic
26383,drop,64726f70,4,5766,alphabetic
26399,␠barrist,2062617272697374,8,5762,leading_space;alphabetic
26407,Vin,56696e,3,5757,alphabetic;capitalized_candidate
26421,tingen,74696e67656e,6,5753,alphabetic
26423,inished,696e6973686564,7,5752,alphabetic;suffix_shape
26431,␠Nept,204e657074,5,5750,leading_space;alphabetic;capitalized_candidate
26439,iddish,696464697368,6,5747,alphabetic
26458,onut,6f6e7574,4,5740,alphabetic
26463,eredith,65726564697468,7,5738,alphabetic
26467,␠Upp,20557070,4,5737,leading_space;alphabetic;capitalized_candidate
26505,lyss,6c797373,4,5726,alphabetic
26513,réal,72c3a9616c,5,5722,alphabetic
26572,inel,696e656c,4,5698,alphabetic
26581,aduct,6164756374,5,5694,alphabetic
26595,aminated,616d696e61746564,8,5689,alphabetic;suffix_shape
26601,errilla,657272696c6c61,7,5687,alphabetic
26612,␠succ,2073756363,5,5684,leading_space;alphabetic
26615,legan,6c6567616e,5,5681,alphabetic
26629,tef,746566,3,5678,alphabetic
26656,␠Purs,2050757273,5,5667,leading_space;alphabetic;capitalized_candidate
26662,mancip,6d616e636970,6,5666,alphabetic
26681,ustion,757374696f6e,6,5659,alphabetic;suffix_shape
26696,\xe6\xa0,e6a0,2,5655,contains_symbol
26700,apeake,617065616b65,6,5654,alphabetic
26704,␠heredit,2068657265646974,8,5653,leading_space;alphabetic
26717,ronym,726f6e796d,5,5651,alphabetic
26726,asties,617374696573,6,5649,alphabetic
26737,Frid,46726964,4,5645,alphabetic;capitalized_candidate
26747,illac,696c6c6163,5,5642,alphabetic
26780,juana,6a75616e61,5,5631,alphabetic
26785,␠Geomet,2047656f6d6574,7,5630,leading_space;alphabetic;capitalized_candidate
26815,iena,69656e61,4,5622,alphabetic
26836,ppo,70706f,3,5616,alphabetic
26840,appropriate,617070726f707269617465,11,5616,alphabetic
26860,Sloven,536c6f76656e,6,5608,alphabetic;capitalized_candidate
26871,␠Schult,20536368756c74,7,5605,leading_space;alphabetic;capitalized_candidate
26879,␠ausp,2061757370,5,5602,leading_space;alphabetic
26896,␠Bourn,20426f75726e,6,5596,leading_space;alphabetic;capitalized_candidate
26908,␠Hokkaid,20486f6b6b616964,8,5592,leading_space;alphabetic;capitalized_candidate
26920,␠Surviv,20537572766976,7,5587,leading_space;alphabetic;capitalized_candidate
26947,␠Bourg,20426f757267,6,5580,leading_space;alphabetic;capitalized_candidate
26950,pard,70617264,4,5578,alphabetic
26960,␠congr,20636f6e6772,6,5576,leading_space;alphabetic
26967,mbH,6d6248,3,5574,alphabetic
26978,ypt,797074,3,5570,alphabetic
26979,esigned,657369676e6564,7,5570,alphabetic;suffix_shape
26982,␠etern,20657465726e,6,5570,leading_space;alphabetic
27006,ricon,7269636f6e,5,5563,alphabetic
27024,␠Juvent,204a7576656e74,7,5559,leading_space;alphabetic;capitalized_candidate
27038,Prison,507269736f6e,6,5555,alphabetic;capitalized_candidate
27051,CCF,434346,3,5550,alphabetic
27059,ingwood,696e67776f6f64,7,5546,alphabetic
27068,riac,72696163,4,5543,alphabetic
27091,illaume,696c6c61756d65,7,5535,alphabetic
27099,unnan,756e6e616e,5,5531,alphabetic
27117,igham,696768616d,5,5525,alphabetic
27126,␠vass,2076617373,5,5522,leading_space;alphabetic
27129,י,d799,2,5521,alphabetic
27150,␠Khark,204b6861726b,6,5515,leading_space;alphabetic;capitalized_candidate
27197,pun,70756e,3,5501,alphabetic
27210,Heb,486562,3,5497,alphabetic;capitalized_candidate
27211,taker,74616b6572,5,5497,alphabetic
27238,␠Malm,204d616c6d,5,5490,leading_space;alphabetic;capitalized_candidate
27240,ieft,69656674,4,5489,alphabetic
27271,cycles,6379636c6573,6,5477,alphabetic
27274,bilisi,62696c697369,6,5477,alphabetic
27282,␠envelop,20656e76656c6f70,8,5476,leading_space;alphabetic
27301,ennale,656e6e616c65,6,5471,alphabetic
27317,angana,616e67616e61,6,5467,alphabetic
27341,␠Wex,20576578,4,5461,leading_space;alphabetic;capitalized_candidate
27347,obiles,6f62696c6573,6,5459,alphabetic
27356,␠Marj,204d61726a,5,5455,leading_space;alphabetic;capitalized_candidate
27380,Bey,426579,3,5447,alphabetic;capitalized_candidate
27397,vist,76697374,4,5444,alphabetic
27414,phalia,7068616c6961,6,5441,alphabetic
27449,udence,7564656e6365,6,5430,alphabetic
27475,ln,6c6e,2,5422,alphabetic
27485,␠Brab,2042726162,5,5419,leading_space;alphabetic;capitalized_candidate
27490,gne,676e65,3,5417,alphabetic
27512,␠Laus,204c617573,5,5411,leading_space;alphabetic;capitalized_candidate
27534,ificates,6966696361746573,8,5406,alphabetic
27567,␠lia,206c6961,4,5392,leading_space;alphabetic
27574,ulties,756c74696573,6,5390,alphabetic
27625,ypse,79707365,4,5376,alphabetic
27635,␠Nanj,204e616e6a,5,5373,leading_space;alphabetic;capitalized_candidate
27642,banks,62616e6b73,5,5372,alphabetic
27643,udad,75646164,4,5372,alphabetic
27644,alez,616c657a,4,5372,alphabetic
27658,Legisl,4c656769736c,6,5368,alphabetic;capitalized_candidate
27678,␠Hary,2048617279,5,5360,leading_space;alphabetic;capitalized_candidate
27679,␠Gugg,2047756767,5,5360,leading_space;alphabetic;capitalized_candidate
27680,␠dislik,206469736c696b,7,5360,leading_space;alphabetic
27691,adur,61647572,4,5357,alphabetic
27700,eworthy,65776f72746879,7,5355,alphabetic
27703,ivis,69766973,4,5353,alphabetic
27709,ridgeshire,72696467657368697265,10,5353,alphabetic
27713,ummers,756d6d657273,6,5352,alphabetic;suffix_shape
27718,␠Tolk,20546f6c6b,5,5350,leading_space;alphabetic;capitalized_candidate
27736,ariants,617269616e7473,7,5345,alphabetic
27745,élix,c3a96c6978,5,5343,alphabetic
27752,gross,67726f7373,5,5341,alphabetic
27761,␠Spani,205370616e69,6,5339,leading_space;alphabetic;capitalized_candidate
27762,␠Rosem,20526f73656d,6,5339,leading_space;alphabetic;capitalized_candidate
27779,bath,62617468,4,5334,alphabetic
27798,itchie,697463686965,6,5329,alphabetic
27828,uddersfield,7564646572736669656c64,11,5319,alphabetic
27834,␠Siem,205369656d,5,5318,leading_space;alphabetic;capitalized_candidate
27861,fork,666f726b,4,5310,alphabetic
27868,hanna,68616e6e61,5,5309,alphabetic
27896,bration,62726174696f6e,7,5301,alphabetic;suffix_shape
27915,ungi,756e6769,4,5297,alphabetic
27924,omez,6f6d657a,4,5294,alphabetic
27966,indon,696e646f6e,5,5284,alphabetic
28020,␠mitochond,206d69746f63686f6e64,10,5272,leading_space;alphabetic
28042,aekw,61656b77,4,5266,alphabetic
28043,adémie,6164c3a96d6965,7,5266,alphabetic
28058,rocod,726f636f64,5,5263,alphabetic
28069,␠Shand,205368616e64,6,5260,leading_space;alphabetic;capitalized_candidate
28117,uliar,756c696172,5,5245,alphabetic
28119,beaten,62656174656e,6,5245,alphabetic
28123,opatra,6f7061747261,6,5243,alphabetic
28142,␠Husk,204875736b,5,5239,leading_space;alphabetic;capitalized_candidate
28145,uerite,756572697465,6,5239,alphabetic
28150,␠tatto,20746174746f,6,5237,leading_space;alphabetic
28153,omencl,6f6d656e636c,6,5237,alphabetic
28193,untarily,756e746172696c79,8,5227,alphabetic;suffix_shape
28261,␠therape,2074686572617065,8,5209,leading_space;alphabetic
28263,␠Argy,2041726779,5,5209,leading_space;alphabetic;capitalized_candidate
28266,␠Chey,2043686579,5,5209,leading_space;alphabetic;capitalized_candidate
28275,␠Voj,20566f6a,4,5207,leading_space;alphabetic;capitalized_candidate
28286,␠frig,2066726967,5,5204,leading_space;alphabetic
28289,tebrates,7465627261746573,8,5204,alphabetic
28312,␠impe,20696d7065,5,5196,leading_space;alphabetic
28317,␠Ordin,204f7264696e,6,5195,leading_space;alphabetic;capitalized_candidate
28332,lephants,6c657068616e7473,8,5191,alphabetic
28342,acium,616369756d,5,5186,alphabetic
28392,joys,6a6f7973,4,5171,alphabetic
28403,andem,616e64656d,5,5167,alphabetic
28430,abody,61626f6479,5,5158,alphabetic
28447,bao,62616f,3,5153,alphabetic
28468,Prin,5072696e,4,5146,alphabetic;capitalized_candidate
28484,flicts,666c69637473,6,5142,alphabetic
28492,␠vulner,2076756c6e6572,7,5140,leading_space;alphabetic
28495,␠Riks,2052696b73,5,5140,leading_space;alphabetic;capitalized_candidate
28513,odeon,6f64656f6e,5,5136,alphabetic
28537,␠Tiff,2054696666,5,5127,leading_space;alphabetic;capitalized_candidate
28556,␠grap,2067726170,5,5124,leading_space;alphabetic
28571,ptions,7074696f6e73,6,5120,alphabetic
28596,inemann,696e656d616e6e,7,5113,alphabetic
28603,␠unpopul,20756e706f70756c,8,5111,leading_space;alphabetic
28613,islava,69736c617661,6,5107,alphabetic
28626,Germ,4765726d,4,5103,alphabetic;capitalized_candidate
28632,lares,6c61726573,5,5102,alphabetic
28633,veau,76656175,4,5101,alphabetic
28634,grims,6772696d73,5,5101,alphabetic
28645,ismar,69736d6172,5,5098,alphabetic
28646,␠Prepar,20507265706172,7,5098,leading_space;alphabetic;capitalized_candidate
28649,henburg,68656e62757267,7,5097,alphabetic
28671,␠voy,20766f79,4,5091,leading_space;alphabetic
28672,␠puzz,2070757a7a,5,5090,leading_space;alphabetic
28676,anoi,616e6f69,4,5088,alphabetic
28771,␠troph,2074726f7068,6,5064,leading_space;alphabetic
28792,inley,696e6c6579,5,5061,alphabetic
28812,echtenstein,65636874656e737465696e,11,5056,alphabetic
28867,glomer,676c6f6d6572,6,5039,alphabetic
28936,jans,6a616e73,4,5021,alphabetic
28984,umnus,756d6e7573,5,5008,alphabetic
28988,astrous,617374726f7573,7,5006,alphabetic
29010,acula,6163756c61,5,4999,alphabetic
29013,␠tremend,207472656d656e64,8,4999,leading_space;alphabetic
29015,ttes,74746573,4,4998,alphabetic
29036,uably,7561626c79,5,4994,alphabetic;suffix_shape
29078,acteria,61637465726961,7,4984,alphabetic
29090,stitutes,7374697475746573,8,4977,alphabetic
29102,ubishi,756269736869,6,4973,alphabetic
29107,␠vern,207665726e,5,4972,leading_space;alphabetic
29108,ftime,6674696d65,5,4971,alphabetic
29131,ebol,65626f6c,4,4967,alphabetic
29132,Ark,41726b,3,4967,alphabetic;capitalized_candidate
29242,AFTA,41465441,4,4939,alphabetic
29263,␠foli,20666f6c69,5,4935,leading_space;alphabetic
29265,anooga,616e6f6f6761,6,4935,alphabetic
29280,airobi,6169726f6269,6,4931,alphabetic
29296,Fabric,466162726963,6,4924,alphabetic;capitalized_candidate
29344,␠Éd,20c38964,4,4911,leading_space;alphabetic;capitalized_candidate
29387,␠Therap,20546865726170,7,4900,leading_space;alphabetic;capitalized_candidate
29393,venskan,76656e736b616e,7,4900,alphabetic
29404,othschild,6f7468736368696c64,9,4897,alphabetic
29407,␠Dort,20446f7274,5,4896,leading_space;alphabetic;capitalized_candidate
29432,eligible,656c696769626c65,8,4890,alphabetic;suffix_shape
29441,␠envision,20656e766973696f6e,9,4888,leading_space;alphabetic
29447,␠flatt,20666c617474,6,4887,leading_space;alphabetic
29469,émon,c3a96d6f6e,5,4878,alphabetic
29541,␠Smack,20536d61636b,6,4862,leading_space;alphabetic;capitalized_candidate
29618,aculate,6163756c617465,7,4841,alphabetic
29633,Bride,4272696465,5,4838,alphabetic;capitalized_candidate
29646,reira,7265697261,5,4834,alphabetic
29655,␠Göt,2047c3b674,5,4831,leading_space;alphabetic;capitalized_candidate
29665,clipse,636c69707365,6,4829,alphabetic
29672,atoon,61746f6f6e,5,4826,alphabetic
29759,struments,737472756d656e7473,9,4797,alphabetic
29793,␠tsun,207473756e,5,4789,leading_space;alphabetic
29802,erevan,65726576616e,6,4787,alphabetic
29811,ễ,e1bb85,3,4784,alphabetic
29821,␠Jerem,204a6572656d,6,4782,leading_space;alphabetic;capitalized_candidate
29847,Kurd,4b757264,4,4774,alphabetic;capitalized_candidate
29850,␠Sovere,20536f76657265,7,4774,leading_space;alphabetic;capitalized_candidate
29862,␠albed,20616c626564,6,4772,leading_space;alphabetic
29868,␠Chiche,20436869636865,7,4771,leading_space;alphabetic;capitalized_candidate
29877,ו,d795,2,4769,alphabetic
29878,atown,61746f776e,5,4769,alphabetic
29918,espie,6573706965,5,4759,alphabetic
29932,agoza,61676f7a61,5,4756,alphabetic
29972,assium,61737369756d,6,4745,alphabetic
29992,␠forc,20666f7263,5,4741,leading_space;alphabetic
30057,undai,756e646169,5,4723,alphabetic
30070,inely,696e656c79,5,4720,alphabetic;suffix_shape
30139,inched,696e63686564,6,4700,alphabetic;suffix_shape
30152,uelta,75656c7461,5,4694,alphabetic
30184,ablanca,61626c616e6361,7,4687,alphabetic
30194,ecost,65636f7374,5,4684,alphabetic
30208,aloniki,616c6f6e696b69,7,4680,alphabetic
30241,perture,70657274757265,7,4670,alphabetic
30242,ramatta,72616d61747461,7,4670,alphabetic
30244,␠Gera,2047657261,5,4669,leading_space;alphabetic;capitalized_candidate
30263,olomew,6f6c6f6d6577,6,4664,alphabetic
30357,embles,656d626c6573,6,4644,alphabetic
30409,ithecia,69746865636961,7,4628,alphabetic
30421,istocene,6973746f63656e65,8,4625,alphabetic
30438,␠evid,2065766964,5,4621,leading_space;alphabetic
30483,ễn,e1bb856e,4,4610,alphabetic
30509,oncé,6f6e63c3a9,5,4600,alphabetic
30537,thms,74686d73,4,4593,alphabetic
30538,weeney,7765656e6579,6,4593,alphabetic
30572,hevi,68657669,4,4584,alphabetic
30587,utiny,7574696e79,5,4581,alphabetic
30723,aparte,617061727465,6,4553,alphabetic
30736,izoph,697a6f7068,5,4550,alphabetic
30759,␠paramil,20706172616d696c,8,4545,leading_space;alphabetic
30787,angor,616e676f72,5,4535,alphabetic
30864,校,e6a0a1,3,4514,alphabetic
30866,ithmetic,6974686d65746963,8,4513,alphabetic
30873,ugsburg,75677362757267,7,4511,alphabetic
30952,itored,69746f726564,6,4491,alphabetic;suffix_shape
30977,alympic,616c796d706963,7,4486,alphabetic
30979,agements,6167656d656e7473,8,4485,alphabetic
30985,acruz,616372757a,5,4483,alphabetic
31049,awesi,6177657369,5,4470,alphabetic
31086,cony,636f6e79,4,4458,alphabetic
31089,minent,6d696e656e74,6,4458,alphabetic
31107,Brack,427261636b,5,4452,alphabetic;capitalized_candidate
31108,sala,73616c61,4,4452,alphabetic
31139,endish,656e64697368,6,4448,alphabetic
31196,chwitz,63687769747a,6,4438,alphabetic
31214,vance,76616e6365,5,4434,alphabetic
31281,uphin,757068696e,5,4421,alphabetic
31343,dominal,646f6d696e616c,7,4405,alphabetic
31374,enaries,656e6172696573,7,4400,alphabetic
31419,adua,61647561,4,4391,alphabetic
31476,␠invis,20696e766973,6,4379,leading_space;alphabetic
31512,iduous,6964756f7573,6,4370,alphabetic
31522,renches,72656e63686573,7,4367,alphabetic
31535,ismarck,69736d6172636b,7,4365,alphabetic
31551,cessions,63657373696f6e73,8,4361,alphabetic
31574,aronne,61726f6e6e65,6,4355,alphabetic
31661,aquin,617175696e,5,4337,alphabetic
31834,izophren,697a6f706872656e,8,4302,alphabetic
31839,urasian,7572617369616e,7,4300,alphabetic
31869,nań,6e61c584,4,4294,alphabetic
31929,␠Indoch,20496e646f6368,7,4278,leading_space;alphabetic;capitalized_candidate
31978,ukuoka,756b756f6b61,6,4266,alphabetic
31994,idalgo,6964616c676f,6,4264,alphabetic
32051,ispr,69737072,4,4250,alphabetic
32077,␠Fusil,20467573696c,6,4244,leading_space;alphabetic;capitalized_candidate
32301,␠cott,20636f7474,5,4193,leading_space;alphabetic
32357,nesset,6e6573736574,6,4182,alphabetic
32437,urdays,757264617973,6,4167,alphabetic
32549,iress,6972657373,5,4141,alphabetic
32665,lysses,6c7973736573,6,4118,alphabetic
32676,rmacht,726d61636874,6,4116,alphabetic
32814,írez,c3ad72657a,5,4086,alphabetic
32886,issens,697373656e73,6,4072,alphabetic
32939,fficients,6666696369656e7473,9,4062,alphabetic
33228,␠Domes,20446f6d6573,6,4005,leading_space;alphabetic;capitalized_candidate
33237,␠Racew,205261636577,6,4002,leading_space;alphabetic;capitalized_candidate
33323,␠Susque,20537573717565,7,3988,leading_space;alphabetic;capitalized_candidate
33872,ocalypt,6f63616c797074,7,3887,alphabetic
33879,acerb,6163657262,5,3886,alphabetic
34040,unkn,756e6b6e,4,3858,alphabetic
34244,regor,7265676f72,5,3822,alphabetic
34319,liferation,6c696665726174696f6e,10,3810,alphabetic;suffix_shape
34842,ivisie,697669736965,6,3717,alphabetic
