id,token,hex,bytes,merge_frequency_at_creation,traits
603,eople,656f706c65,5,1649034,alphabetic
604,merican,6d65726963616e,7,1647613,alphabetic
624,clud,636c7564,4,1532240,alphabetic
655,␠includ,20696e636c7564,7,1390827,leading_space;alphabetic
736,orld,6f726c64,4,1095187,alphabetic
774,ootball,6f6f7462616c6c,7,994748,alphabetic
785,ounty,6f756e7479,5,965040,alphabetic
832,resent,726573656e74,6,885252,alphabetic
864,overn,6f7665726e,5,833920,alphabetic
897,istric,697374726963,6,792365,alphabetic
909,␠rele,2072656c65,5,776831,leading_space;alphabetic
963,istrict,69737472696374,7,703059,alphabetic
1006,␠establ,2065737461626c,7,670768,leading_space;alphabetic
1053,ternational,7465726e6174696f6e616c,11,620231,alphabetic
1079,ampions,616d70696f6e73,7,597930,alphabetic
1091,areer,6172656572,5,589580,alphabetic
1107,ugust,7567757374,5,574580,alphabetic
1117,eptember,657074656d626572,8,567728,alphabetic
1121,␠rece,2072656365,5,564400,leading_space;alphabetic
1128,overnment,6f7665726e6d656e74,9,559022,alphabetic;suffix_shape
1133,ctober,63746f626572,6,554742,alphabetic
1157,owever,6f7765766572,6,537767,alphabetic
1169,pril,7072696c,4,531292,alphabetic
1218,ampionship,616d70696f6e73686970,10,496816,alphabetic
1258,duced,6475636564,5,477002,alphabetic;suffix_shape
1291,ebruary,65627275617279,7,461895,alphabetic
1301,levision,6c65766973696f6e,8,459105,alphabetic;suffix_shape
1368,␠contin,20636f6e74696e,7,430930,leading_space;alphabetic
1427,␠describ,2064657363726962,8,402153,leading_space;alphabetic
1497,ublic,75626c6963,5,378636,alphabetic
1572,ouncil,6f756e63696c,6,350036,alphabetic
1602,␠manag,206d616e6167,6,343291,leading_space;alphabetic
1627,ilitary,696c6974617279,7,335801,alphabetic
1634,uthor,7574686f72,5,331156,alphabetic
1692,anguage,616e6775616765,7,316530,alphabetic
1696,urther,757274686572,6,315065,alphabetic
1764,iforn,69666f726e,5,299172,alphabetic
1776,␠consid,20636f6e736964,7,296230,leading_space;alphabetic
1786,ifornia,69666f726e6961,7,293986,alphabetic
1797,riend,7269656e64,5,289557,alphabetic
1823,␠crit,2063726974,5,284526,leading_space;alphabetic
1876,ociety,6f6369657479,6,273963,alphabetic
1935,␠exper,206578706572,6,262628,leading_space;alphabetic
1966,orthern,6f72746865726e,7,257492,alphabetic
1971,gcolor,67636f6c6f72,6,256659,alphabetic
1991,ournal,6f75726e616c,6,251976,alphabetic
2009,␠Minist,204d696e697374,7,248586,leading_space;alphabetic;capitalized_candidate
2020,forman,666f726d616e,6,246975,alphabetic
2037,unicip,756e69636970,6,244398,alphabetic
2044,␠epis,2065706973,5,243082,leading_space;alphabetic
2077,thern,746865726e,5,238342,alphabetic
2089,outhern,6f75746865726e,7,235379,alphabetic
2102,␠Rober,20526f626572,6,234247,leading_space;alphabetic;capitalized_candidate
2110,␠init,20696e6974,5,233555,leading_space;alphabetic
2113,ividual,6976696475616c,7,233207,alphabetic
2124,ccording,63636f7264696e67,8,231146,alphabetic;suffix_shape
2134,umni,756d6e69,4,229328,alphabetic
2148,␠chang,206368616e67,6,227146,leading_space;alphabetic
2160,␠struct,20737472756374,7,225619,leading_space;alphabetic
2241,␠performan,20706572666f726d616e,10,211359,leading_space;alphabetic
2256,ashington,617368696e67746f6e,9,209374,alphabetic
2272,arliam,61726c69616d,6,206080,alphabetic
2276,␠hous,20686f7573,5,205577,leading_space;alphabetic
2281,oints,6f696e7473,5,205038,alphabetic
2294,arliament,61726c69616d656e74,9,203354,alphabetic;suffix_shape
2298,␠hig,20686967,4,202443,leading_space;alphabetic
2338,anies,616e696573,5,197606,alphabetic
2344,ittee,6974746565,5,197144,alphabetic
2352,ketball,6b657462616c6c,7,196445,alphabetic
2364,itect,6974656374,5,195433,alphabetic
2378,␠attem,20617474656d,6,193433,leading_space;alphabetic
2389,␠examp,206578616d70,6,192606,leading_space;alphabetic
2396,estival,6573746976616c,7,191906,alphabetic
2422,␠produc,2070726f647563,7,188983,leading_space;alphabetic
2480,␠surv,2073757276,5,182250,leading_space;alphabetic
2497,ecutive,65637574697665,7,180521,alphabetic
2517,etwork,6574776f726b,6,178980,alphabetic
2544,ricket,7269636b6574,6,176718,alphabetic
2564,heast,6865617374,5,175236,alphabetic
2592,␠administ,2061646d696e697374,9,172559,leading_space;alphabetic
2596,␠gradu,206772616475,6,172293,leading_space;alphabetic
2602,␠Democr,2044656d6f6372,7,171593,leading_space;alphabetic;capitalized_candidate
2613,␠laun,206c61756e,5,170369,leading_space;alphabetic
2636,thlet,74686c6574,5,168662,alphabetic
2639,␠tourn,20746f75726e,6,168249,leading_space;alphabetic
2654,ependent,6570656e64656e74,8,167057,alphabetic
2655,viron,7669726f6e,5,166983,alphabetic
2672,reland,72656c616e64,6,165988,alphabetic
2703,epar,65706172,4,164072,alphabetic
2705,ospital,6f73706974616c,7,163880,alphabetic
2707,␠rul,2072756c,4,163835,leading_space;alphabetic
2713,usical,75736963616c,6,163381,alphabetic
2732,␠municip,206d756e69636970,8,161927,leading_space;alphabetic
2736,ibrary,696272617279,6,161604,alphabetic
2739,ducation,6475636174696f6e,8,161435,alphabetic;suffix_shape
2759,ishop,6973686f70,5,159705,alphabetic
2761,␠becom,206265636f6d,6,159649,leading_space;alphabetic
2776,overnor,6f7665726e6f72,7,158424,alphabetic
2799,writ,77726974,4,156836,alphabetic
2803,ethod,6574686f64,5,156520,alphabetic
2814,␠dram,206472616d,5,155401,leading_space;alphabetic
2819,␠winn,2077696e6e,5,154975,leading_space;alphabetic
2875,vironment,7669726f6e6d656e74,9,151370,alphabetic;suffix_shape
2904,ificant,69666963616e74,7,148932,alphabetic
2925,icago,696361676f,5,147607,alphabetic
2941,␠agre,2061677265,5,146631,leading_space;alphabetic
2995,incip,696e636970,5,142822,alphabetic
3108,acters,616374657273,6,135232,alphabetic;suffix_shape
3112,ugby,75676279,4,135113,alphabetic
3113,␠sugg,2073756767,5,135070,leading_space;alphabetic
3131,␠subsequ,2073756273657175,8,133961,leading_space;alphabetic
3134,usband,757362616e64,6,133915,alphabetic
3136,atriate,61747269617465,7,133577,alphabetic
3145,uture,7574757265,5,133129,alphabetic
3174,porary,706f72617279,6,131577,alphabetic
3183,␠proble,2070726f626c65,7,130858,leading_space;alphabetic
3190,ublican,75626c6963616e,7,130375,alphabetic
3204,mercial,6d65726369616c,7,129650,alphabetic
3208,ansas,616e736173,5,129470,alphabetic
3248,sylvania,73796c76616e6961,8,127210,alphabetic
3260,ription,72697074696f6e,7,126716,alphabetic;suffix_shape
3320,␠meas,206d656173,5,123814,leading_space;alphabetic
3321,␠neigh,206e65696768,6,123806,leading_space;alphabetic
3335,␠contribut,20636f6e747269627574,10,123227,leading_space;alphabetic
3423,␠occup,206f63637570,6,118672,leading_space;alphabetic
3430,ollowing,6f6c6c6f77696e67,8,118327,alphabetic;suffix_shape
3445,inois,696e6f6973,5,117541,alphabetic
3463,␠reve,2072657665,5,116721,leading_space;alphabetic
3473,␠plann,20706c616e6e,6,116194,leading_space;alphabetic
3503,ometimes,6f6d6574696d6573,8,114981,alphabetic
3506,ampion,616d70696f6e,6,114963,alphabetic
3510,igital,69676974616c,6,114643,alphabetic
3517,unior,756e696f72,5,114367,alphabetic
3538,␠newsp,206e65777370,6,113398,leading_space;alphabetic
3542,␠organiz,206f7267616e697a,8,113239,leading_space;alphabetic
3550,amily,616d696c79,5,112899,alphabetic;suffix_shape
3558,␠scient,20736369656e74,7,112660,leading_space;alphabetic
3582,␠investig,20696e766573746967,9,111567,leading_space;alphabetic
3595,␠manufact,206d616e7566616374,9,111207,leading_space;alphabetic
3600,speople,7370656f706c65,7,110705,alphabetic
3609,␠academ,2061636164656d,7,110232,leading_space;alphabetic
3623,␠frequ,206672657175,6,109709,leading_space;alphabetic
3624,airman,6169726d616e,6,109672,alphabetic
3636,␠cele,2063656c65,5,109001,leading_space;alphabetic
3639,ounter,6f756e746572,6,108871,alphabetic
3655,ancial,616e6369616c,6,108258,alphabetic
3672,␠schol,207363686f6c,6,107491,leading_space;alphabetic
3698,␠territ,20746572726974,7,106628,leading_space;alphabetic
3738,␠complet,20636f6d706c6574,8,105137,leading_space;alphabetic
3791,␠remov,2072656d6f76,6,103067,leading_space;alphabetic
3811,␠veh,20766568,4,102476,leading_space;alphabetic
3827,␠promot,2070726f6d6f74,7,102104,leading_space;alphabetic
3841,orporated,6f72706f7261746564,9,101474,alphabetic;suffix_shape
3903,␠indic,20696e646963,6,99405,leading_space;alphabetic
3930,ww,7777,2,98368,alphabetic
3933,emorial,656d6f7269616c,7,98254,alphabetic
3996,␠adop,2061646f70,5,96440,leading_space;alphabetic
4038,gypt,67797074,4,95265,alphabetic
4073,␠arran,20617272616e,6,93970,leading_space;alphabetic
4076,achusetts,616368757365747473,9,93891,alphabetic
4096,occer,6f63636572,5,93179,alphabetic
4102,ulpt,756c7074,4,93103,alphabetic
4110,␠diffic,20646966666963,7,93006,leading_space;alphabetic
4124,iginal,6967696e616c,6,92634,alphabetic
4135,ackson,61636b736f6e,6,92255,alphabetic
4151,ograp,6f67726170,5,91795,alphabetic
4165,outheast,6f75746865617374,8,91433,alphabetic
4222,ieuten,69657574656e,6,89865,alphabetic
4234,␠instr,20696e737472,6,89457,leading_space;alphabetic
4236,␠accom,206163636f6d,6,89443,leading_space;alphabetic
4270,␠immedi,20696d6d656469,7,88624,leading_space;alphabetic
4282,istricts,6973747269637473,8,88182,alphabetic
4289,attal,617474616c,5,87998,alphabetic
4330,␠occas,206f63636173,6,86704,leading_space;alphabetic
4336,␠chall,206368616c6c,6,86452,leading_space;alphabetic
4339,espite,657370697465,6,86438,alphabetic
4350,␠concer,20636f6e636572,7,86329,leading_space;alphabetic
4365,␠institut,20696e737469747574,9,86001,leading_space;alphabetic
4368,ieutenant,69657574656e616e74,9,85840,alphabetic
4372,onsin,6f6e73696e,5,85785,alphabetic
4388,isconsin,6973636f6e73696e,8,85518,alphabetic
4407,poration,706f726174696f6e,8,85009,alphabetic;suffix_shape
4414,innesota,696e6e65736f7461,8,84876,alphabetic
4450,␠dise,2064697365,5,83964,leading_space;alphabetic
4459,ortheast,6f72746865617374,8,83745,alphabetic
4479,␠categ,206361746567,6,83241,leading_space;alphabetic
4493,␠citiz,20636974697a,6,82788,leading_space;alphabetic
4519,␠inte,20696e7465,5,82277,leading_space;alphabetic
4555,anguages,616e677561676573,8,81384,alphabetic
4558,izabeth,697a6162657468,7,81325,alphabetic
4561,␠sched,207363686564,6,81247,leading_space;alphabetic
4581,selves,73656c766573,6,80990,alphabetic
4624,␠merg,206d657267,5,79992,leading_space;alphabetic
4660,zech,7a656368,4,79198,alphabetic
4671,␠administr,2061646d696e69737472,10,78842,leading_space;alphabetic
4687,␠constitu,20636f6e7374697475,9,78448,leading_space;alphabetic
4694,adelphia,6164656c70686961,8,78326,alphabetic
4701,␠targ,2074617267,5,78158,leading_space;alphabetic
4725,␠partn,20706172746e,6,77607,leading_space;alphabetic
4733,ntario,6e746172696f,6,77421,alphabetic
4745,rovers,726f76657273,6,77224,alphabetic;suffix_shape
4757,peror,7065726f72,5,76816,alphabetic
4761,␠ess,20657373,4,76755,leading_space;alphabetic
4800,undred,756e64726564,6,76038,alphabetic;suffix_shape
4805,emetery,656d6574657279,7,75976,alphabetic
4808,␠surn,207375726e,5,75900,leading_space;alphabetic
4815,etherlands,65746865726c616e6473,10,75774,alphabetic
4847,uilding,75696c64696e67,7,75230,alphabetic;suffix_shape
4867,restling,726573746c696e67,8,74838,alphabetic;suffix_shape
4877,␠prin,207072696e,5,74696,leading_space;alphabetic
4897,chestra,63686573747261,7,74266,alphabetic
4905,ibliography,69626c696f677261706879,11,74003,alphabetic
4963,␠Athlet,204174686c6574,7,72750,leading_space;alphabetic;capitalized_candidate
4991,attalion,617474616c696f6e,8,72113,alphabetic
5012,ependence,6570656e64656e6365,9,71559,alphabetic
5066,perial,70657269616c,6,70718,alphabetic
5067,urches,757263686573,6,70717,alphabetic
5075,igade,6967616465,5,70567,alphabetic
5124,ipment,69706d656e74,6,69510,alphabetic;suffix_shape
5128,␠athlet,206174686c6574,7,69437,leading_space;alphabetic
5161,vanced,76616e636564,6,68846,alphabetic;suffix_shape
5190,lementary,6c656d656e74617279,9,68329,alphabetic
5195,␠agric,206167726963,6,68253,leading_space;alphabetic
5219,error,6572726f72,5,67995,alphabetic
5263,apore,61706f7265,5,67136,alphabetic
5267,ennessee,656e6e6573736565,8,67017,alphabetic
5280,ternet,7465726e6574,6,66872,alphabetic
5285,wegian,77656769616e,6,66792,alphabetic
5290,ocese,6f63657365,5,66729,alphabetic
5294,␠Indones,20496e646f6e6573,8,66668,leading_space;alphabetic;capitalized_candidate
5296,esign,657369676e,5,66477,alphabetic
5301,␠weap,2077656170,5,66400,leading_space;alphabetic
5305,␠withd,207769746864,6,66287,leading_space;alphabetic
5426,rizona,72697a6f6e61,6,64428,alphabetic
5432,␠affili,20616666696c69,7,64335,leading_space;alphabetic
5437,␠controvers,20636f6e74726f76657273,11,64285,leading_space;alphabetic
5456,efe,656665,3,64023,alphabetic
5482,fef,666566,3,63732,alphabetic
5511,regon,7265676f6e,5,63324,alphabetic
5513,␠Spacew,20537061636577,7,63302,leading_space;alphabetic;capitalized_candidate
5544,␠cerem,20636572656d,6,62830,leading_space;alphabetic
5550,incial,696e6369616c,6,62759,alphabetic
5561,␠streng,20737472656e67,7,62616,leading_space;alphabetic
5563,ronze,726f6e7a65,5,62597,alphabetic
5589,␠Municip,204d756e69636970,8,62085,leading_space;alphabetic;capitalized_candidate
5592,igenous,6967656e6f7573,7,62032,alphabetic
5627,␠perman,207065726d616e,7,61531,leading_space;alphabetic
5658,ographics,6f6772617068696373,9,61136,alphabetic
5659,iplom,69706c6f6d,5,61131,alphabetic
5701,ambiguation,616d626967756174696f6e,11,60556,alphabetic;suffix_shape
5745,␠sevent,20736576656e74,7,59837,leading_space;alphabetic
5756,␠journ,206a6f75726e,6,59621,leading_space;alphabetic
5774,ashion,617368696f6e,6,59420,alphabetic
5776,␠conclud,20636f6e636c7564,8,59407,leading_space;alphabetic
5777,ething,657468696e67,6,59404,alphabetic;suffix_shape
5782,elligence,656c6c6967656e6365,9,59322,alphabetic
5826,iminal,696d696e616c,6,58745,alphabetic
5829,␠vess,2076657373,5,58716,leading_space;alphabetic
5840,uguese,756775657365,6,58525,alphabetic
5870,fficial,6666696369616c,7,58031,alphabetic
5876,incoln,696e636f6c6e,6,57889,alphabetic
5884,␠concent,20636f6e63656e74,8,57808,leading_space;alphabetic
5908,rainian,7261696e69616e,7,57472,alphabetic
5925,panic,70616e6963,5,57330,alphabetic
5930,lahoma,6c61686f6d61,6,57305,alphabetic
5939,␠strugg,20737472756767,7,57122,leading_space;alphabetic
5978,␠encour,20656e636f7572,7,56512,leading_space;alphabetic
5990,␠recomm,207265636f6d6d,7,56371,leading_space;alphabetic
5997,VID,564944,3,56321,alphabetic
6005,abama,6162616d61,5,56266,alphabetic
6020,␠thous,2074686f7573,6,55968,leading_space;alphabetic
6045,amilton,616d696c746f6e,7,55585,alphabetic
6062,uildings,75696c64696e6773,8,55354,alphabetic
6073,␠spons,2073706f6e73,6,55164,leading_space;alphabetic
6146,␠disestabl,2064697365737461626c,10,54341,leading_space;alphabetic
6159,ussian,75737369616e,6,54149,alphabetic
6164,issippi,69737369707069,7,54102,alphabetic
6174,uties,7574696573,5,53843,alphabetic
6231,␠carri,206361727269,6,53251,leading_space;alphabetic
6239,ottom,6f74746f6d,5,53141,alphabetic
6251,itzerland,69747a65726c616e64,9,52981,alphabetic
6271,glas,676c6173,4,52774,alphabetic
6293,urrent,757272656e74,6,52411,alphabetic
6332,allery,616c6c657279,6,52009,alphabetic
6341,ecticut,65637469637574,7,51870,alphabetic
6374,amilies,616d696c696573,7,51504,alphabetic
6383,␠heav,2068656176,5,51424,leading_space;alphabetic
6405,ovak,6f76616b,4,51267,alphabetic
6453,␠Writ,2057726974,5,50784,leading_space;alphabetic;capitalized_candidate
6470,iami,69616d69,4,50559,alphabetic
6472,achelor,616368656c6f72,7,50523,alphabetic
6490,bums,62756d73,4,50260,alphabetic
6494,everal,65766572616c,6,50233,alphabetic
6527,escription,65736372697074696f6e,10,49907,alphabetic;suffix_shape
6533,uccess,756363657373,6,49876,alphabetic
6554,␠Territ,20546572726974,7,49693,leading_space;alphabetic;capitalized_candidate
6583,␠LINE,204c494e45,5,49457,leading_space;alphabetic
6589,uerto,756572746f,5,49335,alphabetic
6605,␠diplom,206469706c6f6d,7,49135,leading_space;alphabetic
6672,␠challeng,206368616c6c656e67,9,48406,leading_space;alphabetic
6719,ieval,696576616c,5,47963,alphabetic
6727,␠consum,20636f6e73756d,7,47869,leading_space;alphabetic
6749,␠defin,20646566696e,6,47594,leading_space;alphabetic
6767,␠resear,20726573656172,7,47478,leading_space;alphabetic
6771,ublin,75626c696e,5,47398,alphabetic
6836,owntown,6f776e746f776e,7,46796,alphabetic
6849,risis,7269736973,5,46698,alphabetic
6866,udget,7564676574,5,46557,alphabetic
6889,␠Bangl,2042616e676c,6,46318,leading_space;alphabetic;capitalized_candidate
6894,␠polic,20706f6c6963,6,46280,leading_space;alphabetic
6909,␠inaug,20696e617567,6,46118,leading_space;alphabetic
6910,␠coord,20636f6f7264,6,46114,leading_space;alphabetic
6915,leveland,6c6576656c616e64,8,46084,alphabetic
6946,inburgh,696e6275726768,7,45807,alphabetic
6968,␠auth,2061757468,5,45596,leading_space;alphabetic
6976,␠compris,20636f6d70726973,8,45535,leading_space;alphabetic
7000,gency,67656e6379,5,45356,alphabetic
7013,␠stopp,2073746f7070,6,45240,leading_space;alphabetic
7045,uilt,75696c74,4,44985,alphabetic
7049,␠bey,20626579,4,44952,leading_space;alphabetic
7052,␠recip,207265636970,6,44901,leading_space;alphabetic
7094,seud,73657564,4,44555,alphabetic
7105,␠merch,206d65726368,6,44460,leading_space;alphabetic
7109,ttp,747470,3,44400,alphabetic
7127,tsburgh,74736275726768,7,44172,alphabetic
7151,hammad,68616d6d6164,6,43928,alphabetic
7180,GBT,474254,3,43657,alphabetic
7198,thodox,74686f646f78,6,43527,alphabetic
7242,␠virt,2076697274,5,43139,leading_space;alphabetic
7252,␠spok,2073706f6b,5,43114,leading_space;alphabetic
7262,␠arrang,20617272616e67,7,43017,leading_space;alphabetic
7269,erbai,6572626169,5,42942,alphabetic
7271,ishops,6973686f7073,6,42920,alphabetic
7293,␠compar,20636f6d706172,7,42715,leading_space;alphabetic
7338,issance,697373616e6365,7,42308,alphabetic
7379,␠advant,20616476616e74,7,42069,leading_space;alphabetic
7397,aduate,616475617465,6,41903,alphabetic
7402,␠pione,2070696f6e65,6,41869,leading_space;alphabetic
7420,ithuan,69746875616e,6,41695,alphabetic
7440,rastructure,7261737472756374757265,11,41552,alphabetic
7453,ournament,6f75726e616d656e74,9,41396,alphabetic;suffix_shape
7459,azines,617a696e6573,6,41312,alphabetic
7465,␠decre,206465637265,6,41276,leading_space;alphabetic
7466,antasy,616e74617379,6,41263,alphabetic
7475,ailand,61696c616e64,6,41078,alphabetic
7505,Writ,57726974,4,40891,alphabetic;capitalized_candidate
7530,othing,6f7468696e67,6,40646,alphabetic;suffix_shape
7565,␠experien,20657870657269656e,9,40440,leading_space;alphabetic
7605,␠roc,20726f63,4,40126,leading_space;alphabetic
7620,␠advoc,206164766f63,6,40018,leading_space;alphabetic
7624,Rober,526f626572,5,39990,alphabetic;capitalized_candidate
7651,nold,6e6f6c64,4,39779,alphabetic
7660,␠effic,206566666963,6,39716,leading_space;alphabetic
7672,enezuel,656e657a75656c,7,39621,alphabetic
7676,\x88\x92,8892,2,39612,contains_symbol
7703,␠volunte,20766f6c756e7465,8,39438,leading_space;alphabetic
7720,␠deleg,2064656c6567,6,39342,leading_space;alphabetic
7721,atherine,6174686572696e65,8,39339,alphabetic
7731,␠varian,2076617269616e,7,39300,leading_space;alphabetic
7759,␠nick,206e69636b,5,39025,leading_space;alphabetic
7789,ugoslav,75676f736c6176,7,38856,alphabetic
7806,␠opin,206f70696e,5,38719,leading_space;alphabetic
7807,urday,7572646179,5,38716,alphabetic
7808,␠ancest,20616e63657374,7,38711,leading_space;alphabetic
7843,␠licens,206c6963656e73,7,38520,leading_space;alphabetic
7855,␠announc,20616e6e6f756e63,8,38439,leading_space;alphabetic
7867,mingham,6d696e6768616d,7,38380,alphabetic
7923,␠ille,20696c6c65,5,38014,leading_space;alphabetic
7949,insula,696e73756c61,6,37853,alphabetic
7950,haps,68617073,4,37824,alphabetic
7954,endment,656e646d656e74,7,37786,alphabetic;suffix_shape
7956,␠Azerbai,20417a6572626169,8,37779,leading_space;alphabetic;capitalized_candidate
7979,autiful,6175746966756c,7,37573,alphabetic
7988,␠emot,20656d6f74,5,37457,leading_space;alphabetic
8022,␠upd,20757064,4,37236,leading_space;alphabetic
8039,␠proced,2070726f636564,7,37122,leading_space;alphabetic
8054,␠exerc,206578657263,6,37033,leading_space;alphabetic
8060,ategy,6174656779,5,36959,alphabetic
8084,ebraska,65627261736b61,7,36853,alphabetic
8109,␠surg,2073757267,5,36624,leading_space;alphabetic
8122,avalry,6176616c7279,6,36569,alphabetic
8134,merce,6d65726365,5,36461,alphabetic
8219,␠consequ,20636f6e73657175,8,35845,leading_space;alphabetic
8227,orkshire,6f726b7368697265,8,35822,alphabetic
8242,leyball,6c657962616c6c,7,35749,alphabetic
8301,␠veter,207665746572,6,35404,leading_space;alphabetic
8317,aptist,617074697374,6,35300,alphabetic
8333,Afric,4166726963,5,35212,alphabetic;capitalized_candidate
8341,ranean,72616e65616e,6,35168,alphabetic
8342,␠insc,20696e7363,5,35159,leading_space;alphabetic
8381,␠Confeder,20436f6e6665646572,9,34910,leading_space;alphabetic;capitalized_candidate
8387,␠submar,207375626d6172,7,34875,leading_space;alphabetic
8396,␠YouT,20596f7554,5,34839,leading_space;alphabetic;capitalized_candidate
8464,itime,6974696d65,5,34414,alphabetic
8477,␠Venezuel,2056656e657a75656c,9,34317,leading_space;alphabetic;capitalized_candidate
8491,plete,706c657465,5,34249,alphabetic
8537,␠Lithuan,204c69746875616e,8,34026,leading_space;alphabetic;capitalized_candidate
8543,fecture,66656374757265,7,34013,alphabetic
8550,␠comed,20636f6d6564,6,33948,leading_space;alphabetic
8554,␠nickn,206e69636b6e,6,33908,leading_space;alphabetic
8555,resents,726573656e7473,7,33902,alphabetic
8558,␠unsuccess,20756e73756363657373,10,33872,leading_space;alphabetic
8594,cyclop,6379636c6f70,6,33625,alphabetic
8596,␠Leban,204c6562616e,6,33616,leading_space;alphabetic;capitalized_candidate
8597,isode,69736f6465,5,33613,alphabetic
8614,␠accommod,206163636f6d6d6f64,9,33546,leading_space;alphabetic
8620,␠Associ,204173736f6369,7,33502,leading_space;alphabetic;capitalized_candidate
8644,␠releg,2072656c6567,6,33372,leading_space;alphabetic
8675,jamin,6a616d696e,5,33241,alphabetic
8688,␠hun,2068756e,4,33150,leading_space;alphabetic
8691,auty,61757479,4,33137,alphabetic
8731,␠flo,20666c6f,4,32900,leading_space;alphabetic
8743,iterranean,6974657272616e65616e,10,32840,alphabetic
8778,␠cous,20636f7573,5,32694,leading_space;alphabetic
8782,ibbean,69626265616e,6,32654,alphabetic
8788,␠bran,206272616e,5,32632,leading_space;alphabetic
8797,␠incorpor,20696e636f72706f72,9,32583,leading_space;alphabetic
8815,mphony,6d70686f6e79,6,32495,alphabetic
8824,ouncill,6f756e63696c6c,7,32424,alphabetic
8825,␠somew,20736f6d6577,6,32410,leading_space;alphabetic
8851,␠commemor,20636f6d6d656d6f72,9,32205,leading_space;alphabetic
8855,incinn,696e63696e6e,6,32190,alphabetic
8871,tenance,74656e616e6365,7,32112,alphabetic
8877,oenix,6f656e6978,5,32059,alphabetic
8897,␠accur,206163637572,6,31942,leading_space;alphabetic
8905,xts,787473,3,31888,alphabetic
8912,␠kilomet,206b696c6f6d6574,8,31852,leading_space;alphabetic
8915,formance,666f726d616e6365,8,31838,alphabetic
8927,ricane,726963616e65,6,31772,alphabetic
8937,usalem,7573616c656d,6,31689,alphabetic
8946,incinnati,696e63696e6e617469,9,31662,alphabetic
8950,␠explos,206578706c6f73,7,31640,leading_space;alphabetic
8952,␠shel,207368656c,5,31633,leading_space;alphabetic
8974,␠pian,207069616e,5,31503,leading_space;alphabetic
9009,ellect,656c6c656374,6,31256,alphabetic
9043,hattan,68617474616e,6,31130,alphabetic
9059,itects,697465637473,6,31075,alphabetic
9103,eoples,656f706c6573,6,30865,alphabetic
9125,␠theore,207468656f7265,7,30728,leading_space;alphabetic
9138,␠unus,20756e7573,5,30689,leading_space;alphabetic
9145,itecture,6974656374757265,8,30613,alphabetic
9155,␠danc,2064616e63,5,30554,leading_space;alphabetic
9179,␠fram,206672616d,5,30455,leading_space;alphabetic
9203,␠recre,207265637265,6,30335,leading_space;alphabetic
9211,␠assass,20617373617373,7,30287,leading_space;alphabetic
9272,ocument,6f63756d656e74,7,29926,alphabetic;suffix_shape
9276,ancouver,616e636f75766572,8,29905,alphabetic
9291,␠destr,206465737472,6,29801,leading_space;alphabetic
9298,␠surre,207375727265,6,29782,leading_space;alphabetic
9311,oustic,6f7573746963,6,29711,alphabetic
9332,␠manusc,206d616e757363,7,29623,leading_space;alphabetic
9333,␠jurisd,206a7572697364,7,29620,leading_space;alphabetic
9347,isition,69736974696f6e,7,29572,alphabetic;suffix_shape
9366,celona,63656c6f6e61,6,29479,alphabetic
9403,␠Eston,204573746f6e,6,29348,leading_space;alphabetic;capitalized_candidate
9411,␠Concer,20436f6e636572,7,29310,leading_space;alphabetic;capitalized_candidate
9418,elaide,656c61696465,6,29264,alphabetic
9448,ilarly,696c61726c79,6,29126,alphabetic;suffix_shape
9454,␠alco,20616c636f,5,29096,leading_space;alphabetic
9460,uckland,75636b6c616e64,7,29068,alphabetic
9461,␠subsidi,2073756273696469,8,29066,leading_space;alphabetic
9494,ttps,74747073,4,28907,alphabetic
9503,celand,63656c616e64,6,28843,alphabetic
9505,ducational,6475636174696f6e616c,10,28839,alphabetic
9506,ijing,696a696e67,5,28839,alphabetic;suffix_shape
9512,uador,7561646f72,5,28801,alphabetic
9521,ipients,697069656e7473,7,28763,alphabetic
9565,␠theat,207468656174,6,28551,leading_space;alphabetic
9579,verseas,76657273656173,7,28510,alphabetic
9588,rehens,726568656e73,6,28475,alphabetic
9598,reprene,72657072656e65,7,28431,alphabetic
9633,ountry,6f756e747279,6,28277,alphabetic
9656,rior,72696f72,4,28168,alphabetic
9703,␠wides,207769646573,6,27938,leading_space;alphabetic
9721,ictionary,696374696f6e617279,9,27884,alphabetic
9755,ruit,72756974,4,27754,alphabetic
9822,\x86\x92,8692,2,27475,contains_symbol
9856,␠shif,2073686966,5,27322,leading_space;alphabetic
9865,sterdam,7374657264616d,7,27276,alphabetic
9914,␠pregn,20707265676e,6,27059,leading_space;alphabetic
9920,alph,616c7068,4,27039,alphabetic
9948,aukee,61756b6565,5,26909,alphabetic
9991,␠celeb,2063656c6562,6,26735,leading_space;alphabetic
10000,ovakia,6f76616b6961,6,26688,alphabetic
10008,␠tribut,20747269627574,7,26651,leading_space;alphabetic
10055,␠atmosp,2061746d6f7370,7,26476,leading_space;alphabetic
10060,Athlet,4174686c6574,6,26462,alphabetic;capitalized_candidate
10073,␠pric,2070726963,5,26398,leading_space;alphabetic
10082,igrated,69677261746564,7,26376,alphabetic;suffix_shape
10091,␠philos,207068696c6f73,7,26333,leading_space;alphabetic
10130,␠satisf,20736174697366,7,26196,leading_space;alphabetic
10133,ultane,756c74616e65,6,26182,alphabetic
10136,␠Ethiop,20457468696f70,7,26179,leading_space;alphabetic;capitalized_candidate
10149,␠colle,20636f6c6c65,6,26143,leading_space;alphabetic
10156,waukee,7761756b6565,6,26115,alphabetic
10157,ounsel,6f756e73656c,6,26115,alphabetic
10159,ospitals,6f73706974616c73,8,26113,alphabetic
10163,␠Moroc,204d6f726f63,6,26106,leading_space;alphabetic;capitalized_candidate
10174,␠tas,20746173,4,26074,leading_space;alphabetic
10177,␠acknow,2061636b6e6f77,7,26058,leading_space;alphabetic
10194,igible,696769626c65,6,25992,alphabetic;suffix_shape
10234,Swed,53776564,4,25859,alphabetic;capitalized_candidate
10309,␠Gonz,20476f6e7a,5,25564,leading_space;alphabetic;capitalized_candidate
10390,ducer,6475636572,5,25319,alphabetic
10391,elfare,656c66617265,6,25318,alphabetic
10392,ilipino,696c6970696e6f,7,25317,alphabetic
10435,␠persp,207065727370,6,25158,leading_space;alphabetic
10464,ntil,6e74696c,4,25055,alphabetic
10483,␠predecess,20707265646563657373,10,24995,leading_space;alphabetic
10487,ancellor,616e63656c6c6f72,8,24986,alphabetic
10497,␠signif,207369676e6966,7,24951,leading_space;alphabetic
10507,ellion,656c6c696f6e,6,24917,alphabetic
10510,thlete,74686c657465,6,24910,alphabetic
10530,␠earthqu,2065617274687175,8,24838,leading_space;alphabetic
10533,etition,65746974696f6e,7,24828,alphabetic;suffix_shape
10559,␠excell,20657863656c6c,7,24757,leading_space;alphabetic
10560,␠Sask,205361736b,5,24742,leading_space;alphabetic;capitalized_candidate
10567,gomery,676f6d657279,6,24735,alphabetic
10571,icance,6963616e6365,6,24728,alphabetic
10572,␠discip,20646973636970,7,24726,leading_space;alphabetic
10599,iscopal,6973636f70616c,7,24628,alphabetic
10602,␠therap,20746865726170,7,24620,leading_space;alphabetic
10618,␠Advis,204164766973,6,24517,leading_space;alphabetic;capitalized_candidate
10651,␠coordin,20636f6f7264696e,8,24405,leading_space;alphabetic
10676,␠wat,20776174,4,24313,leading_space;alphabetic
10697,ershire,65727368697265,7,24260,alphabetic
10698,itially,697469616c6c79,7,24256,alphabetic;suffix_shape
10728,itual,697475616c,5,24143,alphabetic
10741,theless,7468656c657373,7,24105,alphabetic
10748,uable,7561626c65,5,24091,alphabetic;suffix_shape
10754,␠holid,20686f6c6964,6,24062,leading_space;alphabetic
10757,␠recru,207265637275,6,24049,leading_space;alphabetic
10766,␠Antar,20416e746172,6,24026,leading_space;alphabetic;capitalized_candidate
10768,␠Byz,2042797a,4,24017,leading_space;alphabetic;capitalized_candidate
10774,␠regul,20726567756c,6,23993,leading_space;alphabetic
10776,erala,6572616c61,5,23988,alphabetic
10822,erally,6572616c6c79,6,23842,alphabetic;suffix_shape
10844,aseball,61736562616c6c,7,23718,alphabetic
10855,erset,6572736574,5,23681,alphabetic
10869,rehensive,726568656e73697665,9,23647,alphabetic
10884,␠resemb,20726573656d62,7,23602,leading_space;alphabetic
10929,ublished,75626c6973686564,8,23435,alphabetic;suffix_shape
10934,ffbb,66666262,4,23419,alphabetic
10956,␠simultane,2073696d756c74616e65,10,23346,leading_space;alphabetic
10962,␠swit,2073776974,5,23330,leading_space;alphabetic
10967,ffield,666669656c64,6,23312,alphabetic
10974,␠libr,206c696272,5,23288,leading_space;alphabetic
10998,␠Bruns,204272756e73,6,23220,leading_space;alphabetic;capitalized_candidate
11000,alymp,616c796d70,5,23219,alphabetic
11074,viously,76696f75736c79,7,22968,alphabetic;suffix_shape
11085,␠surviv,20737572766976,7,22920,leading_space;alphabetic
11095,␠lingu,206c696e6775,6,22867,leading_space;alphabetic
11160,␠Celt,2043656c74,5,22694,leading_space;alphabetic;capitalized_candidate
11161,iour,696f7572,4,22687,alphabetic
11174,ullivan,756c6c6976616e,7,22652,alphabetic
11179,␠algorith,20616c676f72697468,9,22640,leading_space;alphabetic
11200,ivic,69766963,4,22600,alphabetic
11203,␠reven,20726576656e,6,22596,leading_space;alphabetic
11215,namese,6e616d657365,6,22543,alphabetic
11226,␠helic,2068656c6963,6,22514,leading_space;alphabetic
11264,itars,6974617273,5,22375,alphabetic
11325,inceton,696e6365746f6e,7,22203,alphabetic
11335,␠entreprene,20656e7472657072656e65,11,22185,leading_space;alphabetic
11338,amep,616d6570,4,22175,alphabetic
11356,␠Franç,204672616ec3a7,7,22131,leading_space;alphabetic;capitalized_candidate
11361,velt,76656c74,4,22113,alphabetic
11375,␠underw,20756e64657277,7,22077,leading_space;alphabetic
11388,ificial,6966696369616c,7,22044,alphabetic
11408,akespe,616b65737065,6,22003,alphabetic
11409,␠thir,2074686972,5,22001,leading_space;alphabetic
11411,␠controll,20636f6e74726f6c6c,9,21995,leading_space;alphabetic
11418,hematical,68656d61746963616c,9,21972,alphabetic
11432,akespeare,616b65737065617265,9,21938,alphabetic
11436,byter,6279746572,5,21922,alphabetic
11464,␠interpre,20696e746572707265,9,21838,leading_space;alphabetic
11494,␠upgr,2075706772,5,21772,leading_space;alphabetic
11502,agonist,61676f6e697374,7,21752,alphabetic
11503,atchewan,617463686577616e,8,21752,alphabetic
11512,␠Sloven,20536c6f76656e,7,21732,leading_space;alphabetic;capitalized_candidate
11523,Mex,4d6578,3,21704,alphabetic;capitalized_candidate
11527,rative,726174697665,6,21692,alphabetic
11575,angered,616e6765726564,7,21559,alphabetic;suffix_shape
11580,␠Treas,205472656173,6,21538,leading_space;alphabetic;capitalized_candidate
11588,␠condem,20636f6e64656d,7,21512,leading_space;alphabetic
11594,ephew,6570686577,5,21505,alphabetic
11628,eneg,656e6567,4,21400,alphabetic
11652,␠Brisb,204272697362,6,21342,leading_space;alphabetic;capitalized_candidate
11657,Sched,5363686564,5,21319,alphabetic;capitalized_candidate
11669,␠mathematic,206d617468656d61746963,11,21289,leading_space;alphabetic
11676,␠accomp,206163636f6d70,7,21253,leading_space;alphabetic
11699,␠scen,207363656e,5,21185,leading_space;alphabetic
11716,osevelt,6f736576656c74,7,21144,alphabetic
11724,anion,616e696f6e,5,21130,alphabetic
11725,prus,70727573,4,21130,alphabetic
11729,entle,656e746c65,5,21125,alphabetic
11741,levard,6c6576617264,6,21104,alphabetic
11766,␠inhab,20696e686162,6,21011,leading_space;alphabetic
11797,ussels,757373656c73,6,20919,alphabetic
11810,␠Napole,204e61706f6c65,7,20899,leading_space;alphabetic;capitalized_candidate
11825,ffee,66666565,4,20846,alphabetic
11840,oyage,6f79616765,5,20810,alphabetic
11874,minist,6d696e697374,6,20726,alphabetic
11935,umbai,756d626169,5,20558,alphabetic
11958,␠manif,206d616e6966,6,20517,leading_space;alphabetic
11986,iracy,6972616379,5,20462,alphabetic
11995,eor,656f72,3,20445,alphabetic
11997,␠astronom,20617374726f6e6f6d,9,20435,leading_space;alphabetic
11999,ameplay,616d65706c6179,7,20429,alphabetic
12010,␠guar,2067756172,5,20380,leading_space;alphabetic
12074,Columb,436f6c756d62,6,20216,alphabetic;capitalized_candidate
12079,aude,61756465,4,20207,alphabetic
12106,␠Urugu,205572756775,6,20157,leading_space;alphabetic;capitalized_candidate
12171,ashire,617368697265,6,19985,alphabetic
12177,monton,6d6f6e746f6e,6,19972,alphabetic
12186,␠referend,207265666572656e64,9,19946,leading_space;alphabetic
12198,ovanni,6f76616e6e69,6,19912,alphabetic
12203,intendent,696e74656e64656e74,9,19888,alphabetic
12215,␠els,20656c73,4,19862,leading_space;alphabetic
12237,␠consolid,20636f6e736f6c6964,9,19815,leading_space;alphabetic
12256,␠Deuts,204465757473,6,19758,leading_space;alphabetic;capitalized_candidate
12281,␠horiz,20686f72697a,6,19697,leading_space;alphabetic
12284,␠councill,20636f756e63696c6c,9,19682,leading_space;alphabetic
12286,SPN,53504e,3,19681,alphabetic
12322,␠disch,206469736368,6,19606,leading_space;alphabetic
12327,terbury,74657262757279,7,19595,alphabetic
12370,␠avo,2061766f,4,19478,leading_space;alphabetic
12371,␠prosecut,2070726f7365637574,9,19476,leading_space;alphabetic
12397,tical,746963616c,5,19405,alphabetic
12406,␠Glou,20476c6f75,5,19396,leading_space;alphabetic;capitalized_candidate
12429,abwe,61627765,4,19338,alphabetic
12439,ternoon,7465726e6f6f6e,7,19289,alphabetic
12443,␠distingu,2064697374696e6775,9,19276,leading_space;alphabetic
12449,␠orche,206f72636865,6,19262,leading_space;alphabetic
12477,␠Leic,204c656963,5,19187,leading_space;alphabetic;capitalized_candidate
12480,␠Volunte,20566f6c756e7465,8,19183,leading_space;alphabetic;capitalized_candidate
12491,␠prest,207072657374,6,19155,leading_space;alphabetic
12522,␠cyl,2063796c,4,19094,leading_space;alphabetic
12529,imbabwe,696d6261627765,7,19078,alphabetic
12532,byterian,627974657269616e,8,19066,alphabetic
12539,stanbul,7374616e62756c,7,19049,alphabetic
12556,intendo,696e74656e646f,7,19020,alphabetic
12557,␠torped,20746f72706564,7,19015,leading_space;alphabetic
12589,ategory,617465676f7279,7,18947,alphabetic
12593,artet,6172746574,5,18932,alphabetic
12605,osex,6f736578,4,18906,alphabetic
12622,ocumentary,6f63756d656e74617279,10,18860,alphabetic
12623,oday,6f646179,4,18858,alphabetic
12636,␠botan,20626f74616e,6,18833,leading_space;alphabetic
12641,␠endors,20656e646f7273,7,18822,leading_space;alphabetic
12652,animous,616e696d6f7573,7,18796,alphabetic
12682,␠surpr,207375727072,6,18722,leading_space;alphabetic
12684,gary,67617279,4,18716,alphabetic
12717,lando,6c616e646f,5,18641,alphabetic
12742,ndez,6e64657a,4,18596,alphabetic
12777,␠cinem,2063696e656d,6,18506,leading_space;alphabetic
12779,athered,61746865726564,7,18502,alphabetic;suffix_shape
12784,legraph,6c656772617068,7,18494,alphabetic
12822,␠Paralymp,20506172616c796d70,9,18413,leading_space;alphabetic;capitalized_candidate
12828,embourg,656d626f757267,7,18408,alphabetic
12860,Municip,4d756e69636970,7,18351,alphabetic;capitalized_candidate
12862,etles,65746c6573,5,18347,alphabetic
12866,␠fulf,2066756c66,5,18342,leading_space;alphabetic
12904,␠promin,2070726f6d696e,7,18254,leading_space;alphabetic
12953,ambers,616d62657273,6,18143,alphabetic;suffix_shape
12959,␠reop,2072656f70,5,18129,leading_space;alphabetic
12975,␠philanthrop,207068696c616e7468726f70,12,18107,leading_space;alphabetic
12991,uxiliary,7578696c69617279,8,18081,alphabetic
12993,␠collaps,20636f6c6c617073,8,18078,leading_space;alphabetic
13010,uisine,756973696e65,6,18027,alphabetic
13021,␠Qbug,2051627567,5,17996,leading_space;alphabetic;capitalized_candidate
13030,␠physic,20706879736963,7,17970,leading_space;alphabetic
13031,dinand,64696e616e64,6,17969,alphabetic
13064,␠enthus,20656e74687573,7,17883,leading_space;alphabetic
13099,egovina,65676f76696e61,7,17814,alphabetic
13122,␠Warri,205761727269,6,17777,leading_space;alphabetic;capitalized_candidate
13129,␠bord,20626f7264,5,17760,leading_space;alphabetic
13229,anyon,616e796f6e,5,17525,alphabetic
13242,␠Rodrig,20526f64726967,7,17497,leading_space;alphabetic;capitalized_candidate
13248,␠tox,20746f78,4,17487,leading_space;alphabetic
13260,owder,6f77646572,5,17457,alphabetic
13267,␠judg,206a756467,5,17450,leading_space;alphabetic
13268,␠enh,20656e68,4,17449,leading_space;alphabetic
13278,␠Monteneg,204d6f6e74656e6567,9,17432,leading_space;alphabetic;capitalized_candidate
13305,ployment,706c6f796d656e74,8,17376,alphabetic;suffix_shape
13318,olics,6f6c696373,5,17347,alphabetic
13328,Belg,42656c67,4,17338,alphabetic;capitalized_candidate
13351,␠independ,20696e646570656e64,9,17303,leading_space;alphabetic
13379,phibians,7068696269616e73,8,17253,alphabetic
13395,utical,75746963616c,6,17222,alphabetic
13432,␠Citiz,20436974697a,6,17137,leading_space;alphabetic;capitalized_candidate
13489,␠assum,20617373756d,6,17012,leading_space;alphabetic
13493,avery,6176657279,5,17006,alphabetic
13521,ocaust,6f6361757374,6,16943,alphabetic
13535,␠abund,206162756e64,6,16900,leading_space;alphabetic
13537,␠sovere,20736f76657265,7,16898,leading_space;alphabetic
13612,irgin,697267696e,5,16748,alphabetic
13670,␠explan,206578706c616e,7,16659,leading_space;alphabetic
13695,idance,6964616e6365,6,16591,alphabetic
13698,mology,6d6f6c6f6779,6,16581,alphabetic
13707,senal,73656e616c,5,16571,alphabetic
13727,␠autob,206175746f62,6,16528,leading_space;alphabetic
13728,riculum,726963756c756d,7,16527,alphabetic
13760,ipzig,69707a6967,5,16474,alphabetic
13795,habilit,686162696c6974,7,16407,alphabetic
13811,agascar,61676173636172,7,16379,alphabetic
13820,ometown,6f6d65746f776e,7,16360,alphabetic
13855,␠answ,20616e7377,5,16311,leading_space;alphabetic
13893,lymouth,6c796d6f757468,7,16248,alphabetic
13911,inced,696e636564,5,16202,alphabetic;suffix_shape
13926,␠Clif,20436c6966,5,16168,leading_space;alphabetic;capitalized_candidate
13951,ergus,6572677573,5,16123,alphabetic
13968,ridor,7269646f72,5,16092,alphabetic
13975,␠warri,207761727269,6,16079,leading_space;alphabetic
14012,␠Middles,204d6964646c6573,8,15989,leading_space;alphabetic;capitalized_candidate
14040,␠Veter,205665746572,6,15924,leading_space;alphabetic;capitalized_candidate
14052,uline,756c696e65,5,15899,alphabetic
14076,munition,6d756e6974696f6e,8,15861,alphabetic;suffix_shape
14170,␠Czechosl,20437a6563686f736c,9,15736,leading_space;alphabetic;capitalized_candidate
14189,␠relie,2072656c6965,6,15682,leading_space;alphabetic
14199,ipeg,69706567,4,15663,alphabetic
14205,anmar,616e6d6172,5,15656,alphabetic
14241,neapolis,6e6561706f6c6973,8,15590,alphabetic
14244,colm,636f6c6d,4,15586,alphabetic
14290,Compet,436f6d706574,6,15522,alphabetic;capitalized_candidate
14291,ipedia,697065646961,6,15521,alphabetic
14292,iblings,69626c696e6773,7,15521,alphabetic
14297,atoes,61746f6573,5,15515,alphabetic
14325,thouse,74686f757365,6,15466,alphabetic
14326,urrect,757272656374,6,15465,alphabetic
14340,␠abbre,206162627265,6,15458,leading_space;alphabetic
14342,␠Leop,204c656f70,5,15453,leading_space;alphabetic;capitalized_candidate
14382,eneath,656e65617468,6,15379,alphabetic
14417,Liter,4c69746572,5,15311,alphabetic;capitalized_candidate
14430,sterious,73746572696f7573,8,15294,alphabetic
14450,␠inhib,20696e686962,6,15265,leading_space;alphabetic
14483,attalions,617474616c696f6e73,9,15219,alphabetic
14492,ández,c3a16e64657a,6,15197,alphabetic
14519,␠privile,2070726976696c65,8,15146,leading_space;alphabetic
14520,␠posthum,20706f737468756d,8,15140,leading_space;alphabetic
14557,␠exclud,206578636c7564,7,15089,leading_space;alphabetic
14560,atriates,6174726961746573,8,15085,alphabetic
14584,␠horizont,20686f72697a6f6e74,9,15048,leading_space;alphabetic
14587,nesday,6e6573646179,6,15045,alphabetic
14608,␠Reserv,20526573657276,7,15007,leading_space;alphabetic;capitalized_candidate
14612,prises,707269736573,6,15001,alphabetic
14617,ecca,65636361,4,14996,alphabetic
14651,ursday,757273646179,6,14950,alphabetic
14653,vironments,7669726f6e6d656e7473,10,14948,alphabetic
14674,␠gif,20676966,4,14922,leading_space;alphabetic
14678,innaeus,696e6e61657573,7,14917,alphabetic
14704,uvian,757669616e,5,14879,alphabetic
14717,␠unve,20756e7665,5,14859,leading_space;alphabetic
14727,␠Reynold,205265796e6f6c64,8,14838,leading_space;alphabetic;capitalized_candidate
14737,phabet,706861626574,6,14825,alphabetic
14749,clesiast,636c657369617374,8,14804,alphabetic
14761,␠destro,2064657374726f,7,14762,leading_space;alphabetic
14770,␠fisher,20666973686572,7,14749,leading_space;alphabetic
14774,␠Hels,2048656c73,5,14742,leading_space;alphabetic;capitalized_candidate
14817,chez,6368657a,4,14671,alphabetic
14865,␠symm,2073796d6d,5,14585,leading_space;alphabetic
14881,␠memb,206d656d62,5,14557,leading_space;alphabetic
14883,␠leng,206c656e67,5,14553,leading_space;alphabetic
14898,␠Aberde,20416265726465,7,14540,leading_space;alphabetic;capitalized_candidate
14910,␠suspic,20737573706963,7,14523,leading_space;alphabetic
14944,␠advertis,206164766572746973,9,14471,leading_space;alphabetic
14961,␠Guatem,2047756174656d,7,14446,leading_space;alphabetic;capitalized_candidate
15003,␠exha,2065786861,5,14396,leading_space;alphabetic
15005,minton,6d696e746f6e,6,14391,alphabetic
15062,linary,6c696e617279,6,14304,alphabetic
15073,diocese,64696f63657365,7,14294,alphabetic
15086,␠consec,20636f6e736563,7,14278,leading_space;alphabetic
15121,␠Nurs,204e757273,5,14241,leading_space;alphabetic;capitalized_candidate
15161,fluence,666c75656e6365,7,14171,alphabetic
15177,␠cruis,206372756973,6,14145,leading_space;alphabetic
15188,iploma,69706c6f6d61,6,14130,alphabetic
15194,ancement,616e63656d656e74,8,14121,alphabetic;suffix_shape
15215,foundland,666f756e646c616e64,9,14090,alphabetic
15242,ifax,69666178,4,14056,alphabetic
15247,␠artif,206172746966,6,14050,leading_space;alphabetic
15252,hammed,68616d6d6564,6,14042,alphabetic;suffix_shape
15260,ophers,6f7068657273,6,14032,alphabetic;suffix_shape
15273,␠exchang,2065786368616e67,8,14015,leading_space;alphabetic
15274,␠devast,20646576617374,7,14013,leading_space;alphabetic
15334,␠Paragu,20506172616775,7,13936,leading_space;alphabetic;capitalized_candidate
15342,ighthouse,69676874686f757365,9,13918,alphabetic
15345,␠treas,207472656173,6,13915,leading_space;alphabetic
15352,veill,7665696c6c,5,13907,alphabetic
15361,lét,6cc3a974,4,13894,alphabetic
15369,␠deriv,206465726976,6,13885,leading_space;alphabetic
15374,clesiastical,636c6573696173746963616c,12,13874,alphabetic
15378,isodes,69736f646573,6,13867,alphabetic
15415,ablo,61626c6f,4,13805,alphabetic
15418,␠Sacram,2053616372616d,7,13804,leading_space;alphabetic;capitalized_candidate
15421,Neigh,4e65696768,5,13801,alphabetic;capitalized_candidate
15431,␠Kurd,204b757264,5,13792,leading_space;alphabetic;capitalized_candidate
15488,␠sacrif,20736163726966,7,13693,leading_space;alphabetic
15534,␠engra,20656e677261,6,13634,leading_space;alphabetic
15540,␠Isab,2049736162,5,13628,leading_space;alphabetic;capitalized_candidate
15555,phoon,70686f6f6e,5,13606,alphabetic
15556,␠Agre,2041677265,5,13604,leading_space;alphabetic;capitalized_candidate
15584,␠theolog,207468656f6c6f67,8,13552,leading_space;alphabetic
15589,veillance,7665696c6c616e6365,9,13545,alphabetic
15600,␠Pione,2050696f6e65,6,13531,leading_space;alphabetic;capitalized_candidate
15604,ominated,6f6d696e61746564,8,13526,alphabetic;suffix_shape
15695,␠forb,20666f7262,5,13398,leading_space;alphabetic
15708,canic,63616e6963,5,13387,alphabetic
15746,orcester,6f72636573746572,8,13342,alphabetic
15761,eals,65616c73,4,13325,alphabetic
15769,␠Bulld,2042756c6c64,6,13313,leading_space;alphabetic;capitalized_candidate
15836,␠landsc,206c616e647363,7,13218,leading_space;alphabetic
15845,␠practition,2070726163746974696f6e,11,13209,leading_space;alphabetic
15873,âte,c3a27465,4,13173,alphabetic
15890,␠examin,206578616d696e,7,13156,leading_space;alphabetic
15893,naissance,6e61697373616e6365,9,13153,alphabetic
15922,␠ske,20736b65,4,13112,leading_space;alphabetic
15946,egie,65676965,4,13083,alphabetic
15947,lético,6cc3a97469636f,7,13083,alphabetic
15968,assadors,61737361646f7273,8,13063,alphabetic
16004,␠homosex,20686f6d6f736578,8,13014,leading_space;alphabetic
16013,idelines,6964656c696e6573,8,12997,alphabetic
16025,heric,6865726963,5,12980,alphabetic
16040,tymology,74796d6f6c6f6779,8,12966,alphabetic
16088,erground,657267726f756e64,8,12895,alphabetic
16103,␠apprent,2061707072656e74,8,12869,leading_space;alphabetic
16149,␠unem,20756e656d,5,12800,leading_space;alphabetic
16168,␠confron,20636f6e66726f6e,8,12773,leading_space;alphabetic
16169,ufacturing,75666163747572696e67,10,12772,alphabetic;suffix_shape
16186,␠Wolver,20576f6c766572,7,12746,leading_space;alphabetic;capitalized_candidate
16198,elfth,656c667468,5,12730,alphabetic
16221,agreb,6167726562,5,12693,alphabetic
16238,␠marri,206d61727269,6,12668,leading_space;alphabetic
16258,communications,636f6d6d756e69636174696f6e73,14,12646,alphabetic
16261,imity,696d697479,5,12639,alphabetic
16262,ilogy,696c6f6779,5,12637,alphabetic
16266,␠Edu,20456475,4,12635,leading_space;alphabetic;capitalized_candidate
16300,␠alumin,20616c756d696e,7,12591,leading_space;alphabetic
16311,␠Congreg,20436f6e67726567,8,12581,leading_space;alphabetic;capitalized_candidate
16319,␠Strateg,2053747261746567,8,12573,leading_space;alphabetic;capitalized_candidate
16337,␠remn,2072656d6e,5,12543,leading_space;alphabetic
16409,␠upris,207570726973,6,12433,leading_space;alphabetic
16457,ucture,756374757265,6,12389,alphabetic
16464,atever,617465766572,6,12380,alphabetic
16477,␠reluct,2072656c756374,7,12364,leading_space;alphabetic
16479,ometime,6f6d6574696d65,7,12361,alphabetic
16485,␠preval,2070726576616c,7,12359,leading_space;alphabetic
16508,uesday,756573646179,6,12329,alphabetic
16515,roleum,726f6c65756d,6,12319,alphabetic
16534,ampire,616d70697265,6,12289,alphabetic
16542,␠troubl,2074726f75626c,7,12278,leading_space;alphabetic
16589,letin,6c6574696e,5,12217,alphabetic
16601,␠subdiv,20737562646976,7,12200,leading_space;alphabetic
16607,ustain,75737461696e,6,12194,alphabetic
16609,␠Guadal,2047756164616c,7,12193,leading_space;alphabetic;capitalized_candidate
16640,␠guarant,2067756172616e74,8,12155,leading_space;alphabetic
16641,␠Lect,204c656374,5,12154,leading_space;alphabetic;capitalized_candidate
16643,penter,70656e746572,6,12153,alphabetic
16650,␠hect,2068656374,5,12146,leading_space;alphabetic
16657,uttgart,75747467617274,7,12136,alphabetic
16658,␠disagre,2064697361677265,8,12133,leading_space;alphabetic
16660,␠overwhel,206f7665727768656c,9,12130,leading_space;alphabetic
16693,␠prepar,20707265706172,7,12097,leading_space;alphabetic
16708,imbledon,696d626c65646f6e,8,12076,alphabetic
16714,UCN,55434e,3,12065,alphabetic
16722,atible,617469626c65,6,12057,alphabetic;suffix_shape
16727,illiant,696c6c69616e74,7,12052,alphabetic
16732,ocide,6f63696465,5,12048,alphabetic
16735,gae,676165,3,12043,alphabetic
16743,Minist,4d696e697374,6,12039,alphabetic;capitalized_candidate
16794,vian,7669616e,4,11989,alphabetic
16805,␠Premi,205072656d69,6,11972,leading_space;alphabetic;capitalized_candidate
16806,ikhail,696b6861696c,6,11970,alphabetic
16841,ethel,657468656c,5,11936,alphabetic
16894,anskrit,616e736b726974,7,11882,alphabetic
16895,␠concentr,20636f6e63656e7472,9,11880,leading_space;alphabetic
16897,mercially,6d65726369616c6c79,9,11878,alphabetic;suffix_shape
16924,␠adequ,206164657175,6,11846,leading_space;alphabetic
16942,ález,c3a16c657a,5,11825,alphabetic
16982,folio,666f6c696f,5,11777,alphabetic
17004,NESCO,4e4553434f,5,11755,alphabetic
17017,␠trigg,207472696767,6,11745,leading_space;alphabetic
17040,ortunately,6f7274756e6174656c79,10,11722,alphabetic;suffix_shape
17073,␠Dolph,20446f6c7068,6,11676,leading_space;alphabetic;capitalized_candidate
17074,␠Corpor,20436f72706f72,7,11676,leading_space;alphabetic;capitalized_candidate
17078,␠deterior,206465746572696f72,9,11673,leading_space;alphabetic
17084,␠neighb,206e6569676862,7,11669,leading_space;alphabetic
17098,etheless,657468656c657373,8,11651,alphabetic
17105,␠brut,2062727574,5,11636,leading_space;alphabetic
17141,␠arist,206172697374,6,11602,leading_space;alphabetic
17183,␠Humph,2048756d7068,6,11563,leading_space;alphabetic;capitalized_candidate
17188,igins,6967696e73,5,11558,alphabetic
17190,rokee,726f6b6565,5,11554,alphabetic
17211,␠antib,20616e746962,6,11524,leading_space;alphabetic
17213,␠financ,2066696e616e63,7,11521,leading_space;alphabetic
17233,lephant,6c657068616e74,7,11508,alphabetic
17234,ductive,64756374697665,7,11503,alphabetic
17254,Kore,4b6f7265,4,11484,alphabetic;capitalized_candidate
17264,educ,65647563,4,11473,alphabetic
17265,␠tob,20746f62,4,11471,leading_space;alphabetic
17266,Paint,5061696e74,5,11470,alphabetic;capitalized_candidate
17283,iuseppe,69757365707065,7,11458,alphabetic
17285,ópez,c3b370657a,5,11457,alphabetic
17293,eonato,656f6e61746f,6,11447,alphabetic
17306,␠Pharm,20506861726d,6,11439,leading_space;alphabetic;capitalized_candidate
17334,Croat,43726f6174,5,11407,alphabetic;capitalized_candidate
17346,raltar,72616c746172,6,11395,alphabetic
17419,venile,76656e696c65,6,11325,alphabetic
17430,␠tonn,20746f6e6e,5,11311,leading_space;alphabetic
17439,␠illeg,20696c6c6567,6,11304,leading_space;alphabetic
17457,␠Syrac,205379726163,6,11278,leading_space;alphabetic;capitalized_candidate
17461,␠fier,2066696572,5,11268,leading_space;alphabetic
17477,pherd,7068657264,5,11252,alphabetic
17492,olades,6f6c61646573,6,11233,alphabetic
17493,ocolate,6f636f6c617465,7,11233,alphabetic
17541,ospace,6f7370616365,6,11175,alphabetic
17547,agedy,6167656479,5,11164,alphabetic
17567,andidates,616e64696461746573,9,11143,alphabetic
17568,ottage,6f7474616765,6,11140,alphabetic
17569,␠migr,206d696772,5,11138,leading_space;alphabetic
17589,itle,69746c65,4,11116,alphabetic
17590,Scient,536369656e74,6,11116,alphabetic;capitalized_candidate
17595,ounters,6f756e74657273,7,11108,alphabetic;suffix_shape
17600,ifferent,6966666572656e74,8,11102,alphabetic
17620,␠ingred,20696e67726564,7,11078,leading_space;alphabetic
17672,idential,6964656e7469616c,8,11016,alphabetic
17683,␠monop,206d6f6e6f70,6,11010,leading_space;alphabetic
17704,␠Neigh,204e65696768,6,10992,leading_space;alphabetic;capitalized_candidate
17725,tures,7475726573,5,10960,alphabetic
17726,berra,6265727261,5,10960,alphabetic
17729,␠Vaugh,205661756768,6,10958,leading_space;alphabetic;capitalized_candidate
17748,iplinary,69706c696e617279,8,10927,alphabetic
17755,␠cryst,206372797374,6,10917,leading_space;alphabetic
17777,uitar,7569746172,5,10900,alphabetic
17779,␠lineback,206c696e656261636b,9,10899,leading_space;alphabetic
17790,verage,766572616765,6,10889,alphabetic
17822,guez,6775657a,4,10868,alphabetic
17825,emberg,656d62657267,6,10866,alphabetic
17846,␠Caucas,20436175636173,7,10851,leading_space;alphabetic;capitalized_candidate
17883,ifinal,6966696e616c,6,10822,alphabetic
17903,␠Councill,20436f756e63696c6c,9,10802,leading_space;alphabetic;capitalized_candidate
17913,itorium,69746f7269756d,7,10794,alphabetic
17955,ríguez,72c3ad6775657a,7,10751,alphabetic
18015,␠defic,206465666963,6,10696,leading_space;alphabetic
18026,␠touc,20746f7563,5,10682,leading_space;alphabetic
18051,iseries,69736572696573,7,10655,alphabetic
18068,ipei,69706569,4,10636,alphabetic
18089,werp,77657270,4,10621,alphabetic
18124,olkata,6f6c6b617461,6,10597,alphabetic
18131,ône,c3b46e65,4,10594,alphabetic
18138,␠gastrop,2067617374726f70,8,10589,leading_space;alphabetic
18157,␠dioces,2064696f636573,7,10565,leading_space;alphabetic
18161,␠Veh,20566568,4,10558,leading_space;alphabetic;capitalized_candidate
18209,imals,696d616c73,5,10502,alphabetic
18216,␠Hyder,204879646572,6,10497,leading_space;alphabetic;capitalized_candidate
18226,Niger,4e69676572,5,10484,alphabetic;capitalized_candidate
18239,␠Brend,204272656e64,6,10474,leading_space;alphabetic;capitalized_candidate
18248,␠Rw,205277,3,10465,leading_space;alphabetic;capitalized_candidate
18262,Indones,496e646f6e6573,7,10441,alphabetic;capitalized_candidate
18269,␠Constitu,20436f6e7374697475,9,10434,leading_space;alphabetic;capitalized_candidate
18288,ertation,6572746174696f6e,8,10416,alphabetic;suffix_shape
18308,eylon,65796c6f6e,5,10390,alphabetic
18318,cue,637565,3,10383,alphabetic
18347,opez,6f70657a,4,10350,alphabetic
18366,␠decommission,206465636f6d6d697373696f6e,13,10336,leading_space;alphabetic
18372,cutta,6375747461,5,10329,alphabetic
18373,␠Siber,205369626572,6,10327,leading_space;alphabetic;capitalized_candidate
18387,ircraft,69726372616674,7,10321,alphabetic
18396,ardment,6172646d656e74,7,10312,alphabetic;suffix_shape
18428,␠Caled,2043616c6564,6,10282,leading_space;alphabetic;capitalized_candidate
18462,␠Deleg,2044656c6567,6,10240,leading_space;alphabetic;capitalized_candidate
18468,␠segreg,20736567726567,7,10237,leading_space;alphabetic
18482,leanor,6c65616e6f72,6,10230,alphabetic
18483,ouds,6f756473,4,10229,alphabetic
18488,lications,6c69636174696f6e73,9,10226,alphabetic
18532,acritic,61637269746963,7,10192,alphabetic
18537,ffcc,66666363,4,10188,alphabetic
18561,shine,7368696e65,5,10169,alphabetic
18573,␠amalg,20616d616c67,6,10160,leading_space;alphabetic
18574,␠Assy,2041737379,5,10159,leading_space;alphabetic;capitalized_candidate
18588,␠sus,20737573,4,10144,leading_space;alphabetic
18633,␠Voiv,20566f6976,5,10103,leading_space;alphabetic;capitalized_candidate
18676,␠invas,20696e766173,6,10061,leading_space;alphabetic
18679,strumental,737472756d656e74616c,10,10055,alphabetic
18691,orrect,6f7272656374,6,10045,alphabetic
18699,atinate,6174696e617465,7,10037,alphabetic
18723,comed,636f6d6564,5,10011,alphabetic;suffix_shape
18728,␠conson,20636f6e736f6e,7,10003,leading_space;alphabetic
18737,␠Nicarag,204e696361726167,8,9997,leading_space;alphabetic;capitalized_candidate
18758,␠preserv,2070726573657276,8,9978,leading_space;alphabetic
18772,isure,6973757265,5,9966,alphabetic
18782,␠metaph,206d6574617068,7,9959,leading_space;alphabetic
18798,␠Scandin,205363616e64696e,8,9946,leading_space;alphabetic;capitalized_candidate
18816,␠Bolog,20426f6c6f67,6,9929,leading_space;alphabetic;capitalized_candidate
18821,âteau,c3a274656175,6,9927,alphabetic
18853,␠discipl,206469736369706c,8,9897,leading_space;alphabetic
18867,eptiles,657074696c6573,7,9889,alphabetic
18890,rities,726974696573,6,9871,alphabetic
18895,utherland,75746865726c616e64,9,9867,alphabetic
18896,ignt,69676e74,4,9864,alphabetic
18902,iodiversity,696f646976657273697479,11,9859,alphabetic
18907,warf,77617266,4,9858,alphabetic
18909,nership,6e657273686970,7,9856,alphabetic
18989,unningham,756e6e696e6768616d,9,9791,alphabetic
19009,Malays,4d616c617973,6,9773,alphabetic;capitalized_candidate
19037,isbury,697362757279,6,9749,alphabetic
19049,ttemberg,7474656d62657267,8,9739,alphabetic
19058,roximately,726f78696d6174656c79,10,9732,alphabetic;suffix_shape
19075,ondiss,6f6e64697373,6,9721,alphabetic
19098,␠sear,2073656172,5,9703,leading_space;alphabetic
19110,␠showc,2073686f7763,6,9692,leading_space;alphabetic
19123,␠telesc,2074656c657363,7,9683,leading_space;alphabetic
19127,ipelago,6970656c61676f,7,9681,alphabetic
19129,␠Polytechn,20506f6c79746563686e,10,9679,leading_space;alphabetic;capitalized_candidate
19155,␠Fitzg,204669747a67,6,9651,leading_space;alphabetic;capitalized_candidate
19170,andez,616e64657a,5,9636,alphabetic
19171,odyn,6f64796e,4,9635,alphabetic
19194,ulsa,756c7361,4,9618,alphabetic
19206,␠insurg,20696e73757267,7,9607,leading_space;alphabetic
19236,mese,6d657365,4,9588,alphabetic
19263,ürttemberg,c3bc727474656d62657267,11,9566,alphabetic
19278,ibli,69626c69,4,9560,alphabetic
19314,odeship,6f646573686970,7,9537,alphabetic
19327,ulance,756c616e6365,6,9531,alphabetic
19337,ught,75676874,4,9520,alphabetic
19362,rescent,72657363656e74,7,9492,alphabetic
19379,NEOS,4e454f53,4,9483,alphabetic
19391,␠subord,207375626f7264,7,9476,leading_space;alphabetic
19397,spapers,73706170657273,7,9474,alphabetic;suffix_shape
19415,ailable,61696c61626c65,7,9458,alphabetic;suffix_shape
19422,eback,656261636b,5,9454,alphabetic
19441,␠Convers,20436f6e76657273,8,9440,leading_space;alphabetic;capitalized_candidate
19454,adeshi,616465736869,6,9425,alphabetic
19468,␠referen,207265666572656e,8,9417,leading_space;alphabetic
19484,␠chromos,206368726f6d6f73,8,9405,leading_space;alphabetic
19514,␠reper,207265706572,6,9385,leading_space;alphabetic
19523,elage,656c616765,5,9381,alphabetic
19563,␠turt,2074757274,5,9348,leading_space;alphabetic
19565,␠caf,20636166,4,9345,leading_space;alphabetic
19567,yself,7973656c66,5,9345,alphabetic
19625,␠Magdal,204d616764616c,7,9307,leading_space;alphabetic;capitalized_candidate
19676,avior,6176696f72,5,9271,alphabetic
19677,␠insu,20696e7375,5,9271,leading_space;alphabetic
19681,␠substr,20737562737472,7,9269,leading_space;alphabetic
19683,Controvers,436f6e74726f76657273,10,9268,alphabetic;capitalized_candidate
19734,␠Jagu,204a616775,5,9225,leading_space;alphabetic;capitalized_candidate
19758,␠desper,20646573706572,7,9209,leading_space;alphabetic
19765,Bulg,42756c67,4,9207,alphabetic;capitalized_candidate
19770,Philipp,5068696c697070,7,9202,alphabetic;capitalized_candidate
19813,␠Decl,204465636c,5,9168,leading_space;alphabetic;capitalized_candidate
19826,abitat,616269746174,6,9160,alphabetic
19857,ancock,616e636f636b,6,9137,alphabetic
19860,␠Espa,2045737061,5,9137,leading_space;alphabetic;capitalized_candidate
19863,␠Martí,204d617274c3ad,7,9135,leading_space;alphabetic;capitalized_candidate
19874,␠corp,20636f7270,5,9130,leading_space;alphabetic
19875,ruce,72756365,4,9130,alphabetic
19892,Neighbour,4e65696768626f7572,9,9120,alphabetic;capitalized_candidate
19918,␠psychiat,207073796368696174,9,9103,leading_space;alphabetic
19926,oldt,6f6c6474,4,9090,alphabetic
19927,␠interf,20696e74657266,7,9090,leading_space;alphabetic
19936,ermanent,65726d616e656e74,8,9082,alphabetic
19942,elihood,656c69686f6f64,7,9075,alphabetic
19966,ppen,7070656e,4,9060,alphabetic
19988,␠maneu,206d616e6575,6,9042,leading_space;alphabetic
20018,ergarten,657267617274656e,8,9029,alphabetic
20026,Govern,476f7665726e,6,9025,alphabetic;capitalized_candidate
20038,␠divid,206469766964,6,9015,leading_space;alphabetic
20049,wicks,7769636b73,5,9003,alphabetic
20051,␠Dise,2044697365,5,9001,leading_space;alphabetic;capitalized_candidate
20067,eason,6561736f6e,5,8993,alphabetic
20069,leted,6c65746564,5,8991,alphabetic;suffix_shape
20198,ricanes,726963616e6573,7,8905,alphabetic
20277,upiter,757069746572,6,8849,alphabetic
20295,␠orch,206f726368,5,8833,leading_space;alphabetic
20304,␠coe,20636f65,4,8826,leading_space;alphabetic
20308,emeteries,656d65746572696573,9,8825,alphabetic
20318,␠Reven,20526576656e,6,8815,leading_space;alphabetic;capitalized_candidate
20347,␠precurs,2070726563757273,8,8798,leading_space;alphabetic
20354,Indust,496e64757374,6,8794,alphabetic;capitalized_candidate
20357,␠disqual,206469737175616c,8,8792,leading_space;alphabetic
20364,terdam,74657264616d,6,8788,alphabetic
20386,irut,69727574,4,8770,alphabetic
20389,fortunately,666f7274756e6174656c79,11,8767,alphabetic;suffix_shape
20406,culosis,63756c6f736973,7,8760,alphabetic
20439,anteed,616e74656564,6,8738,alphabetic;suffix_shape
20447,pswich,707377696368,6,8730,alphabetic
20486,gyz,67797a,3,8695,alphabetic
20501,␠bund,2062756e64,5,8685,leading_space;alphabetic
20574,arget,6172676574,5,8641,alphabetic
20585,␠reinforc,207265696e666f7263,9,8636,leading_space;alphabetic
20590,aspora,6173706f7261,6,8635,alphabetic
20617,asthan,61737468616e,6,8622,alphabetic
20647,␠Sustain,205375737461696e,8,8604,leading_space;alphabetic;capitalized_candidate
20655,áil,c3a1696c,4,8600,alphabetic
20726,␠vend,2076656e64,5,8559,leading_space;alphabetic
20738,skins,736b696e73,5,8553,alphabetic
20746,ánchez,c3a16e6368657a,7,8548,alphabetic
20762,␠Qué,205175c3a9,5,8542,leading_space;alphabetic;capitalized_candidate
20780,␠Brune,204272756e65,6,8519,leading_space;alphabetic;capitalized_candidate
20782,␠Zü,205ac3bc,4,8517,leading_space;alphabetic;capitalized_candidate
20800,tshire,747368697265,6,8508,alphabetic
20801,relim,72656c696d,5,8508,alphabetic
20807,␠Mugh,204d756768,5,8503,leading_space;alphabetic;capitalized_candidate
20836,omial,6f6d69616c,5,8487,alphabetic
20865,␠Bucc,2042756363,5,8462,leading_space;alphabetic;capitalized_candidate
20869,␠erupt,206572757074,6,8461,leading_space;alphabetic
20885,urname,75726e616d65,6,8449,alphabetic
20887,␠newsc,206e65777363,6,8448,leading_space;alphabetic
20944,Tunes,54756e6573,5,8415,alphabetic;capitalized_candidate
20969,roduced,726f6475636564,7,8398,alphabetic;suffix_shape
20971,idelberg,6964656c62657267,8,8398,alphabetic
20972,arati,6172617469,5,8397,alphabetic
20984,␠Okin,204f6b696e,5,8391,leading_space;alphabetic;capitalized_candidate
20987,␠ambit,20616d626974,6,8389,leading_space;alphabetic
21013,rolley,726f6c6c6579,6,8373,alphabetic
21025,rokes,726f6b6573,5,8368,alphabetic
21066,ascus,6173637573,5,8341,alphabetic
21071,nance,6e616e6365,5,8332,alphabetic
21087,rador,7261646f72,5,8322,alphabetic
21097,Viet,56696574,4,8314,alphabetic;capitalized_candidate
21100,␠Thous,2054686f7573,6,8313,leading_space;alphabetic;capitalized_candidate
21107,istrate,69737472617465,7,8309,alphabetic
21110,reditation,72656469746174696f6e,10,8308,alphabetic;suffix_shape
21167,␠disadvant,20646973616476616e74,10,8270,leading_space;alphabetic
21172,leet,6c656574,4,8264,alphabetic
21183,␠Pueb,2050756562,5,8256,leading_space;alphabetic;capitalized_candidate
21210,merged,6d6572676564,6,8238,alphabetic;suffix_shape
21218,millan,6d696c6c616e,6,8233,alphabetic
21250,␠uncons,20756e636f6e73,7,8213,leading_space;alphabetic
21259,adequ,6164657175,5,8207,alphabetic
21272,umbria,756d62726961,6,8200,alphabetic
21278,yled,796c6564,4,8198,alphabetic;suffix_shape
21279,␠recycl,2072656379636c,7,8198,leading_space;alphabetic
21322,inald,696e616c64,5,8164,alphabetic
21343,␠Siles,2053696c6573,6,8149,leading_space;alphabetic;capitalized_candidate
21346,ecute,6563757465,5,8147,alphabetic
21360,␠Nue,204e7565,4,8138,leading_space;alphabetic;capitalized_candidate
21407,Ott,4f7474,3,8115,alphabetic;capitalized_candidate
21413,reliminary,72656c696d696e617279,10,8111,alphabetic
21436,␠cancell,2063616e63656c6c,8,8099,leading_space;alphabetic
21451,␠barg,2062617267,5,8088,leading_space;alphabetic
21455,␠mortg,206d6f727467,6,8088,leading_space;alphabetic
21466,erneath,65726e65617468,7,8078,alphabetic
21471,␠Slo,20536c6f,4,8074,leading_space;alphabetic;capitalized_candidate
21474,␠courty,20636f75727479,7,8072,leading_space;alphabetic
21485,ondissement,6f6e64697373656d656e74,11,8066,alphabetic;suffix_shape
21496,␠incent,20696e63656e74,7,8059,leading_space;alphabetic
21501,␠Weap,2057656170,5,8057,leading_space;alphabetic;capitalized_candidate
21504,␠Proceed,2050726f63656564,8,8054,leading_space;alphabetic;capitalized_candidate
21518,isphere,69737068657265,7,8049,alphabetic
21529,tebr,74656272,4,8041,alphabetic
21532,␠microsc,206d6963726f7363,8,8039,leading_space;alphabetic
21538,anions,616e696f6e73,6,8035,alphabetic
21570,cludes,636c75646573,6,8016,alphabetic
21608,␠quot,2071756f74,5,8002,leading_space;alphabetic
21621,istoire,6973746f697265,7,7997,alphabetic
21647,pike,70696b65,4,7974,alphabetic
21654,umboldt,756d626f6c6474,7,7972,alphabetic
21670,agonists,61676f6e69737473,8,7961,alphabetic
21687,Hou,486f75,3,7950,alphabetic;capitalized_candidate
21726,\xe9\x95,e995,2,7919,contains_symbol
21734,rared,7261726564,5,7913,alphabetic;suffix_shape
21750,ituary,697475617279,6,7902,alphabetic
21755,ilyn,696c796e,4,7899,alphabetic
21764,␠diox,2064696f78,5,7889,leading_space;alphabetic
21773,achute,616368757465,6,7882,alphabetic
21783,Particip,5061727469636970,8,7876,alphabetic;capitalized_candidate
21851,usement,7573656d656e74,7,7834,alphabetic;suffix_shape
21878,skirts,736b69727473,6,7816,alphabetic
21889,␠restruct,207265737472756374,9,7811,leading_space;alphabetic
21895,intage,696e74616765,6,7808,alphabetic
21899,␠polyn,20706f6c796e,6,7807,leading_space;alphabetic
21967,␠enslav,20656e736c6176,7,7762,leading_space;alphabetic
21977,␠ende,20656e6465,5,7755,leading_space;alphabetic
21994,geant,6765616e74,5,7740,alphabetic
22017,inster,696e73746572,6,7726,alphabetic
22018,␠Nguy,204e677579,5,7726,leading_space;alphabetic;capitalized_candidate
22024,aleigh,616c65696768,6,7723,alphabetic
22072,Armen,41726d656e,5,7700,alphabetic;capitalized_candidate
22081,eningrad,656e696e67726164,8,7693,alphabetic
22090,␠reminis,2072656d696e6973,8,7686,leading_space;alphabetic
22100,␠undis,20756e646973,6,7678,leading_space;alphabetic
22109,␠accel,20616363656c,6,7674,leading_space;alphabetic
22151,isticated,697374696361746564,9,7653,alphabetic;suffix_shape
22155,Lithuan,4c69746875616e,7,7651,alphabetic;capitalized_candidate
22175,Colomb,436f6c6f6d62,6,7642,alphabetic;capitalized_candidate
22193,scill,7363696c6c,5,7631,alphabetic
22221,absburg,61627362757267,7,7616,alphabetic
22227,inosaur,696e6f73617572,7,7614,alphabetic
22245,ifth,69667468,4,7599,alphabetic
22263,racks,7261636b73,5,7589,alphabetic
22269,␠gren,206772656e,5,7588,leading_space;alphabetic
22282,estershire,65737465727368697265,10,7582,alphabetic
22294,␠inval,20696e76616c,6,7576,leading_space;alphabetic
22301,nsic,6e736963,4,7571,alphabetic
22310,psons,70736f6e73,5,7566,alphabetic
22332,bilt,62696c74,4,7553,alphabetic
22366,plements,706c656d656e7473,8,7532,alphabetic
22386,estead,657374656164,6,7522,alphabetic
22400,ecourse,65636f75727365,7,7514,alphabetic
22405,immers,696d6d657273,6,7513,alphabetic;suffix_shape
22468,␠Buccane,2042756363616e65,8,7488,leading_space;alphabetic;capitalized_candidate
22497,ertiary,65727469617279,7,7467,alphabetic
22527,␠toile,20746f696c65,6,7449,leading_space;alphabetic
22570,rolet,726f6c6574,5,7418,alphabetic
22585,ropshire,726f707368697265,8,7411,alphabetic
22612,istered,69737465726564,7,7389,alphabetic;suffix_shape
22617,iguous,6967756f7573,6,7387,alphabetic
22622,␠commod,20636f6d6d6f64,7,7385,leading_space;alphabetic
22685,␠Himal,2048696d616c,6,7346,leading_space;alphabetic;capitalized_candidate
22733,rossover,726f73736f766572,8,7323,alphabetic
22738,␠inadequ,20696e6164657175,8,7319,leading_space;alphabetic
22746,␠unanim,20756e616e696d,7,7315,leading_space;alphabetic
22748,␠saxophon,207361786f70686f6e,9,7313,leading_space;alphabetic
22767,ourself,6f757273656c66,7,7306,alphabetic
22797,Franç,4672616ec3a7,6,7293,alphabetic;capitalized_candidate
22811,␠pamph,2070616d7068,6,7286,leading_space;alphabetic
22839,␠nutri,206e75747269,6,7274,leading_space;alphabetic
22840,nesty,6e65737479,5,7273,alphabetic
22856,␠Odys,204f647973,5,7267,leading_space;alphabetic;capitalized_candidate
22857,␠mosa,206d6f7361,5,7266,leading_space;alphabetic
22863,itud,69747564,4,7260,alphabetic
22890,miral,6d6972616c,5,7240,alphabetic
22904,ichita,696368697461,6,7232,alphabetic
22924,␠Compar,20436f6d706172,7,7221,leading_space;alphabetic;capitalized_candidate
22925,␠\xe2\x94,20e294,3,7221,leading_space;contains_symbol
22946,trak,7472616b,4,7211,alphabetic
22979,␠indef,20696e646566,6,7195,leading_space;alphabetic
22993,␠bure,2062757265,5,7187,leading_space;alphabetic
22996,eldorf,656c646f7266,6,7187,alphabetic
23017,␠expend,20657870656e64,7,7178,leading_space;alphabetic
23019,␠dismant,206469736d616e74,8,7178,leading_space;alphabetic
23029,␠Bahá,20426168c3a1,6,7173,leading_space;alphabetic;capitalized_candidate
23038,␠Kön,204bc3b66e,5,7169,leading_space;alphabetic;capitalized_candidate
23079,␠Restaur,2052657374617572,8,7151,leading_space;alphabetic;capitalized_candidate
23100,␠Có,2043c3b3,4,7138,leading_space;alphabetic;capitalized_candidate
23117,changed,6368616e676564,7,7131,alphabetic;suffix_shape
23221,␠plaint,20706c61696e74,7,7073,leading_space;alphabetic
23247,onauts,6f6e61757473,6,7062,alphabetic
23258,ryan,7279616e,4,7056,alphabetic
23289,␠Dí,2044c3ad,4,7042,leading_space;alphabetic;capitalized_candidate
23317,ployed,706c6f796564,6,7028,alphabetic;suffix_shape
23326,␠rall,2072616c6c,5,7024,leading_space;alphabetic
23334,␠Colise,20436f6c697365,7,7020,leading_space;alphabetic;capitalized_candidate
23340,CACAF,4341434146,5,7017,alphabetic
23347,Foss,466f7373,4,7014,alphabetic;capitalized_candidate
23354,␠horm,20686f726d,5,7010,leading_space;alphabetic
23368,olulu,6f6c756c75,5,7003,alphabetic
23386,flict,666c696374,5,6995,alphabetic
23388,aphael,61706861656c,6,6995,alphabetic
23407,oroughbred,6f726f75676862726564,10,6985,alphabetic;suffix_shape
23414,oclass,6f636c617373,6,6983,alphabetic
23416,␠inflamm,20696e666c616d6d,8,6983,leading_space;alphabetic
23421,nyder,6e79646572,5,6981,alphabetic
23439,ipperary,6970706572617279,8,6972,alphabetic
23449,phibious,70686962696f7573,8,6966,alphabetic
23453,icap,69636170,4,6964,alphabetic
23462,omac,6f6d6163,4,6960,alphabetic
23488,␠acquis,20616371756973,7,6950,leading_space;alphabetic
23512,omans,6f6d616e73,5,6939,alphabetic
23517,␠Bots,20426f7473,5,6937,leading_space;alphabetic;capitalized_candidate
23559,ourier,6f7572696572,6,6915,alphabetic
23585,␠unpre,20756e707265,6,6905,leading_space;alphabetic
23592,übner,c3bc626e6572,6,6904,alphabetic
23624,␠symph,2073796d7068,6,6888,leading_space;alphabetic
23627,riest,7269657374,5,6886,alphabetic
23655,syched,737963686564,6,6871,alphabetic;suffix_shape
23659,redible,72656469626c65,7,6868,alphabetic;suffix_shape
23660,␠protoc,2070726f746f63,7,6866,leading_space;alphabetic
23669,␠McInt,204d63496e74,6,6862,leading_space;alphabetic;capitalized_candidate
23673,␠Schiffer,205363686966666572,9,6861,leading_space;alphabetic;capitalized_candidate
23678,tonshire,746f6e7368697265,8,6857,alphabetic
23707,oween,6f7765656e,5,6844,alphabetic
23710,␠plag,20706c6167,5,6843,leading_space;alphabetic
23711,ounge,6f756e6765,5,6843,alphabetic
23714,owment,6f776d656e74,6,6842,alphabetic;suffix_shape
23724,Agric,4167726963,5,6837,alphabetic;capitalized_candidate
23725,␠Cumm,2043756d6d,5,6836,leading_space;alphabetic;capitalized_candidate
23733,solete,736f6c657465,6,6833,alphabetic
23747,ethoven,6574686f76656e,7,6829,alphabetic
23757,hetto,686574746f,5,6821,alphabetic
23785,oviets,6f7669657473,6,6811,alphabetic
23803,elenov,656c656e6f76,6,6803,alphabetic
23830,tenstein,74656e737465696e,8,6792,alphabetic
23838,␠Kimber,204b696d626572,7,6790,leading_space;alphabetic;capitalized_candidate
23842,sseldorf,7373656c646f7266,8,6787,alphabetic
23860,heses,6865736573,5,6778,alphabetic
23868,mberg,6d62657267,5,6772,alphabetic
23888,␠Ruther,20527574686572,7,6764,leading_space;alphabetic;capitalized_candidate
23893,␠Seahaw,20536561686177,7,6763,leading_space;alphabetic;capitalized_candidate
23894,␠rept,2072657074,5,6762,leading_space;alphabetic
23897,irrel,697272656c,5,6760,alphabetic
23904,␠supermark,2073757065726d61726b,10,6758,leading_space;alphabetic
23937,inition,696e6974696f6e,7,6745,alphabetic;suffix_shape
23954,amptonshire,616d70746f6e7368697265,11,6739,alphabetic
23965,letes,6c65746573,5,6736,alphabetic
23970,␠seiz,207365697a,5,6735,leading_space;alphabetic
23985,ossibly,6f737369626c79,7,6724,alphabetic;suffix_shape
24014,␠Britann,2042726974616e6e,8,6713,leading_space;alphabetic;capitalized_candidate
24017,amboo,616d626f6f,5,6712,alphabetic
24019,Hig,486967,3,6711,alphabetic;capitalized_candidate
24057,xico,7869636f,4,6690,alphabetic
24071,deacon,646561636f6e,6,6685,alphabetic
24082,␠recapt,20726563617074,7,6680,leading_space;alphabetic
24089,␠avi,20617669,4,6674,leading_space;alphabetic
24118,ersion,657273696f6e,6,6660,alphabetic;suffix_shape
24168,␠suscept,2073757363657074,8,6639,leading_space;alphabetic
24173,ajevo,616a65766f,5,6637,alphabetic
24228,vili,76696c69,4,6618,alphabetic
24246,thalm,7468616c6d,5,6610,alphabetic
24265,querque,71756572717565,7,6600,alphabetic
24308,arcer,6172636572,5,6582,alphabetic
24309,vity,76697479,4,6581,alphabetic
24312,hibitions,6869626974696f6e73,9,6581,alphabetic
24326,enhower,656e686f776572,7,6575,alphabetic
24337,ighed,6967686564,5,6571,alphabetic;suffix_shape
24349,␠Persp,205065727370,6,6564,leading_space;alphabetic;capitalized_candidate
24358,herst,6865727374,5,6559,alphabetic
24361,␠analyt,20616e616c7974,7,6559,leading_space;alphabetic
24374,ecuted,656375746564,6,6553,alphabetic;suffix_shape
24388,␠faç,206661c3a7,5,6549,leading_space;alphabetic
24407,ausole,6175736f6c65,6,6535,alphabetic
24409,itles,69746c6573,5,6534,alphabetic
24411,␠laund,206c61756e64,6,6534,leading_space;alphabetic
24421,ocence,6f63656e6365,6,6529,alphabetic
24428,␠gol,20676f6c,4,6526,leading_space;alphabetic
24440,Urugu,5572756775,5,6521,alphabetic;capitalized_candidate
24441,herson,686572736f6e,6,6520,alphabetic
24463,␠Álv,20c3816c76,5,6514,leading_space;alphabetic;capitalized_candidate
24466,imeters,696d6574657273,7,6512,alphabetic;suffix_shape
24494,ailles,61696c6c6573,6,6496,alphabetic
24569,nius,6e697573,4,6466,alphabetic
24570,ceans,6365616e73,5,6466,alphabetic
24575,␠feas,2066656173,5,6465,leading_space;alphabetic
24579,texts,7465787473,5,6464,alphabetic
24596,ubbard,756262617264,6,6457,alphabetic
24609,␠excer,206578636572,6,6451,leading_space;alphabetic
24612,artments,6172746d656e7473,8,6450,alphabetic
24625,␠Daven,20446176656e,6,6446,leading_space;alphabetic;capitalized_candidate
24634,␠Collabor,20436f6c6c61626f72,9,6444,leading_space;alphabetic;capitalized_candidate
24680,igeon,6967656f6e,5,6425,alphabetic
24681,␠spont,2073706f6e74,6,6424,leading_space;alphabetic
24690,ichuan,69636875616e,6,6421,alphabetic
24710,␠inev,20696e6576,5,6413,leading_space;alphabetic
24714,␠Pors,20506f7273,5,6412,leading_space;alphabetic;capitalized_candidate
24734,árez,c3a172657a,5,6403,alphabetic
24756,␠telenov,2074656c656e6f76,8,6391,leading_space;alphabetic
24767,␠Moin,204d6f696e,5,6388,leading_space;alphabetic;capitalized_candidate
24770,icularly,6963756c61726c79,8,6386,alphabetic;suffix_shape
24772,ansom,616e736f6d,5,6386,alphabetic
24773,rewsbury,7265777362757279,8,6386,alphabetic
24781,␠mari,206d617269,5,6381,leading_space;alphabetic
24786,jacent,6a6163656e74,6,6380,alphabetic
24821,ymns,796d6e73,4,6363,alphabetic
24829,␠McCorm,204d63436f726d,7,6359,leading_space;alphabetic;capitalized_candidate
24837,ertile,657274696c65,6,6355,alphabetic
24864,utsal,757473616c,5,6342,alphabetic
24876,sequent,73657175656e74,7,6336,alphabetic
24894,Syd,537964,3,6329,alphabetic;capitalized_candidate
24916,legiate,6c656769617465,7,6320,alphabetic
24919,ammu,616d6d75,4,6320,alphabetic
24945,␠afore,2061666f7265,6,6305,leading_space;alphabetic
24982,adation,61646174696f6e,7,6289,alphabetic;suffix_shape
24986,ovenant,6f76656e616e74,7,6288,alphabetic
24994,osium,6f7369756d,5,6283,alphabetic
25018,␠Murd,204d757264,5,6271,leading_space;alphabetic;capitalized_candidate
25025,␠Schifferm,2053636869666665726d,10,6269,leading_space;alphabetic;capitalized_candidate
25026,␠Advert,20416476657274,7,6268,leading_space;alphabetic;capitalized_candidate
25052,ombie,6f6d626965,5,6257,alphabetic
25072,mediately,6d6564696174656c79,9,6250,alphabetic;suffix_shape
25073,␠Baháʼ,20426168c3a1cabc,8,6250,leading_space;alphabetic;capitalized_candidate
25090,␠Meck,204d65636b,5,6245,leading_space;alphabetic;capitalized_candidate
25092,␠Maver,204d61766572,6,6245,leading_space;alphabetic;capitalized_candidate
25099,ilkenny,696c6b656e6e79,7,6241,alphabetic
25100,␠Córd,2043c3b37264,6,6241,leading_space;alphabetic;capitalized_candidate
25103,␠filt,2066696c74,5,6239,leading_space;alphabetic
25106,␠Hawth,204861777468,6,6238,leading_space;alphabetic;capitalized_candidate
25108,␠Schles,205363686c6573,7,6237,leading_space;alphabetic;capitalized_candidate
25115,␠Ptole,2050746f6c65,6,6233,leading_space;alphabetic;capitalized_candidate
25133,opposed,6f70706f736564,7,6226,alphabetic;suffix_shape
25150,Bangl,42616e676c,5,6220,alphabetic;capitalized_candidate
25151,␠uran,207572616e,5,6219,leading_space;alphabetic
25155,ésar,c3a9736172,5,6219,alphabetic
25164,Clin,436c696e,4,6216,alphabetic;capitalized_candidate
25166,cedented,636564656e746564,8,6216,alphabetic;suffix_shape
25186,atorship,61746f7273686970,8,6208,alphabetic
25192,␠bobs,20626f6273,5,6205,leading_space;alphabetic
25201,tenham,74656e68616d,6,6200,alphabetic
25205,ơ,c6a1,2,6199,alphabetic
25240,Establ,45737461626c,6,6182,alphabetic;capitalized_candidate
25246,␠Kauf,204b617566,5,6180,leading_space;alphabetic;capitalized_candidate
25251,␠serm,207365726d,5,6179,leading_space;alphabetic
25258,␠robb,20726f6262,5,6176,leading_space;alphabetic
25268,avorite,61766f72697465,7,6172,alphabetic
25282,isdom,6973646f6d,5,6166,alphabetic
25294,Eston,4573746f6e,5,6161,alphabetic;capitalized_candidate
25300,comfort,636f6d666f7274,7,6158,alphabetic
25308,arency,6172656e6379,6,6155,alphabetic
25327,␠Polynes,20506f6c796e6573,8,6149,leading_space;alphabetic;capitalized_candidate
25328,atabases,6174616261736573,8,6149,alphabetic
25366,ificent,69666963656e74,7,6133,alphabetic
25389,lenburg,6c656e62757267,7,6124,alphabetic
25398,veyard,766579617264,6,6121,alphabetic
25432,akala,616b616c61,5,6107,alphabetic
25441,arthen,61727468656e,6,6103,alphabetic
25446,efeller,6566656c6c6572,7,6101,alphabetic
25454,␠incarcer,20696e636172636572,9,6099,leading_space;alphabetic
25500,␠Consolid,20436f6e736f6c6964,9,6083,leading_space;alphabetic;capitalized_candidate
25527,␠convinc,20636f6e76696e63,8,6071,leading_space;alphabetic
25530,␠bureauc,2062757265617563,8,6071,leading_space;alphabetic
25538,␠Ambro,20416d62726f,6,6068,leading_space;alphabetic;capitalized_candidate
25541,ummond,756d6d6f6e64,6,6067,alphabetic
25554,␠goalt,20676f616c74,6,6062,leading_space;alphabetic
25575,ubljana,75626c6a616e61,7,6053,alphabetic
25601,Airl,4169726c,4,6044,alphabetic;capitalized_candidate
25705,␠Phel,205068656c,5,6005,leading_space;alphabetic;capitalized_candidate
25708,oclassical,6f636c6173736963616c,10,6005,alphabetic
25726,onnaissance,6f6e6e61697373616e6365,11,6000,alphabetic
25810,udders,756464657273,6,5968,alphabetic;suffix_shape
25812,ribers,726962657273,6,5967,alphabetic;suffix_shape
25846,clip,636c6970,4,5956,alphabetic
25871,embley,656d626c6579,6,5945,alphabetic
25878,␠appl,206170706c,5,5943,leading_space;alphabetic
25914,␠embarr,20656d62617272,7,5932,leading_space;alphabetic
25947,iasm,6961736d,4,5920,alphabetic
25970,ctoral,63746f72616c,6,5912,alphabetic
25983,ottenham,6f7474656e68616d,8,5907,alphabetic
25986,␠cauc,2063617563,5,5906,leading_space;alphabetic
26026,␠cylind,2063796c696e64,7,5891,leading_space;alphabetic
26033,ellaneous,656c6c616e656f7573,9,5889,alphabetic
26037,Camer,43616d6572,5,5888,alphabetic;capitalized_candidate
26038,␠haun,206861756e,5,5886,leading_space;alphabetic
26039,␠Erit,2045726974,5,5886,leading_space;alphabetic;capitalized_candidate
26048,␠Albu,20416c6275,5,5884,leading_space;alphabetic;capitalized_candidate
26061,␠Mesopot,204d65736f706f74,8,5879,leading_space;alphabetic;capitalized_candidate
26073,uremberg,7572656d62657267,8,5873,alphabetic
26078,urbs,75726273,4,5871,alphabetic
26084,Achie,4163686965,5,5869,alphabetic;capitalized_candidate
26097,␠fron,2066726f6e,5,5865,leading_space;alphabetic
26129,lighten,6c69676874656e,7,5854,alphabetic
26175,iburg,6962757267,5,5837,alphabetic
26178,donald,646f6e616c64,6,5837,alphabetic
26185,ajara,616a617261,5,5835,alphabetic
26216,urnames,75726e616d6573,7,5827,alphabetic
26218,␠erup,2065727570,5,5826,leading_space;alphabetic
26235,Leod,4c656f64,4,5817,alphabetic;capitalized_candidate
26236,lehem,6c6568656d,5,5816,alphabetic
26246,␠Gilm,2047696c6d,5,5813,leading_space;alphabetic;capitalized_candidate
26251,gorod,676f726f64,5,5812,alphabetic
26308,␠Guth,2047757468,5,5792,leading_space;alphabetic;capitalized_candidate
26318,perors,7065726f7273,6,5789,alphabetic
26330,itimate,6974696d617465,7,5785,alphabetic
26332,waffe,7761666665,5,5782,alphabetic
26336,earances,656172616e636573,8,5781,alphabetic
26342,␠latt,206c617474,5,5779,leading_space;alphabetic
26378,␠fart,2066617274,5,5768,leading_space;alphabetic
26379,ilations,696c6174696f6e73,8,5768,alphabetic
26399,␠barrist,2062617272697374,8,5762,leading_space;alphabetic
26423,inished,696e6973686564,7,5752,alphabetic;suffix_shape
26436,␠pulmon,2070756c6d6f6e,7,5749,leading_space;alphabetic
26439,iddish,696464697368,6,5747,alphabetic
26461,␠underm,20756e6465726d,7,5739,leading_space;alphabetic
26463,eredith,65726564697468,7,5738,alphabetic
26505,lyss,6c797373,4,5726,alphabetic
26513,réal,72c3a9616c,5,5722,alphabetic
26529,␠expans,20657870616e73,7,5714,leading_space;alphabetic
26579,␠housem,20686f7573656d,7,5695,leading_space;alphabetic
26581,aduct,6164756374,5,5694,alphabetic
26601,errilla,657272696c6c61,7,5687,alphabetic
26615,legan,6c6567616e,5,5681,alphabetic
26681,ustion,757374696f6e,6,5659,alphabetic;suffix_shape
26696,\xe6\xa0,e6a0,2,5655,contains_symbol
26700,apeake,617065616b65,6,5654,alphabetic
26704,␠heredit,2068657265646974,8,5653,leading_space;alphabetic
26726,asties,617374696573,6,5649,alphabetic
26735,comer,636f6d6572,5,5646,alphabetic
26737,Frid,46726964,4,5645,alphabetic;capitalized_candidate
26753,otilla,6f74696c6c61,6,5640,alphabetic
26777,␠Barcl,20426172636c,6,5633,leading_space;alphabetic;capitalized_candidate
26780,juana,6a75616e61,5,5631,alphabetic
26785,␠Geomet,2047656f6d6574,7,5630,leading_space;alphabetic;capitalized_candidate
26836,ppo,70706f,3,5616,alphabetic
26840,appropriate,617070726f707269617465,11,5616,alphabetic
26859,␠sacrific,207361637269666963,9,5608,leading_space;alphabetic
26860,Sloven,536c6f76656e,6,5608,alphabetic;capitalized_candidate
26874,␠nin,206e696e,4,5604,leading_space;alphabetic
26880,erion,6572696f6e,5,5602,alphabetic
26891,␠Bellev,2042656c6c6576,7,5598,leading_space;alphabetic;capitalized_candidate
26896,␠Bourn,20426f75726e,6,5596,leading_space;alphabetic;capitalized_candidate
26908,␠Hokkaid,20486f6b6b616964,8,5592,leading_space;alphabetic;capitalized_candidate
26920,␠Surviv,20537572766976,7,5587,leading_space;alphabetic;capitalized_candidate
26923,istice,697374696365,6,5586,alphabetic
26955,curve,6375727665,5,5578,alphabetic
26960,␠congr,20636f6e6772,6,5576,leading_space;alphabetic
26967,mbH,6d6248,3,5574,alphabetic
26973,␠skelet,20736b656c6574,7,5573,leading_space;alphabetic
26979,esigned,657369676e6564,7,5570,alphabetic;suffix_shape
27032,␠arter,206172746572,6,5557,leading_space;alphabetic
27051,CCF,434346,3,5550,alphabetic
27091,illaume,696c6c61756d65,7,5535,alphabetic
27099,unnan,756e6e616e,5,5531,alphabetic
27126,␠vass,2076617373,5,5522,leading_space;alphabetic
27164,tienne,7469656e6e65,6,5512,alphabetic
27194,araoh,6172616f68,5,5502,alphabetic
27198,␠colloqu,20636f6c6c6f7175,8,5501,leading_space;alphabetic
27211,taker,74616b6572,5,5497,alphabetic
27274,bilisi,62696c697369,6,5477,alphabetic
27287,intosh,696e746f7368,6,5475,alphabetic
27301,ennale,656e6e616c65,6,5471,alphabetic
27305,ausoleum,6175736f6c65756d,8,5471,alphabetic
27306,bility,62696c697479,6,5470,alphabetic
27317,angana,616e67616e61,6,5467,alphabetic
27333,angay,616e676179,5,5463,alphabetic
27414,phalia,7068616c6961,6,5441,alphabetic
27415,ectorate,6563746f72617465,8,5441,alphabetic
27424,lightenment,6c69676874656e6d656e74,11,5438,alphabetic;suffix_shape
27433,␠antisem,20616e746973656d,8,5436,leading_space;alphabetic
27446,␠intermitt,20696e7465726d697474,10,5431,leading_space;alphabetic
27512,␠Laus,204c617573,5,5411,leading_space;alphabetic;capitalized_candidate
27534,ificates,6966696361746573,8,5406,alphabetic
27560,itaine,697461696e65,6,5395,alphabetic
27567,␠lia,206c6961,4,5392,leading_space;alphabetic
27599,␠ety,20657479,4,5382,leading_space;alphabetic
27625,ypse,79707365,4,5376,alphabetic
27630,␠wavel,20776176656c,6,5374,leading_space;alphabetic
27635,␠Nanj,204e616e6a,5,5373,leading_space;alphabetic;capitalized_candidate
27643,udad,75646164,4,5372,alphabetic
27644,alez,616c657a,4,5372,alphabetic
27678,␠Hary,2048617279,5,5360,leading_space;alphabetic;capitalized_candidate
27679,␠Gugg,2047756767,5,5360,leading_space;alphabetic;capitalized_candidate
27680,␠dislik,206469736c696b,7,5360,leading_space;alphabetic
27691,adur,61647572,4,5357,alphabetic
27700,eworthy,65776f72746879,7,5355,alphabetic
27709,ridgeshire,72696467657368697265,10,5353,alphabetic
27713,ummers,756d6d657273,6,5352,alphabetic;suffix_shape
27714,␠antenn,20616e74656e6e,7,5351,leading_space;alphabetic
27718,␠Tolk,20546f6c6b,5,5350,leading_space;alphabetic;capitalized_candidate
27742,inement,696e656d656e74,7,5343,alphabetic;suffix_shape
27745,élix,c3a96c6978,5,5343,alphabetic
27752,gross,67726f7373,5,5341,alphabetic
27761,␠Spani,205370616e69,6,5339,leading_space;alphabetic;capitalized_candidate
27798,itchie,697463686965,6,5329,alphabetic
27799,␠Struct,20537472756374,7,5329,leading_space;alphabetic;capitalized_candidate
27828,uddersfield,7564646572736669656c64,11,5319,alphabetic
27880,alyptus,616c7970747573,7,5305,alphabetic
27896,bration,62726174696f6e,7,5301,alphabetic;suffix_shape
27924,omez,6f6d657a,4,5294,alphabetic
27941,aunch,61756e6368,5,5289,alphabetic
27952,␠Macc,204d616363,5,5287,leading_space;alphabetic;capitalized_candidate
27954,oupe,6f757065,4,5286,alphabetic
27971,␠wond,20776f6e64,5,5283,leading_space;alphabetic
27987,␠whor,2077686f72,5,5280,leading_space;alphabetic
28020,␠mitochond,206d69746f63686f6e64,10,5272,leading_space;alphabetic
28025,␠rebell,20726562656c6c,7,5270,leading_space;alphabetic
28028,collegiate,636f6c6c656769617465,10,5269,alphabetic
28039,estinal,657374696e616c,7,5266,alphabetic
28040,␠eclip,2065636c6970,6,5266,leading_space;alphabetic
28042,aekw,61656b77,4,5266,alphabetic
28058,rocod,726f636f64,5,5263,alphabetic
28117,uliar,756c696172,5,5245,alphabetic
28119,beaten,62656174656e,6,5245,alphabetic
28123,opatra,6f7061747261,6,5243,alphabetic
28132,␠acquaint,206163717561696e74,9,5242,leading_space;alphabetic
28142,␠Husk,204875736b,5,5239,leading_space;alphabetic;capitalized_candidate
28145,uerite,756572697465,6,5239,alphabetic
28150,␠tatto,20746174746f,6,5237,leading_space;alphabetic
28153,omencl,6f6d656e636c,6,5237,alphabetic
28193,untarily,756e746172696c79,8,5227,alphabetic;suffix_shape
28226,␠lar,206c6172,4,5217,leading_space;alphabetic
28257,idelity,6964656c697479,7,5211,alphabetic
28261,␠therape,2074686572617065,8,5209,leading_space;alphabetic
28266,␠Chey,2043686579,5,5209,leading_space;alphabetic;capitalized_candidate
28286,␠frig,2066726967,5,5204,leading_space;alphabetic
28304,omedical,6f6d65646963616c,8,5199,alphabetic
28316,␠Eps,20457073,4,5195,leading_space;alphabetic;capitalized_candidate
28332,lephants,6c657068616e7473,8,5191,alphabetic
28334,␠Sarat,205361726174,6,5190,leading_space;alphabetic;capitalized_candidate
28342,acium,616369756d,5,5186,alphabetic
28361,ateful,61746566756c,6,5180,alphabetic
28372,␠Entreprene,20456e7472657072656e65,11,5176,leading_space;alphabetic;capitalized_candidate
28392,joys,6a6f7973,4,5171,alphabetic
28430,abody,61626f6479,5,5158,alphabetic
28440,stial,737469616c,5,5154,alphabetic
28468,Prin,5072696e,4,5146,alphabetic;capitalized_candidate
28482,\x8ele,8e6c65,3,5142,contains_symbol
28484,flicts,666c69637473,6,5142,alphabetic
28492,␠vulner,2076756c6e6572,7,5140,leading_space;alphabetic
28495,␠Riks,2052696b73,5,5140,leading_space;alphabetic;capitalized_candidate
28496,␠fian,206669616e,5,5139,leading_space;alphabetic
28513,odeon,6f64656f6e,5,5136,alphabetic
28514,ociated,6f636961746564,7,5135,alphabetic;suffix_shape
28534,								,0909090909090909,8,5129,contains_symbol
28537,␠Tiff,2054696666,5,5127,leading_space;alphabetic;capitalized_candidate
28546,ornings,6f726e696e6773,7,5126,alphabetic
28549,atres,6174726573,5,5125,alphabetic
28551,andum,616e64756d,5,5125,alphabetic
28571,ptions,7074696f6e73,6,5120,alphabetic
28575,␠Sket,20536b6574,5,5119,leading_space;alphabetic;capitalized_candidate
28592,quency,7175656e6379,6,5113,alphabetic
28596,inemann,696e656d616e6e,7,5113,alphabetic
28603,␠unpopul,20756e706f70756c,8,5111,leading_space;alphabetic
28610,giene,6769656e65,5,5107,alphabetic
28613,islava,69736c617661,6,5107,alphabetic
28623,azila,617a696c61,5,5104,alphabetic
28632,lares,6c61726573,5,5102,alphabetic
28645,ismar,69736d6172,5,5098,alphabetic
28646,␠Prepar,20507265706172,7,5098,leading_space;alphabetic;capitalized_candidate
28649,henburg,68656e62757267,7,5097,alphabetic
28655,phthalm,70687468616c6d,7,5095,alphabetic
28672,␠puzz,2070757a7a,5,5090,leading_space;alphabetic
28676,anoi,616e6f69,4,5088,alphabetic
28695,Azerbai,417a6572626169,7,5084,alphabetic;capitalized_candidate
28702,abria,6162726961,5,5082,alphabetic
28714,Venezuel,56656e657a75656c,8,5080,alphabetic;capitalized_candidate
28743,␠Byzant,2042797a616e74,7,5074,leading_space;alphabetic;capitalized_candidate
28771,␠troph,2074726f7068,6,5064,leading_space;alphabetic
28777,␠adolesc,2061646f6c657363,8,5063,leading_space;alphabetic
28779,␠dissatisf,20646973736174697366,10,5063,leading_space;alphabetic
28812,echtenstein,65636874656e737465696e,11,5056,alphabetic
28833,umbents,756d62656e7473,7,5049,alphabetic
28856,␠pedest,20706564657374,7,5042,leading_space;alphabetic
28867,glomer,676c6f6d6572,6,5039,alphabetic
28876,engeance,656e6765616e6365,8,5037,alphabetic
28907,␠skysc,20736b797363,6,5029,leading_space;alphabetic
28931,mma,6d6d61,3,5023,alphabetic
28945,ifol,69666f6c,4,5018,alphabetic
28964,␠incap,20696e636170,6,5014,leading_space;alphabetic
28966,␠Renew,2052656e6577,6,5014,leading_space;alphabetic;capitalized_candidate
28971,earchers,6561726368657273,8,5012,alphabetic;suffix_shape
28988,astrous,617374726f7573,7,5006,alphabetic
29010,acula,6163756c61,5,4999,alphabetic
29013,␠tremend,207472656d656e64,8,4999,leading_space;alphabetic
29015,ttes,74746573,4,4998,alphabetic
29036,uably,7561626c79,5,4994,alphabetic;suffix_shape
29041,akening,616b656e696e67,7,4993,alphabetic;suffix_shape
29042,Millan,4d696c6c616e,6,4993,alphabetic;capitalized_candidate
29063,␠mush,206d757368,5,4987,leading_space;alphabetic
29078,acteria,61637465726961,7,4984,alphabetic
29080,olish,6f6c697368,5,4983,alphabetic
29094,␠Hispan,2048697370616e,7,4976,leading_space;alphabetic;capitalized_candidate
29102,ubishi,756269736869,6,4973,alphabetic
29107,␠vern,207665726e,5,4972,leading_space;alphabetic
29108,ftime,6674696d65,5,4971,alphabetic
29131,ebol,65626f6c,4,4967,alphabetic
29226,␠aven,206176656e,5,4942,leading_space;alphabetic
29228,␠redund,20726564756e64,7,4942,leading_space;alphabetic
29242,AFTA,41465441,4,4939,alphabetic
29265,anooga,616e6f6f6761,6,4935,alphabetic
29267,avern,617665726e,5,4935,alphabetic
29280,airobi,6169726f6269,6,4931,alphabetic
29296,Fabric,466162726963,6,4924,alphabetic;capitalized_candidate
29393,venskan,76656e736b616e,7,4900,alphabetic
29404,othschild,6f7468736368696c64,9,4897,alphabetic
29407,␠Dort,20446f7274,5,4896,leading_space;alphabetic;capitalized_candidate
29425,icksburg,69636b7362757267,8,4892,alphabetic
29432,eligible,656c696769626c65,8,4890,alphabetic;suffix_shape
29441,␠envision,20656e766973696f6e,9,4888,leading_space;alphabetic
29460,rentice,72656e74696365,7,4883,alphabetic
29469,émon,c3a96d6f6e,5,4878,alphabetic
29488,entiary,656e7469617279,7,4874,alphabetic
29521,imination,696d696e6174696f6e,9,4867,alphabetic;suffix_shape
29541,␠Smack,20536d61636b,6,4862,leading_space;alphabetic;capitalized_candidate
29595,habited,68616269746564,7,4847,alphabetic;suffix_shape
29618,aculate,6163756c617465,7,4841,alphabetic
29621,␠Agr,20416772,4,4841,leading_space;alphabetic;capitalized_candidate
29633,Bride,4272696465,5,4838,alphabetic;capitalized_candidate
29637,␠shipw,207368697077,6,4837,leading_space;alphabetic
29646,reira,7265697261,5,4834,alphabetic
29655,␠Göt,2047c3b674,5,4831,leading_space;alphabetic;capitalized_candidate
29665,clipse,636c69707365,6,4829,alphabetic
29672,atoon,61746f6f6e,5,4826,alphabetic
29673,Alger,416c676572,5,4826,alphabetic;capitalized_candidate
29674,␠embroid,20656d62726f6964,8,4826,leading_space;alphabetic
29676,ictory,6963746f7279,6,4825,alphabetic
29718,embrance,656d6272616e6365,8,4813,alphabetic
29759,struments,737472756d656e7473,9,4797,alphabetic
29783,␠Clap,20436c6170,5,4792,leading_space;alphabetic;capitalized_candidate
29787,ionale,696f6e616c65,6,4790,alphabetic
29793,␠tsun,207473756e,5,4789,leading_space;alphabetic
29802,erevan,65726576616e,6,4787,alphabetic
29811,ễ,e1bb85,3,4784,alphabetic
29821,␠Jerem,204a6572656d,6,4782,leading_space;alphabetic;capitalized_candidate
29840,pleted,706c65746564,6,4777,alphabetic;suffix_shape
29842,omials,6f6d69616c73,6,4776,alphabetic
29847,Kurd,4b757264,4,4774,alphabetic;capitalized_candidate
29850,␠Sovere,20536f76657265,7,4774,leading_space;alphabetic;capitalized_candidate
29862,␠albed,20616c626564,6,4772,leading_space;alphabetic
29863,␠Confess,20436f6e66657373,8,4772,leading_space;alphabetic;capitalized_candidate
29867,␠constra,20636f6e73747261,8,4771,leading_space;alphabetic
29868,␠Chiche,20436869636865,7,4771,leading_space;alphabetic;capitalized_candidate
29877,ו,d795,2,4769,alphabetic
29878,atown,61746f776e,5,4769,alphabetic
29879,eshiva,657368697661,6,4769,alphabetic
29917,Jama,4a616d61,4,4759,alphabetic;capitalized_candidate
29918,espie,6573706965,5,4759,alphabetic
29932,agoza,61676f7a61,5,4756,alphabetic
29972,assium,61737369756d,6,4745,alphabetic
29992,␠forc,20666f7263,5,4741,leading_space;alphabetic
30042,␠bobsled,20626f62736c6564,8,4727,leading_space;alphabetic
30057,undai,756e646169,5,4723,alphabetic
30070,inely,696e656c79,5,4720,alphabetic;suffix_shape
30118,␠Andalus,20416e64616c7573,8,4706,leading_space;alphabetic;capitalized_candidate
30131,osers,6f73657273,5,4702,alphabetic;suffix_shape
30139,inched,696e63686564,6,4700,alphabetic;suffix_shape
30152,uelta,75656c7461,5,4694,alphabetic
30184,ablanca,61626c616e6361,7,4687,alphabetic
30193,fica,66696361,4,4684,alphabetic
30194,ecost,65636f7374,5,4684,alphabetic
30208,aloniki,616c6f6e696b69,7,4680,alphabetic
30236,ubles,75626c6573,5,4671,alphabetic
30241,perture,70657274757265,7,4670,alphabetic
30242,ramatta,72616d61747461,7,4670,alphabetic
30244,␠Gera,2047657261,5,4669,leading_space;alphabetic;capitalized_candidate
30263,olomew,6f6c6f6d6577,6,4664,alphabetic
30284,rehend,726568656e64,6,4659,alphabetic
30339,ա,d5a1,2,4648,alphabetic
30357,embles,656d626c6573,6,4644,alphabetic
30362,énées,c3a96ec3a96573,7,4644,alphabetic
30398,ecd,656364,3,4633,alphabetic
30405,utral,757472616c,5,4630,alphabetic
30409,ithecia,69746865636961,7,4628,alphabetic
30417,aeda,61656461,4,4626,alphabetic
30421,istocene,6973746f63656e65,8,4625,alphabetic
30438,␠evid,2065766964,5,4621,leading_space;alphabetic
30481,␠ecoreg,2065636f726567,7,4610,leading_space;alphabetic
30483,ễn,e1bb856e,4,4610,alphabetic
30492,helle,68656c6c65,5,4605,alphabetic
30509,oncé,6f6e63c3a9,5,4600,alphabetic
30514,␠hards,206861726473,6,4599,leading_space;alphabetic
30533,␠exagger,2065786167676572,8,4594,leading_space;alphabetic
30537,thms,74686d73,4,4593,alphabetic
30538,weeney,7765656e6579,6,4593,alphabetic
30572,hevi,68657669,4,4584,alphabetic
30587,utiny,7574696e79,5,4581,alphabetic
30598,plit,706c6974,4,4578,alphabetic
30601,Buddh,4275646468,5,4578,alphabetic;capitalized_candidate
30646,urations,75726174696f6e73,8,4566,alphabetic
30678,apoel,61706f656c,5,4561,alphabetic
30680,anagan,616e6167616e,6,4560,alphabetic
30723,aparte,617061727465,6,4553,alphabetic
30736,izoph,697a6f7068,5,4550,alphabetic
30742,␠Józ,204ac3b37a,5,4549,leading_space;alphabetic;capitalized_candidate
30759,␠paramil,20706172616d696c,8,4545,leading_space;alphabetic
30780,doors,646f6f7273,5,4538,alphabetic
30781,icuous,6963756f7573,6,4537,alphabetic
30784,␠hamp,2068616d70,5,4535,leading_space;alphabetic
30787,angor,616e676f72,5,4535,alphabetic
30796,␠defenc,20646566656e63,7,4533,leading_space;alphabetic
30797,typ,747970,3,4533,alphabetic
30816,␠vertebr,2076657274656272,8,4528,leading_space;alphabetic
30839,ordinator,6f7264696e61746f72,9,4520,alphabetic
30855,␠dess,2064657373,5,4516,leading_space;alphabetic
30860,opolitan,6f706f6c6974616e,8,4515,alphabetic
30864,校,e6a0a1,3,4514,alphabetic
30866,ithmetic,6974686d65746963,8,4513,alphabetic
30873,ugsburg,75677362757267,7,4511,alphabetic
30906,educt,6564756374,5,4502,alphabetic
30913,bours,626f757273,5,4500,alphabetic
30928,␠Auth,2041757468,5,4496,leading_space;alphabetic;capitalized_candidate
30950,Kö,4bc3b6,3,4491,alphabetic;capitalized_candidate
30952,itored,69746f726564,6,4491,alphabetic;suffix_shape
30977,alympic,616c796d706963,7,4486,alphabetic
30979,agements,6167656d656e7473,8,4485,alphabetic
30983,␠inacc,20696e616363,6,4483,leading_space;alphabetic
30985,acruz,616372757a,5,4483,alphabetic
31010,iatic,6961746963,5,4478,alphabetic
31012,␠bour,20626f7572,5,4478,leading_space;alphabetic
31049,awesi,6177657369,5,4470,alphabetic
31086,cony,636f6e79,4,4458,alphabetic
31089,minent,6d696e656e74,6,4458,alphabetic
31094,nther,6e74686572,5,4456,alphabetic
31107,Brack,427261636b,5,4452,alphabetic;capitalized_candidate
31108,sala,73616c61,4,4452,alphabetic
31109,roqu,726f7175,4,4452,alphabetic
31126,asmus,61736d7573,5,4451,alphabetic
31139,endish,656e64697368,6,4448,alphabetic
31168,bruck,627275636b,5,4443,alphabetic
31176,istrates,6973747261746573,8,4442,alphabetic
31183,␠conglomer,20636f6e676c6f6d6572,10,4440,leading_space;alphabetic
31196,chwitz,63687769747a,6,4438,alphabetic
31210,␠Manusc,204d616e757363,7,4435,leading_space;alphabetic;capitalized_candidate
31214,vance,76616e6365,5,4434,alphabetic
31228,porte,706f727465,5,4432,alphabetic
31247,Phone,50686f6e65,5,4428,alphabetic;capitalized_candidate
31261,Bund,42756e64,4,4425,alphabetic;capitalized_candidate
31271,ijian,696a69616e,5,4423,alphabetic
31281,uphin,757068696e,5,4421,alphabetic
31287,celain,63656c61696e,6,4420,alphabetic
31326,␠Confuc,20436f6e667563,7,4409,leading_space;alphabetic;capitalized_candidate
31343,dominal,646f6d696e616c,7,4405,alphabetic
31365,eddings,656464696e6773,7,4402,alphabetic
31374,enaries,656e6172696573,7,4400,alphabetic
31392,phalt,7068616c74,5,4397,alphabetic
31417,érard,c3a972617264,6,4392,alphabetic
31419,adua,61647561,4,4391,alphabetic
31446,␠renumber,2072656e756d626572,9,4387,leading_space;alphabetic
31450,␠McGr,204d634772,5,4385,leading_space;alphabetic;capitalized_candidate
31476,␠invis,20696e766973,6,4379,leading_space;alphabetic
31487,mancipation,6d616e6369706174696f6e,11,4376,alphabetic;suffix_shape
31498,aisal,616973616c,5,4373,alphabetic
31512,iduous,6964756f7573,6,4370,alphabetic
31517,calf,63616c66,4,4368,alphabetic
31522,renches,72656e63686573,7,4367,alphabetic
31530,␠Sofl,20536f666c,5,4365,leading_space;alphabetic;capitalized_candidate
31535,ismarck,69736d6172636b,7,4365,alphabetic
31540,␠profic,2070726f666963,7,4363,leading_space;alphabetic
31548,ücken,c3bc636b656e,6,4362,alphabetic
31551,cessions,63657373696f6e73,8,4361,alphabetic
31568,bons,626f6e73,4,4355,alphabetic
31574,aronne,61726f6e6e65,6,4355,alphabetic
31616,cores,636f726573,5,4346,alphabetic
31619,thly,74686c79,4,4345,alphabetic;suffix_shape
31624,␠minesweep,206d696e657377656570,10,4345,leading_space;alphabetic
31627,onomics,6f6e6f6d696373,7,4344,alphabetic
31638,hevik,686576696b,5,4342,alphabetic
31661,aquin,617175696e,5,4337,alphabetic
31707,matical,6d61746963616c,7,4328,alphabetic
31752,Proper,50726f706572,6,4317,alphabetic;capitalized_candidate
31762,dard,64617264,4,4315,alphabetic
31774,␠harv,2068617276,5,4312,leading_space;alphabetic
31781,pendicular,70656e646963756c6172,10,4311,alphabetic
31806,␠Karls,204b61726c73,6,4306,leading_space;alphabetic;capitalized_candidate
31810,royo,726f796f,4,4305,alphabetic
31834,izophren,697a6f706872656e,8,4302,alphabetic
31835,␠Joaqu,204a6f617175,6,4301,leading_space;alphabetic;capitalized_candidate
31839,urasian,7572617369616e,7,4300,alphabetic
31845,ernsey,65726e736579,6,4298,alphabetic
31852,EAN,45414e,3,4297,alphabetic
31867,␠Yarm,205961726d,5,4294,leading_space;alphabetic;capitalized_candidate
31869,nań,6e61c584,4,4294,alphabetic
31870,␠timet,2074696d6574,6,4294,leading_space;alphabetic
31875,␠ignor,2069676e6f72,6,4293,leading_space;alphabetic
31885,amweight,616d776569676874,8,4290,alphabetic
31894,Prest,5072657374,5,4288,alphabetic;capitalized_candidate
31909,abakh,6162616b68,5,4284,alphabetic
31910,ighthouses,69676874686f75736573,10,4284,alphabetic
31927,abouts,61626f757473,6,4278,alphabetic
31929,␠Indoch,20496e646f6368,7,4278,leading_space;alphabetic;capitalized_candidate
31954,␠Ork,204f726b,4,4272,leading_space;alphabetic;capitalized_candidate
31955,arente,6172656e7465,6,4272,alphabetic
31970,nelly,6e656c6c79,5,4268,alphabetic;suffix_shape
31971,␠spectrosc,207370656374726f7363,10,4268,leading_space;alphabetic
31978,ukuoka,756b756f6b61,6,4266,alphabetic
31994,idalgo,6964616c676f,6,4264,alphabetic
32007,veniles,76656e696c6573,7,4260,alphabetic
32011,␠unlaw,20756e6c6177,6,4259,leading_space;alphabetic
32033,␠basil,20626173696c,6,4254,leading_space;alphabetic
32051,ispr,69737072,4,4250,alphabetic
32065,␠McCle,204d63436c65,6,4246,leading_space;alphabetic;capitalized_candidate
32077,␠Fusil,20467573696c,6,4244,leading_space;alphabetic;capitalized_candidate
32082,luent,6c75656e74,5,4243,alphabetic
32096,␠Opportun,204f70706f7274756e,9,4241,leading_space;alphabetic;capitalized_candidate
32136,uscs,75736373,4,4231,alphabetic
32143,␠Estr,2045737472,5,4228,leading_space;alphabetic;capitalized_candidate
32157,kner,6b6e6572,4,4225,alphabetic
32193,␠receip,20726563656970,7,4217,leading_space;alphabetic
32223,énez,c3a96e657a,5,4210,alphabetic
32232,agong,61676f6e67,5,4208,alphabetic
32233,ugawa,7567617761,5,4208,alphabetic
32247,itorious,69746f72696f7573,8,4205,alphabetic
32259,␠extr,2065787472,5,4202,leading_space;alphabetic
32278,Alban,416c62616e,5,4198,alphabetic;capitalized_candidate
32286,iscellaneous,697363656c6c616e656f7573,12,4196,alphabetic
32297,incely,696e63656c79,6,4194,alphabetic;suffix_shape
32301,␠cott,20636f7474,5,4193,leading_space;alphabetic
32302,␠Sait,2053616974,5,4193,leading_space;alphabetic;capitalized_candidate
32332,unset,756e736574,5,4186,alphabetic
32333,rimp,72696d70,4,4186,alphabetic
32352,␠hortic,20686f72746963,7,4182,leading_space;alphabetic
32353,␠Mif,204d6966,4,4182,leading_space;alphabetic;capitalized_candidate
32357,nesset,6e6573736574,6,4182,alphabetic
32394,inole,696e6f6c65,5,4176,alphabetic
32403,␠resil,20726573696c,6,4173,leading_space;alphabetic
32413,ellier,656c6c696572,6,4171,alphabetic
32415,␠Gladi,20476c616469,6,4171,leading_space;alphabetic;capitalized_candidate
32416,inderella,696e646572656c6c61,9,4171,alphabetic
32423,eshoe,6573686f65,5,4169,alphabetic
32425,ellery,656c6c657279,6,4168,alphabetic
32426,spur,73707572,4,4168,alphabetic
32437,urdays,757264617973,6,4167,alphabetic
32472,illand,696c6c616e64,6,4159,alphabetic
32479,␠Ith,20497468,4,4157,leading_space;alphabetic;capitalized_candidate
32496,aryl,6172796c,4,4153,alphabetic
32549,iress,6972657373,5,4141,alphabetic
32560,rexham,72657868616d,6,4140,alphabetic
32590,corers,636f72657273,6,4134,alphabetic;suffix_shape
32598,␠vertebra,207665727465627261,9,4133,leading_space;alphabetic
32603,léans,6cc3a9616e73,6,4132,alphabetic
32665,lysses,6c7973736573,6,4118,alphabetic
32666,svenskan,7376656e736b616e,8,4117,alphabetic
32676,rmacht,726d61636874,6,4116,alphabetic
32691,␠secre,207365637265,6,4113,leading_space;alphabetic
32704,Vlad,566c6164,4,4109,alphabetic;capitalized_candidate
32705,oufl,6f75666c,4,4109,alphabetic
32741,apid,61706964,4,4101,alphabetic
32751,␠Dord,20446f7264,5,4099,leading_space;alphabetic;capitalized_candidate
32763,ocative,6f636174697665,7,4097,alphabetic
32814,írez,c3ad72657a,5,4086,alphabetic
32830,␠Arund,204172756e64,6,4082,leading_space;alphabetic;capitalized_candidate
32835,powder,706f77646572,6,4081,alphabetic
32846,ultimate,756c74696d617465,8,4079,alphabetic
32858,␠fost,20666f7374,5,4077,leading_space;alphabetic
32869,outi,6f757469,4,4075,alphabetic
32886,issens,697373656e73,6,4072,alphabetic
32939,fficients,6666696369656e7473,9,4062,alphabetic
32966,arettes,61726574746573,7,4058,alphabetic
32968,onautical,6f6e6175746963616c,9,4058,alphabetic
32975,advert,616476657274,6,4056,alphabetic
32976,thala,7468616c61,5,4056,alphabetic
32985,Farland,4661726c616e64,7,4054,alphabetic;capitalized_candidate
33001,␠elegan,20656c6567616e,7,4051,leading_space;alphabetic
33002,ifix,69666978,4,4051,alphabetic
33012,学校,e5ada6e6a0a1,6,4050,alphabetic
33025,␠Sels,2053656c73,5,4045,leading_space;alphabetic;capitalized_candidate
33043,armstadt,61726d7374616474,8,4041,alphabetic
33053,␠disag,206469736167,6,4039,leading_space;alphabetic
33073,Angl,416e676c,4,4036,alphabetic;capitalized_candidate
33101,onely,6f6e656c79,5,4030,alphabetic;suffix_shape
33124,uven,7576656e,4,4026,alphabetic
33166,␠Kapur,204b61707572,6,4016,leading_space;alphabetic;capitalized_candidate
33171,␠Mississ,204d697373697373,8,4015,leading_space;alphabetic;capitalized_candidate
33186,ucco,7563636f,4,4012,alphabetic
33228,␠Domes,20446f6d6573,6,4005,leading_space;alphabetic;capitalized_candidate
33237,␠Racew,205261636577,6,4002,leading_space;alphabetic;capitalized_candidate
33257,␠ISI,20495349,4,3999,leading_space;alphabetic
33267,specified,737065636966696564,9,3998,alphabetic;suffix_shape
33281,␠errone,206572726f6e65,7,3996,leading_space;alphabetic
33306,␠sinc,2073696e63,5,3990,leading_space;alphabetic
33319,ichael,69636861656c,6,3988,alphabetic
33323,␠Susque,20537573717565,7,3988,leading_space;alphabetic;capitalized_candidate
33341,␠Hellen,2048656c6c656e,7,3985,leading_space;alphabetic;capitalized_candidate
33357,vergne,766572676e65,6,3982,alphabetic
33362,Ll,4c6c,2,3981,alphabetic;capitalized_candidate
33364,rades,7261646573,5,3981,alphabetic
33375,ürgen,c3bc7267656e,6,3980,alphabetic
33391,kward,6b77617264,5,3976,alphabetic
33439,idable,696461626c65,6,3966,alphabetic;suffix_shape
33443,orca,6f726361,4,3965,alphabetic
33448,␠Muñ,204d75c3b1,5,3965,leading_space;alphabetic;capitalized_candidate
33449,␠ub,207562,3,3964,leading_space;alphabetic
33452,␠Orte,204f727465,5,3964,leading_space;alphabetic;capitalized_candidate
33483,␠Zepp,205a657070,5,3959,leading_space;alphabetic;capitalized_candidate
33486,vation,766174696f6e,6,3958,alphabetic;suffix_shape
33487,insic,696e736963,5,3958,alphabetic
33502,ázquez,c3a17a7175657a,7,3956,alphabetic
33514,␠Roan,20526f616e,5,3954,leading_space;alphabetic;capitalized_candidate
33518,␠chieft,20636869656674,7,3953,leading_space;alphabetic
33520,chener,6368656e6572,6,3953,alphabetic
33521,scored,73636f726564,6,3953,alphabetic;suffix_shape
33541,␠injust,20696e6a757374,7,3950,leading_space;alphabetic
33544,␠IMD,20494d44,4,3949,leading_space;alphabetic
33552,pani,70616e69,4,3948,alphabetic
33573,␠atroc,206174726f63,6,3944,leading_space;alphabetic
33574,␠Blanch,20426c616e6368,7,3944,leading_space;alphabetic;capitalized_candidate
33578,oese,6f657365,4,3943,alphabetic
33602,␠ours,206f757273,5,3938,leading_space;alphabetic
33617,racellular,726163656c6c756c6172,10,3935,alphabetic
33628,ideon,6964656f6e,5,3931,alphabetic
33638,acola,61636f6c61,5,3928,alphabetic
33642,␠extrad,20657874726164,7,3928,leading_space;alphabetic
33643,ursions,757273696f6e73,7,3928,alphabetic
33647,ა,e18390,3,3928,alphabetic
33651,␠anonym,20616e6f6e796d,7,3927,leading_space;alphabetic
33659,breaks,627265616b73,6,3926,alphabetic
33668,ocused,6f6375736564,6,3924,alphabetic;suffix_shape
33713,antile,616e74696c65,6,3916,alphabetic
33720,␠Chá,204368c3a1,5,3915,leading_space;alphabetic;capitalized_candidate
33723,␠Bharati,2042686172617469,8,3915,leading_space;alphabetic;capitalized_candidate
33737,␠realign,207265616c69676e,8,3912,leading_space;alphabetic
33747,iquit,6971756974,5,3911,alphabetic
33769,␠traject,207472616a656374,8,3906,leading_space;alphabetic
33790,␠Kwa,204b7761,4,3902,leading_space;alphabetic;capitalized_candidate
33805,fries,6672696573,5,3899,alphabetic
33807,␠Balf,2042616c66,5,3899,leading_space;alphabetic;capitalized_candidate
33818,iotics,696f74696373,6,3897,alphabetic
33822,ysław,7973c5826177,6,3896,alphabetic
33841,onoma,6f6e6f6d61,5,3892,alphabetic
33843,␠Hammers,2048616d6d657273,8,3892,leading_space;alphabetic;capitalized_candidate
33852,␠harps,206861727073,6,3891,leading_space;alphabetic
33859,␠Españ,2045737061c3b1,7,3890,leading_space;alphabetic;capitalized_candidate
33872,ocalypt,6f63616c797074,7,3887,alphabetic
33879,acerb,6163657262,5,3886,alphabetic
33895,␠Haar,2048616172,5,3884,leading_space;alphabetic;capitalized_candidate
33898,icode,69636f6465,5,3883,alphabetic
33904,isprudence,697370727564656e6365,10,3883,alphabetic
33906,\xe7\x8e,e78e,2,3882,contains_symbol
33925,umenical,756d656e6963616c,8,3880,alphabetic
33926,Rena,52656e61,4,3879,alphabetic;capitalized_candidate
33939,␠Baut,2042617574,5,3876,leading_space;alphabetic;capitalized_candidate
33942,athering,6174686572696e67,8,3876,alphabetic;suffix_shape
33952,␠seaf,2073656166,5,3874,leading_space;alphabetic
33986,anck,616e636b,4,3869,alphabetic
33989,quiem,717569656d,5,3869,alphabetic
33993,␠unrel,20756e72656c,6,3868,leading_space;alphabetic
34029,ectar,6563746172,5,3860,alphabetic
34035,iculous,6963756c6f7573,7,3859,alphabetic
34040,unkn,756e6b6e,4,3858,alphabetic
34044,phans,7068616e73,5,3856,alphabetic
34045,lavery,6c6176657279,6,3856,alphabetic
34051,uiser,7569736572,5,3855,alphabetic
34055,Mania,4d616e6961,5,3854,alphabetic;capitalized_candidate
34069,habilitation,686162696c69746174696f6e,12,3852,alphabetic;suffix_shape
34080,axies,6178696573,5,3850,alphabetic
34091,␠\xe5\xae,20e5ae,3,3849,leading_space;contains_symbol
34110,ameda,616d656461,5,3845,alphabetic
34112,halt,68616c74,4,3844,alphabetic
34115,␠Waik,205761696b,5,3844,leading_space;alphabetic;capitalized_candidate
34117,encement,656e63656d656e74,8,3843,alphabetic;suffix_shape
34151,tingu,74696e6775,5,3837,alphabetic
34158,␠Telesc,2054656c657363,7,3836,leading_space;alphabetic;capitalized_candidate
34159,chelles,6368656c6c6573,7,3836,alphabetic
34182,iazza,69617a7a61,5,3832,alphabetic
34193,␠Pots,20506f7473,5,3830,leading_space;alphabetic;capitalized_candidate
34208,␠Coimb,20436f696d62,6,3828,leading_space;alphabetic;capitalized_candidate
34209,␠Khy,204b6879,4,3828,leading_space;alphabetic;capitalized_candidate
34219,izarre,697a61727265,6,3826,alphabetic
34239,çaise,c3a761697365,6,3823,alphabetic
34243,␠pestic,20706573746963,7,3822,leading_space;alphabetic
34244,regor,7265676f72,5,3822,alphabetic
34248,moil,6d6f696c,4,3822,alphabetic
34251,ristol,726973746f6c,6,3821,alphabetic
34253,rowave,726f77617665,6,3821,alphabetic
34257,vaal,7661616c,4,3821,alphabetic
34263,␠taxp,2074617870,5,3820,leading_space;alphabetic
34273,Compan,436f6d70616e,6,3819,alphabetic;capitalized_candidate
34276,azaar,617a616172,5,3818,alphabetic
34292,␠cohes,20636f686573,6,3815,leading_space;alphabetic
34300,␠restric,2072657374726963,8,3813,leading_space;alphabetic
34319,liferation,6c696665726174696f6e,10,3810,alphabetic;suffix_shape
34335,␠immers,20696d6d657273,7,3807,leading_space;alphabetic
34339,missioned,6d697373696f6e6564,9,3806,alphabetic;suffix_shape
34357,␠Vojv,20566f6a76,5,3804,leading_space;alphabetic;capitalized_candidate
34384,lectric,6c656374726963,7,3798,alphabetic
34405,␠remot,2072656d6f74,6,3793,leading_space;alphabetic
34414,horb,686f7262,4,3790,alphabetic
34415,␠Wür,2057c3bc72,5,3790,leading_space;alphabetic;capitalized_candidate
34429,␠Königs,204bc3b66e696773,8,3788,leading_space;alphabetic;capitalized_candidate
34447,␠Macqu,204d61637175,6,3783,leading_space;alphabetic;capitalized_candidate
34453,ívar,c3ad766172,5,3782,alphabetic
34466,␠Pucc,2050756363,5,3780,leading_space;alphabetic;capitalized_candidate
34472,autical,6175746963616c,7,3780,alphabetic
34474,atlant,61746c616e74,6,3779,alphabetic
34499,ucid,75636964,4,3775,alphabetic
34516,hetical,6865746963616c,7,3773,alphabetic
34521,iovascular,696f76617363756c6172,10,3773,alphabetic
34572,entown,656e746f776e,6,3761,alphabetic
34589,ombies,6f6d62696573,6,3760,alphabetic
34590,pedo,7065646f,4,3760,alphabetic
34608,otá,6f74c3a1,4,3757,alphabetic
34612,␠Aleg,20416c6567,5,3756,leading_space;alphabetic;capitalized_candidate
34621,pecker,7065636b6572,6,3754,alphabetic
34636,Elim,456c696d,4,3752,alphabetic;capitalized_candidate
34637,lips,6c697073,4,3752,alphabetic
34643,Palest,50616c657374,6,3751,alphabetic;capitalized_candidate
34682,pian,7069616e,4,3743,alphabetic
34688,␠\xc8,20c8,2,3742,leading_space;contains_symbol
34690,andaran,616e646172616e,7,3742,alphabetic
34707,lebone,6c65626f6e65,6,3740,alphabetic
34710,bleday,626c65646179,6,3740,alphabetic
34729,␠Demp,2044656d70,5,3737,leading_space;alphabetic;capitalized_candidate
34765,Liver,4c69766572,5,3730,alphabetic;capitalized_candidate
34795,aviour,6176696f7572,6,3725,alphabetic
34810,␠Javan,204a6176616e,6,3722,leading_space;alphabetic;capitalized_candidate
34830,Wed,576564,3,3718,alphabetic;capitalized_candidate
34836,iplayer,69706c61796572,7,3718,alphabetic
34841,Restaur,52657374617572,7,3717,alphabetic;capitalized_candidate
34842,ivisie,697669736965,6,3717,alphabetic
34869,␠Galile,2047616c696c65,7,3711,leading_space;alphabetic;capitalized_candidate
34885,imsby,696d736279,5,3708,alphabetic
34950,␠Waver,205761766572,6,3696,leading_space;alphabetic;capitalized_candidate
34951,amboat,616d626f6174,6,3696,alphabetic
34952,veston,766573746f6e,6,3696,alphabetic
34961,␠scarc,207363617263,6,3694,leading_space;alphabetic
34963,ductory,647563746f7279,7,3694,alphabetic
34974,azoo,617a6f6f,4,3692,alphabetic
34975,␠fundament,2066756e64616d656e74,10,3692,leading_space;alphabetic
34990,␠Fok,20466f6b,4,3689,leading_space;alphabetic;capitalized_candidate
35005,isited,697369746564,6,3686,alphabetic;suffix_shape
35007,redivisie,726564697669736965,9,3686,alphabetic
35015,ipient,697069656e74,6,3685,alphabetic
35017,EAEA,45414541,4,3685,alphabetic
35040,␠goalsc,20676f616c7363,7,3681,leading_space;alphabetic
35047,␠resurg,20726573757267,7,3679,leading_space;alphabetic
35070,␠resched,2072657363686564,8,3674,leading_space;alphabetic
35095,uatu,75617475,4,3670,alphabetic
35100,␠ranc,2072616e63,5,3669,leading_space;alphabetic
35108,ictorial,6963746f7269616c,8,3668,alphabetic
35133,ryption,72797074696f6e,7,3662,alphabetic;suffix_shape
35150,riger,7269676572,5,3659,alphabetic
35155,richt,7269636874,5,3658,alphabetic
35180,ruhe,72756865,4,3653,alphabetic
35201,issenschaft,697373656e736368616674,11,3651,alphabetic
35204,ikovsky,696b6f76736b79,7,3650,alphabetic
35210,␠stam,207374616d,5,3648,leading_space;alphabetic
35214,erunner,6572756e6e6572,7,3647,alphabetic
35217,khaz,6b68617a,4,3647,alphabetic
35227,␠artef,206172746566,6,3645,leading_space;alphabetic
35246,osef,6f736566,4,3642,alphabetic
35270,␠Perc,2050657263,5,3638,leading_space;alphabetic;capitalized_candidate
35273,cturnal,637475726e616c,7,3638,alphabetic
35291,erritt,657272697474,6,3634,alphabetic
35300,arkhand,61726b68616e64,7,3632,alphabetic
35306,rera,72657261,4,3631,alphabetic
35333,ocalyptic,6f63616c7970746963,9,3628,alphabetic
35338,␠repuls,20726570756c73,7,3627,leading_space;alphabetic
35348,izophrenia,697a6f706872656e6961,10,3625,alphabetic
35355,Roche,526f636865,5,3623,alphabetic;capitalized_candidate
35396,formances,666f726d616e636573,9,3616,alphabetic
35403,␠Taun,205461756e,5,3615,leading_space;alphabetic;capitalized_candidate
35434,stically,73746963616c6c79,8,3608,alphabetic;suffix_shape
35456,␠Amade,20416d616465,6,3606,leading_space;alphabetic;capitalized_candidate
35474,eceased,65636561736564,7,3603,alphabetic;suffix_shape
35497,ikkim,696b6b696d,5,3598,alphabetic
35512,␠Astur,204173747572,6,3595,leading_space;alphabetic;capitalized_candidate
35538,rocław,726f63c5826177,7,3591,alphabetic
35550,␠Cuth,2043757468,5,3589,leading_space;alphabetic;capitalized_candidate
35556,adolid,61646f6c6964,6,3588,alphabetic
35582,Syr,537972,3,3584,alphabetic;capitalized_candidate
35583,mán,6dc3a16e,4,3584,alphabetic
35589,␠Psychiat,205073796368696174,9,3583,leading_space;alphabetic;capitalized_candidate
35605,horbia,686f72626961,6,3581,alphabetic
35621,␠furl,206675726c,5,3578,leading_space;alphabetic
35623,boretum,626f726574756d,7,3578,alphabetic
35632,Veh,566568,3,3575,alphabetic;capitalized_candidate
35674,␠dolph,20646f6c7068,6,3569,leading_space;alphabetic
35676,␠Frédé,204672c3a964c3a9,8,3569,leading_space;alphabetic;capitalized_candidate
35683,␠Oax,204f6178,4,3568,leading_space;alphabetic;capitalized_candidate
35688,ótt,c3b37474,4,3567,alphabetic
35697,␠Solic,20536f6c6963,6,3565,leading_space;alphabetic;capitalized_candidate
35708,ageco,616765636f,5,3563,alphabetic
35735,STAR,53544152,4,3559,alphabetic
35738,estag,6573746167,5,3558,alphabetic
35754,␠lapt,206c617074,5,3555,leading_space;alphabetic
35794,ewitness,657769746e657373,8,3548,alphabetic;suffix_shape
35809,udson,7564736f6e,5,3544,alphabetic
35818,xious,78696f7573,5,3543,alphabetic
35869,␠Iroqu,2049726f7175,6,3535,leading_space;alphabetic;capitalized_candidate
35880,␠Hemp,2048656d70,5,3533,leading_space;alphabetic;capitalized_candidate
35883,␠promulg,2070726f6d756c67,8,3532,leading_space;alphabetic
35886,␠hench,2068656e6368,6,3532,leading_space;alphabetic
35900,␠nostalg,206e6f7374616c67,8,3529,leading_space;alphabetic
35921,lieb,6c696562,4,3526,alphabetic
35924,␠fab,20666162,4,3525,leading_space;alphabetic
35947,␠Choct,2043686f6374,6,3522,leading_space;alphabetic;capitalized_candidate
35969,ónio,c3b36e696f,5,3520,alphabetic
35972,xton,78746f6e,4,3519,alphabetic
35993,iplane,69706c616e65,6,3516,alphabetic
36004,␠servic,20736572766963,7,3514,leading_space;alphabetic
36015,isory,69736f7279,5,3512,alphabetic
36023,usks,75736b73,4,3511,alphabetic
36024,redibly,72656469626c79,7,3511,alphabetic;suffix_shape
36046,ominium,6f6d696e69756d,7,3508,alphabetic
36054,␠adherent,206164686572656e74,9,3506,leading_space;alphabetic
36086,ubei,75626569,4,3500,alphabetic
36112,␠Verbands,2056657262616e6473,9,3495,leading_space;alphabetic;capitalized_candidate
36123,douard,646f75617264,6,3493,alphabetic
36129,␠Charlott,20436861726c6f7474,9,3492,leading_space;alphabetic;capitalized_candidate
36130,␠Sevent,20536576656e74,7,3492,leading_space;alphabetic;capitalized_candidate
36193,␠bequ,2062657175,5,3480,leading_space;alphabetic
36196,awning,61776e696e67,6,3479,alphabetic;suffix_shape
36207,comfortable,636f6d666f727461626c65,11,3478,alphabetic;suffix_shape
36213,␠Yeoman,2059656f6d616e,7,3477,leading_space;alphabetic;capitalized_candidate
36214,␠hypothes,206879706f74686573,9,3477,leading_space;alphabetic
36217,Bundes,42756e646573,6,3477,alphabetic;capitalized_candidate
36233,hydrogen,687964726f67656e,8,3475,alphabetic
36265,␠detr,2064657472,5,3469,leading_space;alphabetic
36283,Celt,43656c74,4,3465,alphabetic;capitalized_candidate
36296,thropods,7468726f706f6473,8,3464,alphabetic
36306,atility,6174696c697479,7,3462,alphabetic
36340,eworks,65776f726b73,6,3457,alphabetic
36347,␠Thuring,2054687572696e67,8,3456,leading_space;alphabetic;capitalized_candidate
36366,ifully,6966756c6c79,6,3453,alphabetic;suffix_shape
36384,bidden,62696464656e,6,3450,alphabetic
36422,ortunate,6f7274756e617465,8,3446,alphabetic
36452,␠miniat,206d696e696174,7,3440,leading_space;alphabetic
36463,dcdc,64636463,4,3439,alphabetic
36496,ridors,7269646f7273,6,3434,alphabetic
36521,␠embank,20656d62616e6b,7,3431,leading_space;alphabetic
36528,friended,667269656e646564,8,3430,alphabetic;suffix_shape
36532,␠sidel,20736964656c,6,3429,leading_space;alphabetic
36539,␠leop,206c656f70,5,3427,leading_space;alphabetic
36560,ancements,616e63656d656e7473,9,3424,alphabetic
36564,␠Somal,20536f6d616c,6,3424,leading_space;alphabetic;capitalized_candidate
36588,␠unauthor,20756e617574686f72,9,3420,leading_space;alphabetic
36605,unsch,756e736368,5,3417,alphabetic
36610,␠relaun,2072656c61756e,7,3416,leading_space;alphabetic
36616,fron,66726f6e,4,3415,alphabetic
36618,meida,6d65696461,5,3415,alphabetic
36626,asterly,61737465726c79,7,3414,alphabetic;suffix_shape
36627,␠inspir,20696e73706972,7,3414,leading_space;alphabetic
36641,udeau,7564656175,5,3411,alphabetic
36644,partement,70617274656d656e74,9,3411,alphabetic;suffix_shape
36683,bast,62617374,4,3405,alphabetic
36685,␠verand,20766572616e64,7,3405,leading_space;alphabetic
36690,iveries,69766572696573,7,3404,alphabetic
36709,␠Bucure,20427563757265,7,3402,leading_space;alphabetic;capitalized_candidate
36720,␠inadvert,20696e616476657274,9,3400,leading_space;alphabetic
36721,aski,61736b69,4,3400,alphabetic
36727,altham,616c7468616d,6,3399,alphabetic
36738,Deport,4465706f7274,6,3398,alphabetic;capitalized_candidate
36750,roughs,726f75676873,6,3396,alphabetic
36774,ollar,6f6c6c6172,5,3391,alphabetic
36779,␠congen,20636f6e67656e,7,3390,leading_space;alphabetic
36786,zilla,7a696c6c61,5,3389,alphabetic
36806,therton,74686572746f6e,7,3387,alphabetic
36810,Maced,4d61636564,5,3386,alphabetic;capitalized_candidate
36813,␠bri,20627269,4,3385,leading_space;alphabetic
36814,␠Fraz,204672617a,5,3385,leading_space;alphabetic;capitalized_candidate
36816,rences,72656e636573,6,3385,alphabetic
36826,␠mountaine,206d6f756e7461696e65,10,3384,leading_space;alphabetic
36832,helial,68656c69616c,6,3383,alphabetic
36898,cricket,637269636b6574,7,3372,alphabetic
36914,␠Renf,2052656e66,5,3371,leading_space;alphabetic;capitalized_candidate
36924,␠repatri,2072657061747269,8,3369,leading_space;alphabetic
36932,␠Iq,204971,3,3368,leading_space;alphabetic;capitalized_candidate
36947,␠Blooms,20426c6f6f6d73,7,3367,leading_space;alphabetic;capitalized_candidate
36950,igail,696761696c,5,3366,alphabetic
36964,Trin,5472696e,4,3364,alphabetic;capitalized_candidate
36984,␠solem,20736f6c656d,6,3362,leading_space;alphabetic
36990,␠Bets,2042657473,5,3361,leading_space;alphabetic;capitalized_candidate
36992,skine,736b696e65,5,3361,alphabetic
36996,outube,6f7574756265,6,3360,alphabetic
37009,gean,6765616e,4,3357,alphabetic
37011,␠pedag,207065646167,6,3357,leading_space;alphabetic
37015,ireann,697265616e6e,6,3356,alphabetic
37032,aques,6171756573,5,3353,alphabetic
37057,vag,766167,3,3350,alphabetic
37061,␠Alvar,20416c766172,6,3350,leading_space;alphabetic;capitalized_candidate
37066,ódź,c3b364c5ba,5,3350,alphabetic
37072,baden,626164656e,5,3348,alphabetic
37081,␠Turt,2054757274,5,3347,leading_space;alphabetic;capitalized_candidate
37112,lepool,6c65706f6f6c,6,3342,alphabetic
37140,Num,4e756d,3,3338,alphabetic;capitalized_candidate
37141,␠diction,2064696374696f6e,8,3338,leading_space;alphabetic
37147,oriety,6f7269657479,6,3338,alphabetic
37148,␠Ceram,20436572616d,6,3338,leading_space;alphabetic;capitalized_candidate
37160,irez,6972657a,4,3335,alphabetic
37163,ecko,65636b6f,4,3335,alphabetic
37174,érrez,c3a97272657a,6,3334,alphabetic
37182,rious,72696f7573,5,3331,alphabetic
37184,ierry,6965727279,5,3331,alphabetic
37191,ountains,6f756e7461696e73,8,3330,alphabetic
37196,accessible,61636365737369626c65,10,3330,alphabetic;suffix_shape
37200,ezvous,657a766f7573,6,3329,alphabetic
37209,ademia,6164656d6961,6,3328,alphabetic
37231,␠ ␠ ␠ ␠ ,20c2a020c2a020c2a020c2a0,12,3325,leading_space;contains_symbol
37243,␠Abkhaz,2041626b68617a,7,3323,leading_space;alphabetic;capitalized_candidate
37291,cels,63656c73,4,3315,alphabetic
37294,uchamp,756368616d70,6,3315,alphabetic
37297,esity,6573697479,5,3314,alphabetic
37299,etrack,65747261636b,6,3314,alphabetic
37309,bringing,6272696e67696e67,8,3313,alphabetic;suffix_shape
37318,arryl,617272796c,5,3312,alphabetic
37321,arnt,61726e74,4,3311,alphabetic
37323,␠teh,20746568,4,3311,leading_space;alphabetic
37332,␠ambigu,20616d62696775,7,3310,leading_space;alphabetic
37336,issau,6973736175,5,3309,alphabetic
37342,␠Horiz,20486f72697a,6,3308,leading_space;alphabetic;capitalized_candidate
37363,␠aggrav,20616767726176,7,3304,leading_space;alphabetic
37374,iacos,6961636f73,5,3303,alphabetic
37385,␠Heming,2048656d696e67,7,3302,leading_space;alphabetic;capitalized_candidate
37393,ementia,656d656e746961,7,3300,alphabetic
37396,␠Hindust,2048696e64757374,8,3300,leading_space;alphabetic;capitalized_candidate
37426,agecoach,616765636f616368,8,3297,alphabetic
37427,elph,656c7068,4,3296,alphabetic
37440,␠landl,206c616e646c,6,3294,leading_space;alphabetic
37447,␠furnish,206675726e697368,8,3293,leading_space;alphabetic
37456,abhar,6162686172,5,3291,alphabetic
37465,utiérrez,757469c3a97272657a,9,3289,alphabetic
37475,oughby,6f7567686279,6,3287,alphabetic
37496,redict,726564696374,6,3284,alphabetic
37535,␠Scro,205363726f,5,3279,leading_space;alphabetic;capitalized_candidate
37542,unya,756e7961,4,3278,alphabetic
37548,loth,6c6f7468,4,3277,alphabetic
37561,␠Mukher,204d756b686572,7,3276,leading_space;alphabetic;capitalized_candidate
37577,metics,6d6574696373,6,3273,alphabetic
37582,espan,657370616e,5,3272,alphabetic
37637,acceptable,61636365707461626c65,10,3266,alphabetic;suffix_shape
37644,mospheric,6d6f73706865726963,9,3265,alphabetic
37653,␠este,2065737465,5,3264,leading_space;alphabetic
37672,␠Pakht,2050616b6874,6,3262,leading_space;alphabetic;capitalized_candidate
37674,ripps,7269707073,5,3262,alphabetic
37675,Rout,526f7574,4,3261,alphabetic;capitalized_candidate
37682,␠clust,20636c757374,6,3260,leading_space;alphabetic
37685,chequer,63686571756572,7,3259,alphabetic
37694,illusion,696c6c7573696f6e,8,3257,alphabetic;suffix_shape
37723,␠Cess,2043657373,5,3252,leading_space;alphabetic;capitalized_candidate
37726,itaries,69746172696573,7,3252,alphabetic
37732,idoptera,69646f7074657261,8,3251,alphabetic
37762,Protest,50726f74657374,7,3248,alphabetic;capitalized_candidate
37766,ishn,6973686e,4,3246,alphabetic
37773,ugia,75676961,4,3245,alphabetic
37815,vings,76696e6773,5,3238,alphabetic
37823,olera,6f6c657261,5,3237,alphabetic
37834,␠Analyt,20416e616c7974,7,3236,leading_space;alphabetic;capitalized_candidate
37838,␠Riy,20526979,4,3235,leading_space;alphabetic;capitalized_candidate
37852,␠gastro,2067617374726f,7,3233,leading_space;alphabetic
37854,iberal,69626572616c,6,3233,alphabetic
37859,␠stagg,207374616767,6,3232,leading_space;alphabetic
37866,uyeh,75796568,4,3231,alphabetic
37870,bied,62696564,4,3230,alphabetic;suffix_shape
37871,zies,7a696573,4,3230,alphabetic
37873,Stew,53746577,4,3230,alphabetic;capitalized_candidate
37878,cidae,6369646165,5,3229,alphabetic
37889,mandu,6d616e6475,5,3229,alphabetic
37891,␠inexp,20696e657870,6,3228,leading_space;alphabetic
37927,␠ruth,2072757468,5,3223,leading_space;alphabetic
37950,␠camoufl,2063616d6f75666c,8,3221,leading_space;alphabetic
37973,␠Sté,205374c3a9,5,3217,leading_space;alphabetic;capitalized_candidate
37978,urious,7572696f7573,6,3216,alphabetic
37997,␠impover,20696d706f766572,8,3213,leading_space;alphabetic
37998,starter,73746172746572,7,3212,alphabetic
38020,␠Advoc,204164766f63,6,3209,leading_space;alphabetic;capitalized_candidate
38025,␠Angles,20416e676c6573,7,3208,leading_space;alphabetic;capitalized_candidate
38030,ầ,e1baa7,3,3208,alphabetic
38042,riched,726963686564,6,3206,alphabetic;suffix_shape
38064,␠theoret,207468656f726574,8,3203,leading_space;alphabetic
38079,óttir,c3b374746972,6,3202,alphabetic
38087,Cyp,437970,3,3200,alphabetic;capitalized_candidate
38092,␠ü,20c3bc,3,3199,leading_space;alphabetic
38100,␠disappro,20646973617070726f,9,3199,leading_space;alphabetic
38122,akhand,616b68616e64,6,3196,alphabetic
38132,␠Gda,20476461,4,3194,leading_space;alphabetic;capitalized_candidate
38142,allists,616c6c69737473,7,3192,alphabetic
38152,atrical,6174726963616c,7,3191,alphabetic
38153,␠Hortic,20486f72746963,7,3191,leading_space;alphabetic;capitalized_candidate
38183,ethn,6574686e,4,3186,alphabetic
38187,unkhwa,756e6b687761,6,3186,alphabetic
38209,␠Reyk,205265796b,5,3183,leading_space;alphabetic;capitalized_candidate
38223,uitable,75697461626c65,7,3181,alphabetic;suffix_shape
38229,␠nutrit,206e7574726974,7,3180,leading_space;alphabetic
38256,inghouse,696e67686f757365,8,3176,alphabetic
38270,viations,76696174696f6e73,8,3175,alphabetic
38288,Basket,4261736b6574,6,3173,alphabetic;capitalized_candidate
38315,astrophic,617374726f70686963,9,3169,alphabetic
38331,␠axi,20617869,4,3167,leading_space;alphabetic
38360,innamon,696e6e616d6f6e,7,3162,alphabetic
38365,␠Novos,204e6f766f73,6,3161,leading_space;alphabetic;capitalized_candidate
38395,út,c3ba74,3,3158,alphabetic
38469,␠microp,206d6963726f70,7,3147,leading_space;alphabetic
38479,␠Concep,20436f6e636570,7,3146,leading_space;alphabetic;capitalized_candidate
38484,akersfield,616b6572736669656c64,10,3145,alphabetic
38488,␠centen,2063656e74656e,7,3144,leading_space;alphabetic
38495,␠preca,207072656361,6,3143,leading_space;alphabetic
38511,ificance,69666963616e6365,8,3141,alphabetic
38516,istricting,69737472696374696e67,10,3141,alphabetic;suffix_shape
38523,Enders,456e64657273,6,3140,alphabetic;capitalized_candidate
38529,èque,c3a8717565,5,3139,alphabetic
38530,␠Sigism,2053696769736d,7,3139,leading_space;alphabetic;capitalized_candidate
38539,inatory,696e61746f7279,7,3137,alphabetic
38540,chaikovsky,636861696b6f76736b79,10,3137,alphabetic
38563,ilings,696c696e6773,6,3134,alphabetic
38586,␠Strick,2053747269636b,7,3130,leading_space;alphabetic;capitalized_candidate
38592,Lanc,4c616e63,4,3129,alphabetic;capitalized_candidate
38598,alding,616c64696e67,6,3129,alphabetic;suffix_shape
38608,alaure,616c61757265,6,3128,alphabetic
38610,repair,726570616972,6,3128,alphabetic
38629,␠disproportion,2064697370726f706f7274696f6e,14,3126,leading_space;alphabetic
38640,ongevity,6f6e676576697479,8,3125,alphabetic
38649,buro,6275726f,4,3123,alphabetic
38717,attis,6174746973,5,3116,alphabetic
38766,ershot,657273686f74,6,3110,alphabetic
38770,␠emigr,20656d696772,6,3109,leading_space;alphabetic
38772,reveport,72657665706f7274,8,3109,alphabetic
38775,phur,70687572,4,3108,alphabetic
38795,temper,74656d706572,6,3105,alphabetic
38814,accalaure,616363616c61757265,9,3102,alphabetic
38829,iș,69c899,3,3099,alphabetic
38851,␠Watan,20576174616e,6,3096,leading_space;alphabetic;capitalized_candidate
38855,␠HY,204859,3,3095,leading_space;alphabetic
38858,forcing,666f7263696e67,7,3095,alphabetic;suffix_shape
38864,␠Magd,204d616764,5,3094,leading_space;alphabetic;capitalized_candidate
38878,␠bub,20627562,4,3092,leading_space;alphabetic
38887,fonte,666f6e7465,5,3091,alphabetic
38890,␠overcrow,206f76657263726f77,9,3091,leading_space;alphabetic
38896,othea,6f74686561,5,3091,alphabetic
38900,\xe7\x9a,e79a,2,3090,contains_symbol
38905,␠smel,20736d656c,5,3090,leading_space;alphabetic
38910,ergr,65726772,4,3089,alphabetic
38925,ươ,c6b0c6a1,4,3088,alphabetic
38939,persed,706572736564,6,3085,alphabetic;suffix_shape
38941,␠␠␠␠↵␠␠␠␠↵,202020200a202020200a,10,3085,leading_space;contains_symbol
38942,␠pancreat,2070616e6372656174,9,3085,leading_space;alphabetic
38969,␠Umay,20556d6179,5,3081,leading_space;alphabetic;capitalized_candidate
38994,opeka,6f70656b61,5,3078,alphabetic
39008,␠Byp,20427970,4,3076,leading_space;alphabetic;capitalized_candidate
39023,llan,6c6c616e,4,3075,alphabetic
39030,andoah,616e646f6168,6,3074,alphabetic
39051,␠Mub,204d7562,4,3071,leading_space;alphabetic;capitalized_candidate
39068,ympt,796d7074,4,3070,alphabetic
39075,comers,636f6d657273,6,3069,alphabetic;suffix_shape
39080,␠Sej,2053656a,4,3068,leading_space;alphabetic;capitalized_candidate
39140,cane,63616e65,4,3060,alphabetic
39158,enezia,656e657a6961,6,3058,alphabetic
39160,␠Lokomot,204c6f6b6f6d6f74,8,3058,leading_space;alphabetic;capitalized_candidate
39175,ravings,726176696e6773,7,3056,alphabetic
39190,racht,7261636874,5,3054,alphabetic
39228,ausible,61757369626c65,7,3050,alphabetic;suffix_shape
39229,adeloupe,6164656c6f757065,8,3050,alphabetic
39231,␠Chowdh,2043686f776468,7,3050,leading_space;alphabetic;capitalized_candidate
39234,␠goss,20676f7373,5,3049,leading_space;alphabetic
39240,illings,696c6c696e6773,7,3048,alphabetic
39241,osticta,6f737469637461,7,3048,alphabetic
39242,avez,6176657a,4,3048,alphabetic
39247,␠Hoss,20486f7373,5,3047,leading_space;alphabetic;capitalized_candidate
39249,␠Dnip,20446e6970,5,3047,leading_space;alphabetic;capitalized_candidate
39257,␠ug,207567,3,3046,leading_space;alphabetic
39282,übingen,c3bc62696e67656e,8,3044,alphabetic
39290,myr,6d7972,3,3043,alphabetic
39303,␠tapest,20746170657374,7,3041,leading_space;alphabetic
39307,arpiece,61727069656365,7,3041,alphabetic
39312,lidean,6c696465616e,6,3041,alphabetic
39314,assee,6173736565,5,3040,alphabetic
39316,eban,6562616e,4,3040,alphabetic
39342,canal,63616e616c,5,3038,alphabetic
39359,␠dwind,206477696e64,6,3036,leading_space;alphabetic
39362,␠capp,2063617070,5,3036,leading_space;alphabetic
39377,oinette,6f696e65747465,7,3034,alphabetic
39390,␠extrater,206578747261746572,9,3033,leading_space;alphabetic
39406,anthem,616e7468656d,6,3030,alphabetic
39410,␠Ogil,204f67696c,5,3030,leading_space;alphabetic;capitalized_candidate
39423,␠Gersh,204765727368,6,3029,leading_space;alphabetic;capitalized_candidate
39435,ragan,726167616e,5,3027,alphabetic
39443,braham,62726168616d,6,3027,alphabetic
39445,errillas,657272696c6c6173,8,3027,alphabetic
39476,␠pyram,20707972616d,6,3022,leading_space;alphabetic
39483,␠ostens,206f7374656e73,7,3021,leading_space;alphabetic
39488,␠Byd,20427964,4,3020,leading_space;alphabetic;capitalized_candidate
39498,␠Arbit,204172626974,6,3019,leading_space;alphabetic;capitalized_candidate
39531,avage,6176616765,5,3014,alphabetic
39532,␠cland,20636c616e64,6,3014,leading_space;alphabetic
39570,verages,76657261676573,7,3009,alphabetic
39577,␠fict,2066696374,5,3008,leading_space;alphabetic
39619,Seb,536562,3,3003,alphabetic;capitalized_candidate
39622,␠Exerc,204578657263,6,3003,leading_space;alphabetic;capitalized_candidate
39635,ochial,6f636869616c,6,3001,alphabetic
39636,Compar,436f6d706172,6,3001,alphabetic;capitalized_candidate
39643,lemagne,6c656d61676e65,7,3000,alphabetic
39645,␠Wynd,2057796e64,5,3000,leading_space;alphabetic;capitalized_candidate
39647,arlic,61726c6963,5,2999,alphabetic
39655,␠imagin,20696d6167696e,7,2998,leading_space;alphabetic
39667,riders,726964657273,6,2996,alphabetic;suffix_shape
39677,␠Skop,20536b6f70,5,2994,leading_space;alphabetic;capitalized_candidate
39698,iotr,696f7472,4,2992,alphabetic
39734,Byz,42797a,3,2988,alphabetic;capitalized_candidate
39741,ardier,617264696572,6,2987,alphabetic
39749,cement,63656d656e74,6,2986,alphabetic;suffix_shape
39759,moke,6d6f6b65,4,2985,alphabetic
39784,inaw,696e6177,4,2982,alphabetic
39802,xit,786974,3,2980,alphabetic
39805,␠Chihu,204368696875,6,2980,leading_space;alphabetic;capitalized_candidate
39807,eathed,656174686564,6,2980,alphabetic;suffix_shape
39817,␠Nug,204e7567,4,2979,leading_space;alphabetic;capitalized_candidate
39833,ydor,79646f72,4,2977,alphabetic
39860,␠Schro,20536368726f,6,2974,leading_space;alphabetic;capitalized_candidate
39871,thys,74687973,4,2973,alphabetic
39904,fram,6672616d,4,2968,alphabetic
39906,acuse,6163757365,5,2968,alphabetic
39924,oubted,6f7562746564,6,2967,alphabetic;suffix_shape
39934,oodles,6f6f646c6573,6,2965,alphabetic
39942,ienced,69656e636564,6,2964,alphabetic;suffix_shape
39950,ibouti,69626f757469,6,2963,alphabetic
39954,Uz,557a,2,2962,alphabetic;capitalized_candidate
39959,giluyeh,67696c75796568,7,2962,alphabetic
39960,itably,697461626c79,6,2961,alphabetic;suffix_shape
39985,arkshire,61726b7368697265,8,2957,alphabetic
39988,UPAC,55504143,4,2957,alphabetic
39997,acred,6163726564,5,2955,alphabetic;suffix_shape
39999,evolent,65766f6c656e74,7,2955,alphabetic
40003,␠Lour,204c6f7572,5,2954,leading_space;alphabetic;capitalized_candidate
40010,Czechosl,437a6563686f736c,8,2954,alphabetic;capitalized_candidate
40018,␠Reykjav,205265796b6a6176,8,2953,leading_space;alphabetic;capitalized_candidate
40029,yster,7973746572,5,2950,alphabetic
40031,␠indist,20696e64697374,7,2950,leading_space;alphabetic
40053,goszcz,676f737a637a,6,2949,alphabetic
40080,␠stero,20737465726f,6,2945,leading_space;alphabetic
40089,valho,76616c686f,5,2944,alphabetic
40093,/−,2fe28892,4,2943,contains_symbol
40100,valu,76616c75,4,2943,alphabetic
40108,adhy,61646879,4,2942,alphabetic
40135,Tribut,547269627574,6,2939,alphabetic;capitalized_candidate
40136,agena,6167656e61,5,2939,alphabetic
40145,ermott,65726d6f7474,6,2938,alphabetic
40148,␠Tempt,2054656d7074,6,2938,leading_space;alphabetic;capitalized_candidate
40167,itentiary,6974656e7469617279,9,2934,alphabetic
40173,accalaureate,616363616c61757265617465,12,2934,alphabetic
40191,styl,7374796c,4,2931,alphabetic
40210,ittings,697474696e6773,7,2929,alphabetic
40218,␠Maldon,204d616c646f6e,7,2929,leading_space;alphabetic;capitalized_candidate
40226,zló,7a6cc3b3,4,2928,alphabetic
40238,Ancest,416e63657374,6,2926,alphabetic;capitalized_candidate
40253,␠Pegas,205065676173,6,2924,leading_space;alphabetic;capitalized_candidate
40262,lechase,6c656368617365,7,2924,alphabetic
40283,␠inexper,20696e6578706572,8,2920,leading_space;alphabetic
40285,␠malf,206d616c66,5,2920,leading_space;alphabetic
40323,␠Entrepreneurs,20456e7472657072656e65757273,14,2916,leading_space;alphabetic;capitalized_candidate
40329,ochastic,6f63686173746963,8,2915,alphabetic
40336,raim,7261696d,4,2914,alphabetic
40341,␠Circum,2043697263756d,7,2914,leading_space;alphabetic;capitalized_candidate
40362,␠ard,20617264,4,2911,leading_space;alphabetic
40367,thernet,746865726e6574,7,2911,alphabetic
40375,shoot,73686f6f74,5,2910,alphabetic
40395,␠Pats,2050617473,5,2908,leading_space;alphabetic;capitalized_candidate
40399,onderry,6f6e6465727279,7,2908,alphabetic
40410,␠nemat,206e656d6174,6,2906,leading_space;alphabetic
40411,␠Vf,205666,3,2906,leading_space;alphabetic;capitalized_candidate
40477,aneously,616e656f75736c79,8,2900,alphabetic;suffix_shape
40479,doing,646f696e67,5,2900,alphabetic;suffix_shape
40492,affen,616666656e,5,2898,alphabetic
40503,álaga,c3a16c616761,6,2897,alphabetic
40509,␠plund,20706c756e64,6,2896,leading_space;alphabetic
40535,ôtel,c3b474656c,5,2893,alphabetic
40544,naments,6e616d656e7473,7,2892,alphabetic
40547,␠transe,207472616e7365,7,2892,leading_space;alphabetic
40556,arthed,617274686564,6,2890,alphabetic;suffix_shape
40562,pertura,70657274757261,7,2890,alphabetic
40568,risons,7269736f6e73,6,2889,alphabetic
40599,␠coh,20636f68,4,2886,leading_space;alphabetic
40607,avut,61767574,4,2885,alphabetic
40647,phane,7068616e65,5,2880,alphabetic
40681,␠Teut,2054657574,5,2875,leading_space;alphabetic;capitalized_candidate
40686,anterie,616e7465726965,7,2875,alphabetic
40694,cini,63696e69,4,2873,alphabetic
40714,graded,677261646564,6,2871,alphabetic;suffix_shape
40726,çao,c3a7616f,4,2870,alphabetic
40734,adysław,61647973c5826177,8,2869,alphabetic
40740,adata,6164617461,5,2868,alphabetic
40741,ifred,6966726564,5,2868,alphabetic;suffix_shape
40767,astricht,6173747269636874,8,2864,alphabetic
40770,eneuve,656e65757665,6,2864,alphabetic
40788,enoord,656e6f6f7264,6,2863,alphabetic
40799,andhar,616e64686172,6,2862,alphabetic
40834,orsey,6f72736579,5,2857,alphabetic
40851,irmary,69726d617279,6,2855,alphabetic
40883,atasaray,6174617361726179,8,2852,alphabetic
40886,aredo,617265646f,5,2851,alphabetic
40889,␠republ,2072657075626c,7,2850,leading_space;alphabetic
40912,utnant,75746e616e74,6,2846,alphabetic
40915,hesda,6865736461,5,2846,alphabetic
40939,fashion,66617368696f6e,7,2843,alphabetic
40940,␠Pfe,20506665,4,2843,leading_space;alphabetic;capitalized_candidate
40955,␠Opin,204f70696e,5,2841,leading_space;alphabetic;capitalized_candidate
40958,Mig,4d6967,3,2840,alphabetic;capitalized_candidate
40965,␠Appropri,20417070726f707269,9,2840,leading_space;alphabetic;capitalized_candidate
40970,legio,6c6567696f,5,2839,alphabetic
40977,ibir,69626972,4,2838,alphabetic
40984,Shang,5368616e67,5,2837,alphabetic;capitalized_candidate
41036,atma,61746d61,4,2830,alphabetic
41044,␠cleans,20636c65616e73,7,2829,leading_space;alphabetic
41051,␠Plun,20506c756e,5,2828,leading_space;alphabetic;capitalized_candidate
41087,␠Mathe,204d61746865,6,2824,leading_space;alphabetic;capitalized_candidate
41090,fahan,666168616e,5,2823,alphabetic
41096,ECD,454344,3,2823,alphabetic
41098,␠Ojib,204f6a6962,5,2823,leading_space;alphabetic;capitalized_candidate
41115,␠Shaan,20536861616e,6,2821,leading_space;alphabetic;capitalized_candidate
41124,ortality,6f7274616c697479,8,2820,alphabetic
41132,eanor,65616e6f72,5,2819,alphabetic
41137,␠ubiquit,2075626971756974,8,2819,leading_space;alphabetic
41155,univers,756e6976657273,7,2816,alphabetic;suffix_shape
41162,␠Beet,2042656574,5,2815,leading_space;alphabetic;capitalized_candidate
41174,␠unfavor,20756e6661766f72,8,2814,leading_space;alphabetic
41186,ugge,75676765,4,2812,alphabetic
41187,␠agr,20616772,4,2812,leading_space;alphabetic
41200,renched,72656e63686564,7,2811,alphabetic;suffix_shape
41220,duke,64756b65,4,2809,alphabetic
41229,ehy,656879,3,2808,alphabetic
41243,selaer,73656c616572,6,2807,alphabetic
41253,awarra,617761727261,6,2806,alphabetic
41256,oneliness,6f6e656c696e657373,9,2806,alphabetic;suffix_shape
41261,antamweight,616e74616d776569676874,11,2805,alphabetic
41267,asmussen,61736d757373656e,8,2805,alphabetic
41273,Flore,466c6f7265,5,2804,alphabetic;capitalized_candidate
41315,␠prow,2070726f77,5,2799,leading_space;alphabetic
41320,abilia,6162696c6961,6,2799,alphabetic
41338,␠Alou,20416c6f75,5,2797,leading_space;alphabetic;capitalized_candidate
41351,␠Earthqu,2045617274687175,8,2796,leading_space;alphabetic;capitalized_candidate
41357,␠epile,206570696c65,6,2795,leading_space;alphabetic
41374,␠dispos,20646973706f73,7,2793,leading_space;alphabetic
41392,culum,63756c756d,5,2791,alphabetic
41398,␠lub,206c7562,4,2790,leading_space;alphabetic
41404,laut,6c617574,4,2790,alphabetic
41408,atán,6174c3a16e,5,2789,alphabetic
41413,ijon,696a6f6e,4,2789,alphabetic
41472,unschweig,756e73636877656967,9,2783,alphabetic
41475,␠undes,20756e646573,6,2782,leading_space;alphabetic
41477,ospels,6f7370656c73,6,2782,alphabetic
41490,iedad,6965646164,5,2780,alphabetic
41497,raint,7261696e74,5,2779,alphabetic
41500,äffer,c3a466666572,6,2779,alphabetic
41508,ászló,c3a1737a6cc3b3,7,2778,alphabetic
41547,amaic,616d616963,5,2772,alphabetic
41566,␠discont,20646973636f6e74,8,2769,leading_space;alphabetic
41594,ukary,756b617279,5,2766,alphabetic
41605,nesium,6e657369756d,6,2765,alphabetic
41607,␠Hormoz,20486f726d6f7a,7,2765,leading_space;alphabetic;capitalized_candidate
41637,aedia,6165646961,5,2760,alphabetic
41693,loilo,6c6f696c6f,5,2755,alphabetic
41707,cett,63657474,4,2752,alphabetic
41724,indhoven,696e64686f76656e,8,2751,alphabetic
41731,␠thw,20746877,4,2750,leading_space;alphabetic
41733,␠Ingl,20496e676c,5,2750,leading_space;alphabetic;capitalized_candidate
41737,␠Ukrain,20556b7261696e,7,2750,leading_space;alphabetic;capitalized_candidate
41755,tze,747a65,3,2748,alphabetic
41774,utive,7574697665,5,2746,alphabetic
41780,␠peac,2070656163,5,2746,leading_space;alphabetic
41792,rokeshire,726f6b657368697265,9,2745,alphabetic
41799,hadowed,6861646f776564,7,2744,alphabetic;suffix_shape
41800,oubtedly,6f75627465646c79,8,2744,alphabetic;suffix_shape
41802,idemi,6964656d69,5,2743,alphabetic
41804,␠arth,2061727468,5,2743,leading_space;alphabetic
41805,␠Qaz,2051617a,4,2743,leading_space;alphabetic;capitalized_candidate
41809,eens,65656e73,4,2742,alphabetic
41813,␠Prisc,205072697363,6,2742,leading_space;alphabetic;capitalized_candidate
41826,Gael,4761656c,4,2740,alphabetic;capitalized_candidate
41831,uraçao,757261c3a7616f,7,2740,alphabetic
41897,quirer,717569726572,6,2734,alphabetic
41902,ceum,6365756d,4,2733,alphabetic
41904,Colleg,436f6c6c6567,6,2733,alphabetic;capitalized_candidate
41913,orescent,6f72657363656e74,8,2732,alphabetic
41916,␠unpredict,20756e70726564696374,10,2732,leading_space;alphabetic
41924,Hous,486f7573,4,2730,alphabetic;capitalized_candidate
41950,aggage,616767616765,6,2728,alphabetic
41955,␠Scare,205363617265,6,2727,leading_space;alphabetic;capitalized_candidate
42018,Pret,50726574,4,2720,alphabetic;capitalized_candidate
42050,␠Llew,204c6c6577,5,2716,leading_space;alphabetic;capitalized_candidate
42062,venor,76656e6f72,5,2715,alphabetic
42090,ædia,c3a6646961,5,2713,alphabetic
42121,Glas,476c6173,4,2709,alphabetic;capitalized_candidate
42166,assies,617373696573,6,2704,alphabetic
42173,horns,686f726e73,5,2704,alphabetic
42176,Raf,526166,3,2703,alphabetic;capitalized_candidate
42183,␠Genes,2047656e6573,6,2703,leading_space;alphabetic;capitalized_candidate
42186,␠Barbar,20426172626172,7,2703,leading_space;alphabetic;capitalized_candidate
42189,␠Aware,204177617265,6,2702,leading_space;alphabetic;capitalized_candidate
42242,␠Grenad,204772656e6164,7,2696,leading_space;alphabetic;capitalized_candidate
42246,nberg,6e62657267,5,2695,alphabetic
42252,␠housew,20686f75736577,7,2695,leading_space;alphabetic
42261,intestinal,696e74657374696e616c,10,2694,alphabetic
42262,msford,6d73666f7264,6,2694,alphabetic
42293,␠pean,207065616e,5,2690,leading_space;alphabetic
42310,Hug,487567,3,2688,alphabetic;capitalized_candidate
42312,akrishna,616b726973686e61,8,2688,alphabetic
42332,Winn,57696e6e,4,2686,alphabetic;capitalized_candidate
42343,ruff,72756666,4,2685,alphabetic
42347,Commen,436f6d6d656e,6,2685,alphabetic;capitalized_candidate
42355,hift,68696674,4,2684,alphabetic
42360,␠Ashken,204173686b656e,7,2684,leading_space;alphabetic;capitalized_candidate
42361,cardo,636172646f,5,2684,alphabetic
42382,onential,6f6e656e7469616c,8,2681,alphabetic
42398,␠Tallah,2054616c6c6168,7,2680,leading_space;alphabetic;capitalized_candidate
42417,ICEF,49434546,4,2678,alphabetic
42424,ogans,6f67616e73,5,2677,alphabetic
42441,enties,656e74696573,6,2675,alphabetic
42451,␠Mids,204d696473,5,2674,leading_space;alphabetic;capitalized_candidate
42470,illiard,696c6c69617264,7,2673,alphabetic
42474,sevent,736576656e74,6,2672,alphabetic
42483,␠Whist,205768697374,6,2671,leading_space;alphabetic;capitalized_candidate
42515,␠Remb,2052656d62,5,2666,leading_space;alphabetic;capitalized_candidate
42536,␠Fons,20466f6e73,5,2663,leading_space;alphabetic;capitalized_candidate
42537,uresh,7572657368,5,2663,alphabetic
42566,vt,7674,2,2660,alphabetic
42579,minas,6d696e6173,5,2659,alphabetic
42581,termination,7465726d696e6174696f6e,11,2659,alphabetic;suffix_shape
42588,whites,776869746573,6,2658,alphabetic
42600,Vict,56696374,4,2656,alphabetic;capitalized_candidate
42627,␠Truj,205472756a,5,2654,leading_space;alphabetic;capitalized_candidate
42638,␠disple,20646973706c65,7,2652,leading_space;alphabetic
42641,azeera,617a65657261,6,2652,alphabetic
42675,␠Zapor,205a61706f72,6,2648,leading_space;alphabetic;capitalized_candidate
42691,ogonal,6f676f6e616c,6,2647,alphabetic
42709,␠Pelop,2050656c6f70,6,2645,leading_space;alphabetic;capitalized_candidate
42715,pkins,706b696e73,5,2644,alphabetic
42721,␠Tener,2054656e6572,6,2644,leading_space;alphabetic;capitalized_candidate
42726,athina,617468696e61,6,2643,alphabetic
42727,othèque,6f7468c3a8717565,8,2643,alphabetic
42737,eteria,657465726961,6,2642,alphabetic
42750,olome,6f6c6f6d65,5,2641,alphabetic
42770,ipoli,69706f6c69,5,2639,alphabetic
42787,␠roomm,20726f6f6d6d,6,2637,leading_space;alphabetic
42788,␠Valpara,2056616c70617261,8,2637,leading_space;alphabetic;capitalized_candidate
42795,lothian,6c6f746869616e,7,2637,alphabetic
42815,␠Bulgar,2042756c676172,7,2633,leading_space;alphabetic;capitalized_candidate
42824,ehir,65686972,4,2631,alphabetic
42831,orously,6f726f75736c79,7,2630,alphabetic;suffix_shape
42843,␠Ereb,2045726562,5,2629,leading_space;alphabetic;capitalized_candidate
42844,␠disillusion,20646973696c6c7573696f6e,12,2629,leading_space;alphabetic
42873,Libr,4c696272,4,2626,alphabetic;capitalized_candidate
42891,ilera,696c657261,5,2624,alphabetic
42930,Architect,417263686974656374,9,2621,alphabetic;capitalized_candidate
42936,␠Chish,204368697368,6,2620,leading_space;alphabetic;capitalized_candidate
42942,Endors,456e646f7273,6,2620,alphabetic;capitalized_candidate
42957,Nass,4e617373,4,2618,alphabetic;capitalized_candidate
42958,inburg,696e62757267,6,2618,alphabetic
42963,ahçe,6168c3a765,5,2618,alphabetic
43006,␠Controvers,20436f6e74726f76657273,11,2613,leading_space;alphabetic;capitalized_candidate
43009,gration,67726174696f6e,7,2612,alphabetic;suffix_shape
43017,\xe2\x94,e294,2,2611,contains_symbol
43034,addin,616464696e,5,2610,alphabetic
43035,moreland,6d6f72656c616e64,8,2610,alphabetic
43038,uyter,7579746572,5,2610,alphabetic
43055,␠feder,206665646572,6,2608,leading_space;alphabetic
43066,␠weev,2077656576,5,2607,leading_space;alphabetic
43081,ugeot,7567656f74,5,2606,alphabetic
43124,ferm,6665726d,4,2602,alphabetic
43126,tof,746f66,3,2602,alphabetic
43128,ookie,6f6f6b6965,5,2602,alphabetic
43148,Sask,5361736b,4,2599,alphabetic;capitalized_candidate
43150,adden,616464656e,5,2599,alphabetic
43189,owloon,6f776c6f6f6e,6,2595,alphabetic
43197,xtap,78746170,4,2594,alphabetic
43204,␠daim,206461696d,5,2593,leading_space;alphabetic
43221,elssohn,656c73736f686e,7,2592,alphabetic
43264,␠Nugg,204e756767,5,2587,leading_space;alphabetic;capitalized_candidate
43265,␠Compt,20436f6d7074,6,2587,leading_space;alphabetic;capitalized_candidate
43269,ínc,c3ad6e63,4,2587,alphabetic
43278,amette,616d65747465,6,2586,alphabetic
43313,FFBB,46464242,4,2582,alphabetic
43380,bezz,62657a7a,4,2575,alphabetic
43409,␠anom,20616e6f6d,5,2572,leading_space;alphabetic
43410,okovic,6f6b6f766963,6,2572,alphabetic
43414,hydrogenase,687964726f67656e617365,11,2572,alphabetic
43449,␠Mage,204d616765,5,2567,leading_space;alphabetic;capitalized_candidate
43469,illera,696c6c657261,6,2565,alphabetic
43473,␠rooft,20726f6f6674,6,2565,leading_space;alphabetic
43496,antanamo,616e74616e616d6f,8,2564,alphabetic
43559,acecraft,6163656372616674,8,2558,alphabetic
43562,assment,6173736d656e74,7,2558,alphabetic;suffix_shape
43572,ixels,6978656c73,5,2557,alphabetic
43577,anzibar,616e7a69626172,7,2557,alphabetic
43590,␠ultras,20756c74726173,7,2556,leading_space;alphabetic
43596,bycidae,62796369646165,7,2555,alphabetic
43597,íos,c3ad6f73,4,2555,alphabetic
43609,laughter,6c61756768746572,8,2553,alphabetic
43635,gencies,67656e63696573,7,2551,alphabetic
43640,omintang,6f6d696e74616e67,8,2551,alphabetic
43725,uinely,75696e656c79,6,2543,alphabetic;suffix_shape
43730,␠Lüb,204cc3bc62,5,2542,leading_space;alphabetic;capitalized_candidate
43734,␠Lorent,204c6f72656e74,7,2542,leading_space;alphabetic;capitalized_candidate
43751,randt,72616e6474,5,2540,alphabetic
43770,athinaikos,617468696e61696b6f73,10,2539,alphabetic
43772,␠drif,2064726966,5,2538,leading_space;alphabetic
43776,pleasant,706c656173616e74,8,2538,alphabetic
43796,attisgarh,617474697367617268,9,2537,alphabetic
43800,␠incarn,20696e6361726e,7,2536,leading_space;alphabetic
43812,andran,616e6472616e,6,2535,alphabetic
43838,íncipe,c3ad6e63697065,7,2532,alphabetic
43845,organisms,6f7267616e69736d73,9,2531,alphabetic
43868,unceston,756e636573746f6e,8,2530,alphabetic
43870,Wrest,5772657374,5,2529,alphabetic;capitalized_candidate
43871,ivided,697669646564,6,2529,alphabetic;suffix_shape
43886,ewrit,6577726974,5,2528,alphabetic
43891,uttled,7574746c6564,6,2528,alphabetic;suffix_shape
43960,útbol,c3ba74626f6c,6,2522,alphabetic
43964,echua,6563687561,5,2521,alphabetic
43968,Tube,54756265,4,2520,alphabetic;capitalized_candidate
43995,␠trilob,207472696c6f62,7,2517,leading_space;alphabetic
44011,iapas,6961706173,5,2515,alphabetic
44020,ádiz,c3a164697a,5,2514,alphabetic
44023,gling,676c696e67,5,2513,alphabetic;suffix_shape
44029,enshire,656e7368697265,7,2513,alphabetic
44036,\xe5\x9f,e59f,2,2512,contains_symbol
44048,␠diarr,206469617272,6,2511,leading_space;alphabetic
44080,␠Nú,204ec3ba,4,2508,leading_space;alphabetic;capitalized_candidate
44110,␠Khart,204b68617274,6,2505,leading_space;alphabetic;capitalized_candidate
44114,êm,c3aa6d,3,2505,alphabetic
44128,isburg,697362757267,6,2503,alphabetic
44130,rounding,726f756e64696e67,8,2503,alphabetic;suffix_shape
44152,anyika,616e79696b61,6,2501,alphabetic
44155,␠Kalim,204b616c696d,6,2501,leading_space;alphabetic;capitalized_candidate
44162,␠MID,204d4944,4,2500,leading_space;alphabetic
44170,yezd,79657a64,4,2500,alphabetic
44174,ubbock,7562626f636b,6,2500,alphabetic
44196,bigh,62696768,4,2497,alphabetic
44206,街,e8a197,3,2497,alphabetic
44230,itchfield,697463686669656c64,9,2495,alphabetic
44302,␠cartil,2063617274696c,7,2489,leading_space;alphabetic
44325,uque,75717565,4,2486,alphabetic
44329,uxley,75786c6579,5,2486,alphabetic
44332,␠furthe,20667572746865,7,2486,leading_space;alphabetic
44344,␠Pose,20506f7365,5,2485,leading_space;alphabetic;capitalized_candidate
44375,vres,76726573,4,2482,alphabetic
44377,␠Ján,204ac3a16e,5,2482,leading_space;alphabetic;capitalized_candidate
44380,␠Zieg,205a696567,5,2482,leading_space;alphabetic;capitalized_candidate
44390,␠photoj,2070686f746f6a,7,2481,leading_space;alphabetic
44399,␠Jop,204a6f70,4,2480,leading_space;alphabetic;capitalized_candidate
44425,␠Cister,20436973746572,7,2478,leading_space;alphabetic;capitalized_candidate
44432,seeing,736565696e67,6,2478,alphabetic;suffix_shape
44433,orfolk,6f72666f6c6b,6,2478,alphabetic
44438,uero,7565726f,4,2477,alphabetic
44443,␠superg,20737570657267,7,2477,leading_space;alphabetic
44444,poro,706f726f,4,2477,alphabetic
44447,erbahçe,6572626168c3a765,8,2477,alphabetic
44453,Dive,44697665,4,2476,alphabetic;capitalized_candidate
44464,␠cess,2063657373,5,2475,leading_space;alphabetic
44468,␠Amend,20416d656e64,6,2475,leading_space;alphabetic;capitalized_candidate
44482,iedo,6965646f,4,2474,alphabetic
44502,␠tyr,20747972,4,2472,leading_space;alphabetic
44511,␠Pyren,20507972656e,6,2472,leading_space;alphabetic;capitalized_candidate
44536,Bulb,42756c62,4,2470,alphabetic;capitalized_candidate
44554,␠ép,20c3a970,4,2468,leading_space;alphabetic
44574,␠Micrones,204d6963726f6e6573,9,2466,leading_space;alphabetic;capitalized_candidate
44580,␠hrom,2068726f6d,5,2465,leading_space;alphabetic
44599,\xe7\xa4,e7a4,2,2463,contains_symbol
44610,imierz,696d6965727a,6,2462,alphabetic
44612,anthapuram,616e746861707572616d,10,2462,alphabetic
44662,␠Etern,20457465726e,6,2457,leading_space;alphabetic;capitalized_candidate
44664,␠envis,20656e766973,6,2457,leading_space;alphabetic
44674,rean,7265616e,4,2456,alphabetic
44696,ibirsk,69626972736b,6,2455,alphabetic
44709,␠extravag,206578747261766167,9,2454,leading_space;alphabetic
44717,rna,726e61,3,2453,alphabetic
44721,osuka,6f73756b61,5,2453,alphabetic
44744,Gregor,477265676f72,6,2452,alphabetic;capitalized_candidate
44770,chronous,6368726f6e6f7573,8,2449,alphabetic
44791,␠Meur,204d657572,5,2447,leading_space;alphabetic;capitalized_candidate
44805,adsworth,616473776f727468,8,2446,alphabetic
44839,␠appla,206170706c61,6,2443,leading_space;alphabetic
44855,ècle,c3a8636c65,5,2442,alphabetic
44857,lifter,6c6966746572,6,2442,alphabetic
44875,Salle,53616c6c65,5,2440,alphabetic;capitalized_candidate
44886,rodite,726f64697465,6,2440,alphabetic
44917,astrophe,617374726f706865,8,2438,alphabetic
44927,␠hemorrh,2068656d6f727268,8,2437,leading_space;alphabetic
44934,␠Overs,204f76657273,6,2436,leading_space;alphabetic;capitalized_candidate
44960,utants,7574616e7473,6,2433,alphabetic
44975,␠Assemb,20417373656d62,7,2432,leading_space;alphabetic;capitalized_candidate
44978,branding,6272616e64696e67,8,2432,alphabetic;suffix_shape
45008,rictions,72696374696f6e73,8,2430,alphabetic
45029,␠McMan,204d634d616e,6,2428,leading_space;alphabetic;capitalized_candidate
45041,mbuds,6d62756473,5,2427,alphabetic
45050,utenberg,7574656e62657267,8,2426,alphabetic
45068,uvananthapuram,7576616e616e746861707572616d,14,2425,alphabetic
45090,ustrious,75737472696f7573,8,2423,alphabetic
45093,␠Grum,204772756d,5,2423,leading_space;alphabetic;capitalized_candidate
45140,erary,6572617279,5,2419,alphabetic
45168,taş,7461c59f,4,2417,alphabetic
45176,encephal,656e63657068616c,8,2416,alphabetic
45264,Kalb,4b616c62,4,2410,alphabetic;capitalized_candidate
45267,␠Gurn,204775726e,5,2409,leading_space;alphabetic;capitalized_candidate
45288,Santi,53616e7469,5,2407,alphabetic;capitalized_candidate
45304,bastien,6261737469656e,7,2407,alphabetic
45308,bians,6269616e73,5,2406,alphabetic
45313,ibian,696269616e,5,2406,alphabetic
45321,ledged,6c6564676564,6,2405,alphabetic;suffix_shape
45334,ederate,65646572617465,7,2404,alphabetic
45357,fermline,6665726d6c696e65,8,2402,alphabetic
45366,␠enshr,20656e736872,6,2401,leading_space;alphabetic
45376,robor,726f626f72,5,2400,alphabetic
45379,abaya,6162617961,5,2400,alphabetic
45394,ubon,75626f6e,4,2399,alphabetic
45411,␠millenn,206d696c6c656e6e,8,2398,leading_space;alphabetic
45438,␠hegem,20686567656d,6,2394,leading_space;alphabetic
45450,anormal,616e6f726d616c,7,2393,alphabetic
45469,␠Medved,204d6564766564,7,2392,leading_space;alphabetic;capitalized_candidate
45497,Hein,4865696e,4,2389,alphabetic;capitalized_candidate
45516,␠appet,206170706574,6,2387,leading_space;alphabetic
45523,glom,676c6f6d,4,2387,alphabetic
45528,cadilly,636164696c6c79,7,2387,alphabetic;suffix_shape
45531,reuth,7265757468,5,2386,alphabetic
45560,siung,7369756e67,5,2385,alphabetic
45569,␠Rhaps,205268617073,6,2384,leading_space;alphabetic;capitalized_candidate
45586,aunton,61756e746f6e,6,2383,alphabetic
45604,uggage,756767616765,6,2381,alphabetic
45610,ouc,6f7563,3,2380,alphabetic
45640,oara,6f617261,4,2378,alphabetic
45643,opula,6f70756c61,5,2378,alphabetic
45655,ørn,c3b8726e,4,2377,alphabetic
45678,ovah,6f766168,4,2375,alphabetic
45696,eira,65697261,4,2373,alphabetic
45709,␠Onth,204f6e7468,5,2372,leading_space;alphabetic;capitalized_candidate
45721,oramic,6f72616d6963,6,2371,alphabetic
45732,urgård,757267c3a57264,7,2370,alphabetic
45749,␠corrug,20636f72727567,7,2369,leading_space;alphabetic
45784,ệt,e1bb8774,4,2367,alphabetic
45790,␠paraly,20706172616c79,7,2366,leading_space;alphabetic
45794,bestos,626573746f73,6,2366,alphabetic
45825,␠Repert,20526570657274,7,2363,leading_space;alphabetic;capitalized_candidate
45845,occan,6f6363616e,5,2361,alphabetic
45853,␠Ryuk,205279756b,5,2361,leading_space;alphabetic;capitalized_candidate
45860,agasy,6167617379,5,2360,alphabetic
45871,eis,656973,3,2359,alphabetic
45874,engths,656e67746873,6,2359,alphabetic
45880,ardic,6172646963,5,2358,alphabetic
45901,etheus,657468657573,6,2355,alphabetic
45984,␠Monto,204d6f6e746f,6,2348,leading_space;alphabetic;capitalized_candidate
46022,Bobs,426f6273,4,2345,alphabetic;capitalized_candidate
46037,␠hey,20686579,4,2343,leading_space;alphabetic
46066,ơn,c6a16e,3,2341,alphabetic
46085,enezer,656e657a6572,6,2339,alphabetic
46106,␠Mose,204d6f7365,5,2337,leading_space;alphabetic;capitalized_candidate
46108,␠Gorb,20476f7262,5,2337,leading_space;alphabetic;capitalized_candidate
46117,osophers,6f736f7068657273,8,2336,alphabetic;suffix_shape
46150,ovolta,6f766f6c7461,6,2334,alphabetic
46165,gwick,677769636b,5,2332,alphabetic
46169,␠Pache,205061636865,6,2332,leading_space;alphabetic;capitalized_candidate
46197,miri,6d697269,4,2329,alphabetic
46213,isively,69736976656c79,7,2328,alphabetic;suffix_shape
46227,shend,7368656e64,5,2327,alphabetic
46251,␠Timiș,2054696d69c899,7,2325,leading_space;alphabetic;capitalized_candidate
46263,ancelled,616e63656c6c6564,8,2324,alphabetic;suffix_shape
46292,intracht,696e747261636874,8,2322,alphabetic
46305,␠Citro,20436974726f,6,2321,leading_space;alphabetic;capitalized_candidate
46316,acotta,61636f747461,6,2320,alphabetic
46318,␠Jinn,204a696e6e,5,2320,leading_space;alphabetic;capitalized_candidate
46353,␠parishion,20706172697368696f6e,10,2318,leading_space;alphabetic
46356,␠Fédé,2046c3a964c3a9,7,2317,leading_space;alphabetic;capitalized_candidate
46357,␠angr,20616e6772,5,2317,leading_space;alphabetic
46403,terranean,74657272616e65616e,9,2313,alphabetic
46405,ensely,656e73656c79,6,2313,alphabetic;suffix_shape
46415,Amen,416d656e,4,2312,alphabetic;capitalized_candidate
46437,␠burgl,20627572676c,6,2311,leading_space;alphabetic
46445,␠Whitec,20576869746563,7,2310,leading_space;alphabetic;capitalized_candidate
46464,bisc,62697363,4,2308,alphabetic
46548,ovdiv,6f76646976,5,2301,alphabetic
46554,␠irreg,206972726567,6,2301,leading_space;alphabetic
46565,␠Verkhov,205665726b686f76,8,2300,leading_space;alphabetic;capitalized_candidate
46592,bohyd,626f687964,5,2297,alphabetic
46601,ocre,6f637265,4,2296,alphabetic
46615,␠Khrush,204b6872757368,7,2295,leading_space;alphabetic;capitalized_candidate
46619,érôme,c3a972c3b46d65,7,2295,alphabetic
46641,xon,786f6e,3,2292,alphabetic
46648,ugl,75676c,3,2292,alphabetic
46656,␠Luh,204c7568,4,2292,leading_space;alphabetic;capitalized_candidate
46685,␠Bakhti,2042616b687469,7,2290,leading_space;alphabetic;capitalized_candidate
46726,␠embro,20656d62726f,6,2287,leading_space;alphabetic
46730,rinted,72696e746564,6,2287,alphabetic;suffix_shape
46733,rity,72697479,4,2286,alphabetic
46736,ovician,6f76696369616e,7,2286,alphabetic
46744,␠bipart,20626970617274,7,2286,leading_space;alphabetic
46748,akens,616b656e73,5,2285,alphabetic
46757,␠Registr,2052656769737472,8,2285,leading_space;alphabetic;capitalized_candidate
46778,ternoons,7465726e6f6f6e73,8,2283,alphabetic
46807,␠derel,20646572656c,6,2281,leading_space;alphabetic
46815,priv,70726976,4,2280,alphabetic
46820,WRG,575247,3,2280,alphabetic
46825,wrecks,777265636b73,6,2279,alphabetic
46860,tenay,74656e6179,5,2277,alphabetic
46862,␠Compagn,20436f6d7061676e,8,2277,leading_space;alphabetic;capitalized_candidate
46872,william,77696c6c69616d,7,2277,alphabetic
46895,actics,616374696373,6,2275,alphabetic
46899,rogant,726f67616e74,6,2275,alphabetic
46920,␠Plut,20506c7574,5,2273,leading_space;alphabetic;capitalized_candidate
46939,orest,6f72657374,5,2272,alphabetic
46953,gebras,676562726173,6,2271,alphabetic
46966,ehyde,6568796465,5,2271,alphabetic
46986,imatum,696d6174756d,6,2269,alphabetic
47040,␠Simul,2053696d756c,6,2265,leading_space;alphabetic;capitalized_candidate
47051,␠Sval,205376616c,5,2264,leading_space;alphabetic;capitalized_candidate
47074,íng,c3ad6e67,4,2263,alphabetic
47075,brücken,6272c3bc636b656e,8,2263,alphabetic
47077,␠Patagon,2050617461676f6e,8,2263,leading_space;alphabetic;capitalized_candidate
47114,␠Reconc,205265636f6e63,7,2260,leading_space;alphabetic;capitalized_candidate
47142,ietzsche,6965747a73636865,8,2258,alphabetic
47144,␠fles,20666c6573,5,2257,leading_space;alphabetic
47188,adically,61646963616c6c79,8,2253,alphabetic;suffix_shape
47195,erjee,65726a6565,5,2252,alphabetic
47258,␠Glaston,20476c6173746f6e,8,2248,leading_space;alphabetic;capitalized_candidate
47262,␠Khuz,204b68757a,5,2248,leading_space;alphabetic;capitalized_candidate
47266,vents,76656e7473,5,2247,alphabetic
47274,␠\xe2\x84,20e284,3,2247,leading_space;contains_symbol
47291,␠Fiorent,2046696f72656e74,8,2246,leading_space;alphabetic;capitalized_candidate
47318,␠Mahabhar,204d61686162686172,9,2244,leading_space;alphabetic;capitalized_candidate
47331,␠Vienn,205669656e6e,6,2243,leading_space;alphabetic;capitalized_candidate
47335,␠voic,20766f6963,5,2243,leading_space;alphabetic
47348,rieze,7269657a65,5,2242,alphabetic
47350,␠culm,2063756c6d,5,2242,leading_space;alphabetic
47366,riad,72696164,4,2240,alphabetic
47393,␠Neap,204e656170,5,2238,leading_space;alphabetic;capitalized_candidate
47413,float,666c6f6174,5,2236,alphabetic
47447,mbudsman,6d627564736d616e,8,2234,alphabetic
47448,Laf,4c6166,3,2233,alphabetic;capitalized_candidate
47466,Glor,476c6f72,4,2232,alphabetic;capitalized_candidate
47467,ilions,696c696f6e73,6,2232,alphabetic
47480,icello,6963656c6c6f,6,2231,alphabetic
47495,agata,6167617461,5,2230,alphabetic
47496,␠acry,2061637279,5,2230,leading_space;alphabetic
47507,anyahu,616e79616875,6,2229,alphabetic
47524,rigation,7269676174696f6e,8,2228,alphabetic;suffix_shape
47537,␠bould,20626f756c64,6,2226,leading_space;alphabetic
47553,␠Schum,20536368756d,6,2225,leading_space;alphabetic;capitalized_candidate
47559,ibaldi,6962616c6469,6,2225,alphabetic
47576,␠Tade,2054616465,5,2223,leading_space;alphabetic;capitalized_candidate
47606,istair,697374616972,6,2221,alphabetic
47608,␠indisc,20696e64697363,7,2221,leading_space;alphabetic
47624,Ivo,49766f,3,2219,alphabetic;capitalized_candidate
47626,academ,61636164656d,6,2219,alphabetic
47633,uterte,757465727465,6,2219,alphabetic
47652,␠Kaisers,204b616973657273,8,2218,leading_space;alphabetic;capitalized_candidate
47657,␠ais,20616973,4,2217,leading_space;alphabetic
47691,cientious,6369656e74696f7573,9,2215,alphabetic
47701,uidae,7569646165,5,2214,alphabetic
47708,␠Megas,204d65676173,6,2213,leading_space;alphabetic;capitalized_candidate
47713,igeons,6967656f6e73,6,2213,alphabetic
47723,␠Almer,20416c6d6572,6,2212,leading_space;alphabetic;capitalized_candidate
47733,␠Elek,20456c656b,5,2212,leading_space;alphabetic;capitalized_candidate
47735,Opin,4f70696e,4,2211,alphabetic;capitalized_candidate
47740,arlal,61726c616c,5,2211,alphabetic
47744,␠Relig,2052656c6967,6,2211,leading_space;alphabetic;capitalized_candidate
47749,␠stric,207374726963,6,2210,leading_space;alphabetic
47781,␠İz,20c4b07a,4,2208,leading_space;alphabetic;capitalized_candidate
47785,␠Acha,2041636861,5,2207,leading_space;alphabetic;capitalized_candidate
47786,emberton,656d626572746f6e,8,2207,alphabetic
47826,␠rupt,2072757074,5,2203,leading_space;alphabetic
47842,␠gild,2067696c64,5,2202,leading_space;alphabetic
47846,hnom,686e6f6d,4,2202,alphabetic
47864,amie,616d6965,4,2201,alphabetic
47894,bray,62726179,4,2199,alphabetic
47898,carriage,6361727269616765,8,2198,alphabetic
47910,␠Ludh,204c756468,5,2198,leading_space;alphabetic;capitalized_candidate
47918,␠pog,20706f67,4,2197,leading_space;alphabetic
47934,orthodox,6f7274686f646f78,8,2196,alphabetic
47935,␠Samu,2053616d75,5,2196,leading_space;alphabetic;capitalized_candidate
47946,alke,616c6b65,4,2195,alphabetic
47965,clesfield,636c65736669656c64,9,2194,alphabetic
48001,␠progen,2070726f67656e,7,2191,leading_space;alphabetic
48023,stwhile,73747768696c65,7,2189,alphabetic
48030,ighthood,69676874686f6f64,8,2189,alphabetic
48036,lma,6c6d61,3,2188,alphabetic
48039,endix,656e646978,5,2188,alphabetic
48057,endarmer,656e6461726d6572,8,2187,alphabetic
48062,béco,62c3a9636f,5,2187,alphabetic
48113,emite,656d697465,5,2183,alphabetic
48117,pska,70736b61,4,2183,alphabetic
48131,uitive,756974697665,6,2182,alphabetic
48141,repan,726570616e,5,2181,alphabetic
48147,irond,69726f6e64,5,2180,alphabetic
48165,␠Miros,204d69726f73,6,2178,leading_space;alphabetic;capitalized_candidate
48169,␠extrat,20657874726174,7,2178,leading_space;alphabetic
48175,␠tymp,2074796d70,5,2178,leading_space;alphabetic
48199,lautern,6c61757465726e,7,2177,alphabetic
48211,ucent,7563656e74,5,2175,alphabetic
48214,isciplinary,69736369706c696e617279,11,2175,alphabetic
48227,Prel,5072656c,4,2174,alphabetic;capitalized_candidate
48228,Serg,53657267,4,2174,alphabetic;capitalized_candidate
48273,odymyr,6f64796d7972,6,2171,alphabetic
48277,Skysc,536b797363,5,2171,alphabetic;capitalized_candidate
48289,noks,6e6f6b73,4,2169,alphabetic
48298,␠Conscious,20436f6e7363696f7573,10,2169,leading_space;alphabetic;capitalized_candidate
48319,becue,6265637565,5,2168,alphabetic
48323,iovis,696f766973,5,2168,alphabetic
48332,␠Peir,2050656972,5,2167,leading_space;alphabetic;capitalized_candidate
48340,ecin,6563696e,4,2166,alphabetic
48344,enca,656e6361,4,2166,alphabetic
48355,␠Atch,2041746368,5,2165,leading_space;alphabetic;capitalized_candidate
48367,omsky,6f6d736b79,5,2164,alphabetic
48369,ravinsky,726176696e736b79,8,2164,alphabetic
48379,␠Frederi,2046726564657269,8,2163,leading_space;alphabetic;capitalized_candidate
48382,เ,e0b980,3,2163,alphabetic
48400,nist,6e697374,4,2161,alphabetic
48406,ominational,6f6d696e6174696f6e616c,11,2161,alphabetic
48425,ierrez,69657272657a,6,2160,alphabetic
48433,ônio,c3b46e696f,5,2160,alphabetic
48445,ettering,6574746572696e67,8,2159,alphabetic;suffix_shape
48453,␠heres,206865726573,6,2158,leading_space;alphabetic
48463,Bris,42726973,4,2157,alphabetic;capitalized_candidate
48472,igmatic,69676d61746963,7,2157,alphabetic
48477,aroque,61726f717565,6,2156,alphabetic
48487,␠Uygh,2055796768,5,2155,leading_space;alphabetic;capitalized_candidate
48521,rypted,727970746564,6,2152,alphabetic;suffix_shape
48556,␠brit,2062726974,5,2149,leading_space;alphabetic
48570,hsiung,687369756e67,6,2148,alphabetic
48596,ilene,696c656e65,5,2146,alphabetic
48614,ehan,6568616e,4,2145,alphabetic
48626,Kann,4b616e6e,4,2144,alphabetic;capitalized_candidate
48654,const,636f6e7374,5,2143,alphabetic
48670,liari,6c69617269,5,2142,alphabetic
48683,␠Gree,2047726565,5,2141,leading_space;alphabetic;capitalized_candidate
48695,abbre,6162627265,5,2140,alphabetic
48702,ádio,c3a164696f,5,2140,alphabetic
48704,␠wett,2077657474,5,2139,leading_space;alphabetic
48706,rikes,72696b6573,5,2139,alphabetic
48730,␠pantom,2070616e746f6d,7,2137,leading_space;alphabetic
48741,izzie,697a7a6965,5,2137,alphabetic
48755,␠Crich,204372696368,6,2136,leading_space;alphabetic;capitalized_candidate
48767,␠Lytt,204c797474,5,2135,leading_space;alphabetic;capitalized_candidate
48855,folios,666f6c696f73,6,2129,alphabetic
48861,scriptions,736372697074696f6e73,10,2128,alphabetic
48873,ahili,6168696c69,5,2127,alphabetic
48884,orghe,6f72676865,5,2126,alphabetic
48887,ysztof,79737a746f66,6,2126,alphabetic
48905,elift,656c696674,5,2124,alphabetic
48971,␠Peral,20506572616c,6,2119,leading_space;alphabetic;capitalized_candidate
48973,␠unres,20756e726573,6,2119,leading_space;alphabetic
48988,␠artific,2061727469666963,8,2118,leading_space;alphabetic
48992,Contest,436f6e74657374,7,2118,alphabetic;capitalized_candidate
49000,lavi,6c617669,4,2117,alphabetic
49002,␠Potos,20506f746f73,6,2117,leading_space;alphabetic;capitalized_candidate
49017,sanct,73616e6374,5,2116,alphabetic
49019,ellyn,656c6c796e,5,2115,alphabetic
49039,ganu,67616e75,4,2113,alphabetic
49045,atchez,61746368657a,6,2113,alphabetic
49053,␠pals,2070616c73,5,2112,leading_space;alphabetic
49113,esford,6573666f7264,6,2108,alphabetic
49151,reetown,726565746f776e,7,2106,alphabetic
49154,algam,616c67616d,5,2106,alphabetic
49155,␠Bajnoks,2042616a6e6f6b73,8,2106,leading_space;alphabetic;capitalized_candidate
49165,␠encamp,20656e63616d70,7,2105,leading_space;alphabetic
49173,zekiel,7a656b69656c,6,2105,alphabetic
49180,Sain,5361696e,4,2104,alphabetic;capitalized_candidate
49185,queous,7175656f7573,6,2104,alphabetic
49193,Macc,4d616363,4,2103,alphabetic;capitalized_candidate
49196,ordinating,6f7264696e6174696e67,10,2103,alphabetic;suffix_shape
49199,ophyt,6f70687974,5,2103,alphabetic
49203,élène,c3a96cc3a86e65,7,2103,alphabetic
49247,teborg,7465626f7267,6,2100,alphabetic
49251,STOR,53544f52,4,2100,alphabetic
49254,␠Krz,204b727a,4,2100,leading_space;alphabetic;capitalized_candidate
49269,␠Varan,20566172616e,6,2098,leading_space;alphabetic;capitalized_candidate
49280,örgy,c3b6726779,5,2098,alphabetic
49281,␠Tolst,20546f6c7374,6,2098,leading_space;alphabetic;capitalized_candidate
49290,skov,736b6f76,4,2097,alphabetic
49319,emarle,656d61726c65,6,2095,alphabetic
49324,ogany,6f67616e79,5,2094,alphabetic
49328,ე,e18394,3,2094,alphabetic
49355,ourine,6f7572696e65,6,2092,alphabetic
49360,linton,6c696e746f6e,6,2092,alphabetic
49367,quirements,71756972656d656e7473,10,2092,alphabetic
49376,ancore,616e636f7265,6,2091,alphabetic
49434,assol,6173736f6c,5,2087,alphabetic
49440,rictly,726963746c79,6,2087,alphabetic;suffix_shape
49459,riber,7269626572,5,2085,alphabetic
49476,urnal,75726e616c,5,2084,alphabetic
49495,iciaries,6963696172696573,8,2083,alphabetic
49499,zbollah,7a626f6c6c6168,7,2083,alphabetic
49502,igy,696779,3,2082,alphabetic
49508,waiti,7761697469,5,2082,alphabetic
49531,␠chole,2063686f6c65,6,2080,leading_space;alphabetic
49532,formatics,666f726d6174696373,9,2080,alphabetic
49558,oors,6f6f7273,4,2078,alphabetic
49564,␠Admir,2041646d6972,6,2078,leading_space;alphabetic;capitalized_candidate
49596,␠protég,2070726f74c3a967,8,2076,leading_space;alphabetic
49604,oğan,6fc49f616e,5,2075,alphabetic
49653,Oly,4f6c79,3,2072,alphabetic;capitalized_candidate
49654,vettes,766574746573,6,2072,alphabetic
49660,issur,6973737572,5,2072,alphabetic
49663,ylkill,796c6b696c6c,6,2072,alphabetic
49667,funding,66756e64696e67,7,2072,alphabetic;suffix_shape
49678,rably,7261626c79,5,2071,alphabetic;suffix_shape
49700,âtel,c3a274656c,5,2069,alphabetic
49710,argement,617267656d656e74,8,2068,alphabetic;suffix_shape
49720,iscoe,6973636f65,5,2067,alphabetic
49733,ultaneously,756c74616e656f75736c79,11,2066,alphabetic;suffix_shape
49736,avourite,61766f7572697465,8,2066,alphabetic
49749,reras,7265726173,5,2065,alphabetic
49764,␠anaer,20616e616572,6,2063,leading_space;alphabetic
49784,itschrift,697473636872696674,9,2062,alphabetic
49785,owoomba,6f776f6f6d6261,7,2062,alphabetic
49801,␠Medell,204d6564656c6c,7,2061,leading_space;alphabetic;capitalized_candidate
49814,␠Excels,20457863656c73,7,2061,leading_space;alphabetic;capitalized_candidate
49833,elisk,656c69736b,5,2059,alphabetic
49885,␠Metad,204d65746164,6,2056,leading_space;alphabetic;capitalized_candidate
49898,astair,617374616972,6,2055,alphabetic
49913,␠Zaporizh,205a61706f72697a68,9,2055,leading_space;alphabetic;capitalized_candidate
49946,cely,63656c79,4,2052,alphabetic;suffix_shape
49952,␠Goli,20476f6c69,5,2052,leading_space;alphabetic;capitalized_candidate
49953,uego,7565676f,4,2052,alphabetic
49954,hipps,6869707073,5,2052,alphabetic
49964,␠Choud,2043686f7564,6,2051,leading_space;alphabetic;capitalized_candidate
49965,ptown,70746f776e,5,2051,alphabetic
49968,comings,636f6d696e6773,7,2051,alphabetic
49984,utschen,7574736368656e,7,2050,alphabetic
49986,␠Pyong,2050796f6e67,6,2050,leading_space;alphabetic;capitalized_candidate
49994,␠Kurs,204b757273,5,2049,leading_space;alphabetic;capitalized_candidate
50014,ihiv,69686976,4,2048,alphabetic
50015,guards,677561726473,6,2048,alphabetic
50016,iabilities,696162696c6974696573,10,2048,alphabetic
50028,ustomed,7573746f6d6564,7,2047,alphabetic;suffix_shape
50032,ismith,69736d697468,6,2047,alphabetic
50044,␠Stamped,205374616d706564,8,2046,leading_space;alphabetic;capitalized_candidate
50061,Reyn,5265796e,4,2045,alphabetic;capitalized_candidate
50075,ispo,6973706f,4,2044,alphabetic
50078,␠gimm,2067696d6d,5,2044,leading_space;alphabetic
50086,␠Musket,204d75736b6574,7,2044,leading_space;alphabetic;capitalized_candidate
50088,␠Boug,20426f7567,5,2044,leading_space;alphabetic;capitalized_candidate
50125,logroup,6c6f67726f7570,7,2042,alphabetic
50130,␠Pilip,2050696c6970,6,2041,leading_space;alphabetic;capitalized_candidate
50136,␠calib,2063616c6962,6,2041,leading_space;alphabetic
50144,␠Cels,2043656c73,5,2040,leading_space;alphabetic;capitalized_candidate
50150,lerc,6c657263,4,2040,alphabetic
50160,Matters,4d617474657273,7,2039,alphabetic;capitalized_candidate
50175,avari,6176617269,5,2038,alphabetic
50176,ifice,6966696365,5,2038,alphabetic
50190,Dart,44617274,4,2037,alphabetic;capitalized_candidate
50191,wyth,77797468,4,2037,alphabetic
50193,␠Lég,204cc3a967,5,2037,leading_space;alphabetic;capitalized_candidate
50204,␠Cait,2043616974,5,2037,leading_space;alphabetic;capitalized_candidate
50231,\xe7\xac,e7ac,2,2034,contains_symbol
50234,␠Stard,205374617264,6,2034,leading_space;alphabetic;capitalized_candidate
50237,urgency,757267656e6379,7,2034,alphabetic
50248,olences,6f6c656e636573,7,2033,alphabetic
50301,␠Vist,2056697374,5,2030,leading_space;alphabetic;capitalized_candidate
50359,eced,65636564,4,2025,alphabetic;suffix_shape
50365,Qué,5175c3a9,4,2025,alphabetic;capitalized_candidate
50377,ralight,72616c69676874,7,2024,alphabetic
50380,␠Xf,205866,3,2024,leading_space;alphabetic;capitalized_candidate
50382,auru,61757275,4,2024,alphabetic
50411,␠Diction,2044696374696f6e,8,2022,leading_space;alphabetic;capitalized_candidate
50413,onezh,6f6e657a68,5,2022,alphabetic
50415,␠Androm,20416e64726f6d,7,2022,leading_space;alphabetic;capitalized_candidate
50431,herly,6865726c79,5,2021,alphabetic;suffix_shape
50450,␠brack,20627261636b,6,2020,leading_space;alphabetic
50460,inflamm,696e666c616d6d,7,2020,alphabetic
50486,popo,706f706f,4,2018,alphabetic
50529,ijeka,696a656b61,5,2016,alphabetic
50543,ricula,726963756c61,6,2015,alphabetic
50547,ciech,6369656368,5,2015,alphabetic
50560,␠misdem,206d697364656d,7,2014,leading_space;alphabetic
50583,␠Lw,204c77,3,2012,leading_space;alphabetic;capitalized_candidate
50591,wego,7765676f,4,2012,alphabetic
50661,␠apopt,2061706f7074,6,2007,leading_space;alphabetic
50672,␠deseg,206465736567,6,2006,leading_space;alphabetic
50691,␠Kriegs,204b7269656773,7,2005,leading_space;alphabetic;capitalized_candidate
50707,brides,627269646573,6,2004,alphabetic
50713,utches,757463686573,6,2003,alphabetic
50722,␠Mores,204d6f726573,6,2003,leading_space;alphabetic;capitalized_candidate
50734,␠Curcul,2043757263756c,7,2002,leading_space;alphabetic;capitalized_candidate
50737,nutrition,6e7574726974696f6e,9,2002,alphabetic;suffix_shape
50758,␠Wode,20576f6465,5,2000,leading_space;alphabetic;capitalized_candidate
50774,itherto,6974686572746f,7,1999,alphabetic
50777,coran,636f72616e,5,1999,alphabetic
50803,óp,c3b370,3,1997,alphabetic
50816,itzers,69747a657273,6,1996,alphabetic;suffix_shape
50825,ductase,64756374617365,7,1995,alphabetic
50854,rester,726573746572,6,1993,alphabetic
50864,maty,6d617479,4,1993,alphabetic
50873,␠Jedd,204a656464,5,1992,leading_space;alphabetic;capitalized_candidate
50882,çais,c3a7616973,5,1992,alphabetic
50897,panied,70616e696564,6,1991,alphabetic;suffix_shape
50901,rovnik,726f766e696b,6,1991,alphabetic
50922,icut,69637574,4,1989,alphabetic
50941,␠thorac,2074686f726163,7,1988,leading_space;alphabetic
50952,arynge,6172796e6765,6,1988,alphabetic
50961,␠protrud,2070726f74727564,8,1987,leading_space;alphabetic
50971,␠Atat,2041746174,5,1986,leading_space;alphabetic;capitalized_candidate
50976,raviolet,726176696f6c6574,8,1986,alphabetic
51011,BOL,424f4c,3,1984,alphabetic
51019,␠excommun,206578636f6d6d756e,9,1983,leading_space;alphabetic
51031,kananda,6b616e616e6461,7,1983,alphabetic
51038,Spen,5370656e,4,1982,alphabetic;capitalized_candidate
51047,graduates,677261647561746573,9,1982,alphabetic
51050,␠Figuero,204669677565726f,8,1982,leading_space;alphabetic;capitalized_candidate
51068,␠Psal,205073616c,5,1981,leading_space;alphabetic;capitalized_candidate
51071,nagel,6e6167656c,5,1981,alphabetic
51101,tava,74617661,4,1978,alphabetic
51103,etors,65746f7273,5,1978,alphabetic
51110,Rebec,5265626563,5,1978,alphabetic;capitalized_candidate
51139,impse,696d707365,5,1977,alphabetic
51148,Obit,4f626974,4,1976,alphabetic;capitalized_candidate
51170,␠evap,2065766170,5,1975,leading_space;alphabetic
51198,␠Dach,2044616368,5,1973,leading_space;alphabetic;capitalized_candidate
51201,vedere,766564657265,6,1973,alphabetic
51204,iningrad,696e696e67726164,8,1973,alphabetic
51266,ruptcy,727570746379,6,1969,alphabetic
51300,aharlal,616861726c616c,7,1967,alphabetic
51304,␠Maser,204d61736572,6,1967,leading_space;alphabetic;capitalized_candidate
51314,unthorpe,756e74686f727065,8,1966,alphabetic
51317,␠Ishik,20497368696b,6,1966,leading_space;alphabetic;capitalized_candidate
51326,úsica,c3ba73696361,6,1966,alphabetic
51364,isational,69736174696f6e616c,9,1963,alphabetic
51371,␠derog,206465726f67,6,1963,leading_space;alphabetic
51383,␠biosy,2062696f7379,6,1963,leading_space;alphabetic
51405,␠mezz,206d657a7a,5,1961,leading_space;alphabetic
51433,␠dilapid,2064696c61706964,8,1960,leading_space;alphabetic
51460,␠ferr,2066657272,5,1958,leading_space;alphabetic
51464,adega,6164656761,5,1958,alphabetic
51479,awanna,6177616e6e61,6,1957,alphabetic
51494,␠shog,2073686f67,5,1956,leading_space;alphabetic
51529,evieve,657669657665,6,1954,alphabetic
51554,ườ,c6b0e1bb9d,5,1953,alphabetic
51582,␠Sevast,20536576617374,7,1951,leading_space;alphabetic;capitalized_candidate
51642,geoning,67656f6e696e67,7,1948,alphabetic;suffix_shape
51648,niz,6e697a,3,1947,alphabetic
51658,ausea,6175736561,5,1947,alphabetic
51659,rolamo,726f6c616d6f,6,1947,alphabetic
51664,␠Lidd,204c696464,5,1946,leading_space;alphabetic;capitalized_candidate
51671,alingrad,616c696e67726164,8,1946,alphabetic
51680,perman,7065726d616e,6,1945,alphabetic
51683,deen,6465656e,4,1945,alphabetic
51706,bécois,62c3a9636f6973,7,1944,alphabetic
51724,␠Biele,204269656c65,6,1942,leading_space;alphabetic;capitalized_candidate
51735,Pucc,50756363,4,1941,alphabetic;capitalized_candidate
51738,ulco,756c636f,4,1941,alphabetic
51739,osopher,6f736f70686572,7,1941,alphabetic
51743,␠Trafal,2054726166616c,7,1941,leading_space;alphabetic;capitalized_candidate
51747,quesne,717565736e65,6,1941,alphabetic
51782,azionale,617a696f6e616c65,8,1939,alphabetic
51783,kegee,6b65676565,5,1939,alphabetic
51797,␠Oed,204f6564,4,1938,leading_space;alphabetic;capitalized_candidate
51827,␠Strik,20537472696b,6,1936,leading_space;alphabetic;capitalized_candidate
51829,phobic,70686f626963,6,1936,alphabetic
51846,ahue,61687565,4,1935,alphabetic
51849,␠Khome,204b686f6d65,6,1935,leading_space;alphabetic;capitalized_candidate
51858,ptu,707475,3,1934,alphabetic
51872,ociação,6f636961c3a7c3a36f,9,1934,alphabetic
51924,agona,61676f6e61,5,1930,alphabetic
51925,soever,736f65766572,6,1930,alphabetic
51962,cambe,63616d6265,5,1927,alphabetic
51978,␠Bartolome,20426172746f6c6f6d65,10,1927,leading_space;alphabetic;capitalized_candidate
51985,␠intertw,20696e7465727477,8,1926,leading_space;alphabetic
51998,ipotentiary,69706f74656e7469617279,11,1926,alphabetic
52007,engganu,656e6767616e75,7,1925,alphabetic
52027,ingford,696e67666f7264,7,1924,alphabetic
52029,ulinity,756c696e697479,7,1924,alphabetic
52030,obald,6f62616c64,5,1924,alphabetic
52041,anueva,616e75657661,6,1923,alphabetic
52042,thyr,74687972,4,1923,alphabetic
52061,␠Presbyter,20507265736279746572,10,1922,leading_space;alphabetic;capitalized_candidate
52072,iours,696f757273,5,1921,alphabetic
52075,␠Scip,2053636970,5,1921,leading_space;alphabetic;capitalized_candidate
52078,lemish,6c656d697368,6,1921,alphabetic
52083,␠repert,20726570657274,7,1920,leading_space;alphabetic
52094,viso,7669736f,4,1920,alphabetic
52121,␠Goi,20476f69,4,1918,leading_space;alphabetic;capitalized_candidate
52137,␠Fourn,20466f75726e,6,1917,leading_space;alphabetic;capitalized_candidate
52140,ongong,6f6e676f6e67,6,1917,alphabetic
52152,rored,726f726564,5,1916,alphabetic;suffix_shape
52153,emade,656d616465,5,1916,alphabetic
52172,ineal,696e65616c,5,1915,alphabetic
52175,shahi,7368616869,5,1915,alphabetic
52191,iocene,696f63656e65,6,1914,alphabetic
52200,actively,6163746976656c79,8,1914,alphabetic;suffix_shape
52213,Leop,4c656f70,4,1913,alphabetic;capitalized_candidate
52215,␠Weal,205765616c,5,1913,leading_space;alphabetic;capitalized_candidate
52237,␠Wilber,2057696c626572,7,1912,leading_space;alphabetic;capitalized_candidate
52245,ugues,7567756573,5,1911,alphabetic
52253,icoides,69636f69646573,7,1911,alphabetic
52255,ariably,61726961626c79,7,1911,alphabetic;suffix_shape
52276,␠Aborig,2041626f726967,7,1909,leading_space;alphabetic;capitalized_candidate
52281,biscite,62697363697465,7,1909,alphabetic
52290,ramento,72616d656e746f,7,1908,alphabetic
52303,inău,696ec48375,5,1907,alphabetic
52340,␠brows,2062726f7773,6,1906,leading_space;alphabetic
52347,aefer,6165666572,5,1905,alphabetic
52353,unción,756e6369c3b36e,7,1905,alphabetic
52365,␠ming,206d696e67,5,1903,leading_space;alphabetic
52373,␠Bonavent,20426f6e6176656e74,9,1903,leading_space;alphabetic;capitalized_candidate
52377,wahati,776168617469,6,1903,alphabetic
52379,␠mund,206d756e64,5,1902,leading_space;alphabetic
52394,estyles,657374796c6573,7,1901,alphabetic
52395,ectady,656374616479,6,1901,alphabetic
52414,␠mening,206d656e696e67,7,1900,leading_space;alphabetic
52423,␠Shosh,2053686f7368,6,1899,leading_space;alphabetic;capitalized_candidate
52432,␠Nyas,204e796173,5,1899,leading_space;alphabetic;capitalized_candidate
52439,phrase,706872617365,6,1898,alphabetic
52442,myra,6d797261,4,1898,alphabetic
52469,␠nanop,206e616e6f70,6,1897,leading_space;alphabetic
52475,␠Gerr,2047657272,5,1896,leading_space;alphabetic;capitalized_candidate
52519,strous,7374726f7573,6,1893,alphabetic
52544,obyl,6f62796c,4,1892,alphabetic
52560,␠resup,207265737570,6,1891,leading_space;alphabetic
52627,utnik,75746e696b,5,1887,alphabetic
52629,apons,61706f6e73,5,1887,alphabetic
52649,sterol,737465726f6c,6,1886,alphabetic
52663,␠Chaut,204368617574,6,1885,leading_space;alphabetic;capitalized_candidate
52670,␠Cristó,204372697374c3b3,8,1885,leading_space;alphabetic;capitalized_candidate
52677,Patt,50617474,4,1884,alphabetic;capitalized_candidate
52686,helieu,68656c696575,6,1884,alphabetic
52700,ignor,69676e6f72,5,1883,alphabetic
52701,auqua,6175717561,5,1883,alphabetic
52739,imard,696d617264,5,1880,alphabetic
52754,tty,747479,3,1879,alphabetic
52800,immune,696d6d756e65,6,1877,alphabetic
52815,␠SEP,20534550,4,1876,leading_space;alphabetic
52822,umnav,756d6e6176,5,1876,alphabetic
52828,␠conscript,20636f6e736372697074,10,1876,leading_space;alphabetic
52847,operability,6f7065726162696c697479,11,1875,alphabetic
52853,zoll,7a6f6c6c,4,1874,alphabetic
52857,helen,68656c656e,5,1874,alphabetic
52860,šice,c5a1696365,5,1874,alphabetic
52870,␠Sinal,2053696e616c,6,1873,leading_space;alphabetic;capitalized_candidate
52885,isand,6973616e64,5,1872,alphabetic
52889,ranny,72616e6e79,5,1872,alphabetic
52894,beknown,62656b6e6f776e,7,1872,alphabetic
52916,Wag,576167,3,1870,alphabetic;capitalized_candidate
52929,␠ambul,20616d62756c,6,1870,leading_space;alphabetic
52940,Influ,496e666c75,5,1869,alphabetic;capitalized_candidate
52950,akkad,616b6b6164,5,1869,alphabetic
52954,Quer,51756572,4,1868,alphabetic;capitalized_candidate
52990,␠Cuy,20437579,4,1866,leading_space;alphabetic;capitalized_candidate
52992,␠Pasht,205061736874,6,1866,leading_space;alphabetic;capitalized_candidate
53006,␠Batters,2042617474657273,8,1865,leading_space;alphabetic;capitalized_candidate
53011,irona,69726f6e61,5,1865,alphabetic
53030,ortment,6f72746d656e74,7,1864,alphabetic;suffix_shape
53038,hikode,68696b6f6465,6,1864,alphabetic
53047,␠Thurs,205468757273,6,1863,leading_space;alphabetic;capitalized_candidate
53066,elag,656c6167,4,1862,alphabetic
53069,romptu,726f6d707475,6,1862,alphabetic
53072,deus,64657573,4,1862,alphabetic
53110,iscoll,6973636f6c6c,6,1859,alphabetic
53112,ystwyth,79737477797468,7,1859,alphabetic
53140,isades,697361646573,6,1857,alphabetic
53141,lecht,6c65636874,5,1857,alphabetic
53180,␠Giord,2047696f7264,6,1854,leading_space;alphabetic;capitalized_candidate
53184,TTP,545450,3,1854,alphabetic
53186,␠vibraph,2076696272617068,8,1854,leading_space;alphabetic
53194,␠sportsc,2073706f72747363,8,1853,leading_space;alphabetic
53200,␠Theodos,205468656f646f73,8,1853,leading_space;alphabetic;capitalized_candidate
53250,cellent,63656c6c656e74,7,1850,alphabetic
53256,oussaint,6f75737361696e74,8,1850,alphabetic
53267,␠Volog,20566f6c6f67,6,1849,leading_space;alphabetic;capitalized_candidate
53270,␠Xyle,2058796c65,5,1849,leading_space;alphabetic;capitalized_candidate
53283,␠SNC,20534e43,4,1848,leading_space;alphabetic
53330,␠chromat,206368726f6d6174,8,1847,leading_space;alphabetic
53342,␠alph,20616c7068,5,1846,leading_space;alphabetic
53349,␠Wednes,205765646e6573,7,1846,leading_space;alphabetic;capitalized_candidate
53351,␠Bluet,20426c756574,6,1846,leading_space;alphabetic;capitalized_candidate
53378,sym,73796d,3,1844,alphabetic
53391,Meli,4d656c69,4,1843,alphabetic;capitalized_candidate
53394,entiful,656e746966756c,7,1843,alphabetic
53401,amboy,616d626f79,5,1843,alphabetic
53407,chnya,63686e7961,5,1843,alphabetic
53410,Councill,436f756e63696c6c,8,1842,alphabetic;capitalized_candidate
53435,␠Montg,204d6f6e7467,6,1841,leading_space;alphabetic;capitalized_candidate
53476,housie,686f75736965,6,1839,alphabetic
53484,occhio,6f636368696f,6,1838,alphabetic
53488,␠prer,2070726572,5,1838,leading_space;alphabetic
53516,nabr,6e616272,4,1836,alphabetic
53541,aulipas,61756c69706173,7,1835,alphabetic
53544,Advert,416476657274,6,1835,alphabetic;capitalized_candidate
53553,␠Pernamb,205065726e616d62,8,1835,leading_space;alphabetic;capitalized_candidate
53555,LCD,4c4344,3,1834,alphabetic
53609,␠Hildebr,2048696c64656272,8,1831,leading_space;alphabetic;capitalized_candidate
53618,␠Ux,205578,3,1830,leading_space;alphabetic;capitalized_candidate
53679,␠Housew,20486f75736577,7,1826,leading_space;alphabetic;capitalized_candidate
53690,ouard,6f75617264,5,1825,alphabetic
53708,itories,69746f72696573,7,1824,alphabetic
53713,armahal,61726d6168616c,7,1824,alphabetic
53715,␠photovolta,2070686f746f766f6c7461,11,1824,leading_space;alphabetic
53749,lona,6c6f6e61,4,1821,alphabetic
53760,rosine,726f73696e65,6,1821,alphabetic
53780,ivill,6976696c6c,5,1819,alphabetic
53783,oused,6f75736564,5,1819,alphabetic;suffix_shape
53825,crom,63726f6d,4,1816,alphabetic
53829,itei,69746569,4,1816,alphabetic
53833,ageddon,61676564646f6e,7,1816,alphabetic
53863,maic,6d616963,4,1815,alphabetic
53872,␠Ferman,204665726d616e,7,1814,leading_space;alphabetic;capitalized_candidate
53879,␠recommission,207265636f6d6d697373696f6e,13,1814,leading_space;alphabetic
53882,␠Khorram,204b686f7272616d,8,1814,leading_space;alphabetic;capitalized_candidate
53889,␠hil,2068696c,4,1813,leading_space;alphabetic
53924,Allister,416c6c6973746572,8,1811,alphabetic;capitalized_candidate
53940,eroi,65726f69,4,1810,alphabetic
53976,␠calend,2063616c656e64,7,1808,leading_space;alphabetic
53990,ilater,696c61746572,6,1807,alphabetic
53994,plish,706c697368,5,1807,alphabetic
54007,roves,726f766573,5,1806,alphabetic
54011,␠postp,20706f737470,6,1806,leading_space;alphabetic
54032,␠undist,20756e64697374,7,1805,leading_space;alphabetic
54038,iantep,69616e746570,6,1805,alphabetic
54070,␠Alic,20416c6963,5,1803,leading_space;alphabetic;capitalized_candidate
54071,␠Shom,2053686f6d,5,1803,leading_space;alphabetic;capitalized_candidate
54110,deacons,646561636f6e73,7,1801,alphabetic
54122,Visc,56697363,4,1800,alphabetic;capitalized_candidate
54123,poles,706f6c6573,5,1800,alphabetic
54126,imack,696d61636b,5,1800,alphabetic
54145,␠auster,20617573746572,7,1799,leading_space;alphabetic
54153,␠Depress,2044657072657373,8,1799,leading_space;alphabetic;capitalized_candidate
54181,mple,6d706c65,4,1797,alphabetic
54189,␠trombon,2074726f6d626f6e,8,1797,leading_space;alphabetic
54209,gage,67616765,4,1795,alphabetic
54212,␠Nitt,204e697474,5,1795,leading_space;alphabetic;capitalized_candidate
54215,apult,6170756c74,5,1795,alphabetic
54219,␠Tommas,20546f6d6d6173,7,1795,leading_space;alphabetic;capitalized_candidate
54226,␠Gamec,2047616d6563,6,1795,leading_space;alphabetic;capitalized_candidate
54235,megen,6d6567656e,5,1794,alphabetic
54252,␠thrott,207468726f7474,7,1793,leading_space;alphabetic
54267,iborne,69626f726e65,6,1792,alphabetic
54273,ronesian,726f6e657369616e,8,1792,alphabetic
54285,onesome,6f6e65736f6d65,7,1791,alphabetic
54341,uzer,757a6572,4,1788,alphabetic
54363,␠Quix,2051756978,5,1787,leading_space;alphabetic;capitalized_candidate
54368,morland,6d6f726c616e64,7,1787,alphabetic
54371,entris,656e74726973,6,1786,alphabetic
54388,antišek,616e7469c5a1656b,8,1786,alphabetic
54410,wader,7761646572,5,1784,alphabetic
54411,ourably,6f757261626c79,7,1784,alphabetic;suffix_shape
54415,ianza,69616e7a61,5,1784,alphabetic
54416,earctic,65617263746963,7,1784,alphabetic
54431,Assy,41737379,4,1784,alphabetic;capitalized_candidate
54450,ordial,6f726469616c,6,1783,alphabetic
54454,rizio,72697a696f,5,1783,alphabetic
54502,␠occident,206f63636964656e74,9,1780,leading_space;alphabetic
54520,Cret,43726574,4,1779,alphabetic;capitalized_candidate
54523,␠Aloys,20416c6f7973,6,1779,leading_space;alphabetic;capitalized_candidate
54540,aterinburg,61746572696e62757267,10,1778,alphabetic
54541,␠Shl,2053686c,4,1778,leading_space;alphabetic;capitalized_candidate
54582,klub,6b6c7562,4,1776,alphabetic
54585,Scy,536379,3,1775,alphabetic;capitalized_candidate
54591,meath,6d65617468,5,1775,alphabetic
54615,Crust,4372757374,5,1774,alphabetic;capitalized_candidate
54621,␠Algar,20416c676172,6,1773,leading_space;alphabetic;capitalized_candidate
54640,␠Carinth,20436172696e7468,8,1772,leading_space;alphabetic;capitalized_candidate
54644,şik,c59f696b,4,1772,alphabetic
54661,ceres,6365726573,5,1771,alphabetic
54681,remo,72656d6f,4,1770,alphabetic
54703,hematically,68656d61746963616c6c79,11,1769,alphabetic;suffix_shape
54710,poche,706f636865,5,1768,alphabetic
54715,plugged,706c7567676564,7,1768,alphabetic;suffix_shape
54729,lenz,6c656e7a,4,1767,alphabetic
54745,itschke,69747363686b65,7,1767,alphabetic
54763,␠Compost,20436f6d706f7374,8,1766,leading_space;alphabetic;capitalized_candidate
54764,␠requisition,207265717569736974696f6e,12,1766,leading_space;alphabetic
54803,Els,456c73,3,1764,alphabetic;capitalized_candidate
54808,␠Bessarab,204265737361726162,9,1764,leading_space;alphabetic;capitalized_candidate
54813,lestown,6c6573746f776e,7,1763,alphabetic
54817,umers,756d657273,5,1763,alphabetic;suffix_shape
54852,omol,6f6d6f6c,4,1761,alphabetic
54857,ordable,6f726461626c65,7,1761,alphabetic;suffix_shape
54871,istors,6973746f7273,6,1760,alphabetic
54880,simile,73696d696c65,6,1760,alphabetic
54881,watini,776174696e69,6,1760,alphabetic
54888,Holid,486f6c6964,5,1759,alphabetic;capitalized_candidate
54901,␠faire,206661697265,6,1759,leading_space;alphabetic
54922,quith,7175697468,5,1758,alphabetic
54923,tez,74657a,3,1758,alphabetic
54942,ubers,7562657273,5,1757,alphabetic;suffix_shape
54970,␠carap,206361726170,6,1756,leading_space;alphabetic
54974,hrates,687261746573,6,1756,alphabetic
54997,hement,68656d656e74,6,1754,alphabetic;suffix_shape
55001,essori,6573736f7269,6,1754,alphabetic
55003,␠goall,20676f616c6c,6,1754,leading_space;alphabetic
55019,␠Corder,20436f72646572,7,1753,leading_space;alphabetic;capitalized_candidate
55025,ibati,6962617469,5,1753,alphabetic
55050,␠Transp,205472616e7370,7,1752,leading_space;alphabetic;capitalized_candidate
55077,␠Ayles,2041796c6573,6,1750,leading_space;alphabetic;capitalized_candidate
55101,xter,78746572,4,1747,alphabetic
55109,ickenham,69636b656e68616d,8,1747,alphabetic
55120,␠quir,2071756972,5,1746,leading_space;alphabetic
55155,inridge,696e7269646765,7,1744,alphabetic
55160,ennyson,656e6e79736f6e,7,1744,alphabetic
55175,␠Adirond,20416469726f6e64,8,1743,leading_space;alphabetic;capitalized_candidate
55183,␠Dalry,2044616c7279,6,1743,leading_space;alphabetic;capitalized_candidate
55192,nabrück,6e616272c3bc636b,8,1743,alphabetic
55199,avans,6176616e73,5,1742,alphabetic
55202,␠Hisp,2048697370,5,1742,leading_space;alphabetic;capitalized_candidate
55218,ilden,696c64656e,5,1741,alphabetic
55227,cussions,63757373696f6e73,8,1740,alphabetic
55237,␠Diyar,204469796172,6,1740,leading_space;alphabetic;capitalized_candidate
55241,BIF,424946,3,1740,alphabetic
55281,␠insec,20696e736563,6,1738,leading_space;alphabetic
55291,agans,6167616e73,5,1737,alphabetic
55305,␠sarcast,2073617263617374,8,1737,leading_space;alphabetic
55339,juven,6a7576656e,5,1735,alphabetic
55346,pillars,70696c6c617273,7,1735,alphabetic
55367,␠puber,207075626572,6,1733,leading_space;alphabetic
55387,ainty,61696e7479,5,1732,alphabetic
55389,␠nozz,206e6f7a7a,5,1732,leading_space;alphabetic
55410,igrap,6967726170,5,1731,alphabetic
55412,␠grands,206772616e6473,7,1731,leading_space;alphabetic
55431,therly,746865726c79,6,1730,alphabetic;suffix_shape
55434,iseach,697365616368,6,1730,alphabetic
55445,␠Brux,2042727578,5,1729,leading_space;alphabetic;capitalized_candidate
55486,iphany,697068616e79,6,1727,alphabetic
55487,Glac,476c6163,4,1727,alphabetic;capitalized_candidate
55595,␠prere,207072657265,6,1720,leading_space;alphabetic
55598,psum,7073756d,4,1720,alphabetic
55611,Acan,4163616e,4,1719,alphabetic;capitalized_candidate
55612,boll,626f6c6c,4,1719,alphabetic
55642,␠Sponge,2053706f6e6765,7,1718,leading_space;alphabetic;capitalized_candidate
55657,utonium,75746f6e69756d,7,1718,alphabetic
55692,␠Esmer,2045736d6572,6,1716,leading_space;alphabetic;capitalized_candidate
55707,Manit,4d616e6974,5,1715,alphabetic;capitalized_candidate
55721,ostich,6f7374696368,6,1714,alphabetic
55738,kusen,6b7573656e,5,1714,alphabetic
55744,\xa5\xbf,a5bf,2,1713,contains_symbol
55747,␠gaug,2067617567,5,1713,leading_space;alphabetic
55776,zollern,7a6f6c6c65726e,7,1712,alphabetic
55785,ondda,6f6e646461,5,1711,alphabetic
55802,␠Wands,2057616e6473,6,1710,leading_space;alphabetic;capitalized_candidate
55822,Morm,4d6f726d,4,1709,alphabetic;capitalized_candidate
55849,onimo,6f6e696d6f,5,1708,alphabetic
55864,cences,63656e636573,6,1707,alphabetic
55870,ontas,6f6e746173,5,1707,alphabetic
55873,owerby,6f7765726279,6,1707,alphabetic
55890,␠unnot,20756e6e6f74,6,1706,leading_space;alphabetic
55897,␠Espos,204573706f73,6,1706,leading_space;alphabetic;capitalized_candidate
55912,␠Micho,204d6963686f,6,1705,leading_space;alphabetic;capitalized_candidate
55920,rsg,727367,3,1705,alphabetic
55933,ệm,e1bb876d,4,1704,alphabetic
55949,algamated,616c67616d61746564,9,1703,alphabetic;suffix_shape
55964,ewalks,6577616c6b73,6,1702,alphabetic
55972,␠lepro,206c6570726f,6,1701,leading_space;alphabetic
55984,rarily,726172696c79,6,1700,alphabetic;suffix_shape
55986,entary,656e74617279,6,1700,alphabetic
55995,Comed,436f6d6564,5,1700,alphabetic;capitalized_candidate
56010,omouc,6f6d6f7563,5,1699,alphabetic
56013,␠endot,20656e646f74,6,1699,leading_space;alphabetic
56016,cault,6361756c74,5,1699,alphabetic
56053,␠semicirc,2073656d6963697263,9,1698,leading_space;alphabetic
56061,cricinfo,63726963696e666f,8,1697,alphabetic
56086,teca,74656361,4,1696,alphabetic
56087,wigs,77696773,4,1696,alphabetic
56091,ixeira,697865697261,6,1696,alphabetic
56095,avenworth,6176656e776f727468,9,1696,alphabetic
56104,Vander,56616e646572,6,1695,alphabetic;capitalized_candidate
56126,healthy,6865616c746879,7,1695,alphabetic
56133,wolves,776f6c766573,6,1694,alphabetic
56139,earic,6561726963,5,1694,alphabetic
56144,afone,61666f6e65,5,1694,alphabetic
56147,étien,c3a97469656e,6,1694,alphabetic
56167,ileged,696c65676564,6,1693,alphabetic;suffix_shape
56174,msk,6d736b,3,1693,alphabetic
56196,Bobsled,426f62736c6564,7,1692,alphabetic;capitalized_candidate
56223,zeň,7a65c588,4,1690,alphabetic
56225,enzuela,656e7a75656c61,7,1690,alphabetic
56268,extrem,65787472656d,6,1688,alphabetic
56291,izioni,697a696f6e69,6,1687,alphabetic
56294,iosyn,696f73796e,5,1687,alphabetic
56315,␠marty,206d61727479,6,1686,leading_space;alphabetic
56334,␠Mön,204dc3b66e,5,1684,leading_space;alphabetic;capitalized_candidate
56351,␠Houd,20486f7564,5,1683,leading_space;alphabetic;capitalized_candidate
56353,␠Gine,2047696e65,5,1683,leading_space;alphabetic;capitalized_candidate
56355,seus,73657573,4,1683,alphabetic
56362,iqueness,697175656e657373,8,1683,alphabetic;suffix_shape
56364,icrobial,6963726f6269616c,8,1683,alphabetic
56378,ghis,67686973,4,1682,alphabetic
56387,uisance,756973616e6365,7,1682,alphabetic
56397,lyw,6c7977,3,1681,alphabetic
56401,ecutively,656375746976656c79,9,1681,alphabetic;suffix_shape
56406,ogyakarta,6f6779616b61727461,9,1681,alphabetic
56417,␠Lons,204c6f6e73,5,1680,leading_space;alphabetic;capitalized_candidate
56442,resist,726573697374,6,1679,alphabetic
56445,␠diagon,20646961676f6e,7,1679,leading_space;alphabetic
56462,ghazi,6768617a69,5,1678,alphabetic
56463,␠grotes,2067726f746573,7,1678,leading_space;alphabetic
56472,Elis,456c6973,4,1678,alphabetic;capitalized_candidate
56507,etians,657469616e73,6,1676,alphabetic
56516,emenid,656d656e6964,6,1676,alphabetic
56543,reu,726575,3,1674,alphabetic
56552,arching,61726368696e67,7,1674,alphabetic;suffix_shape
56553,racken,7261636b656e,6,1674,alphabetic
56581,␠Vikt,2056696b74,5,1673,leading_space;alphabetic;capitalized_candidate
56697,␠Basing,20426173696e67,7,1668,leading_space;alphabetic;capitalized_candidate
56701,carbons,636172626f6e73,7,1668,alphabetic
56714,rinal,72696e616c,5,1667,alphabetic
56726,onsonby,6f6e736f6e6279,7,1667,alphabetic
56732,rebro,726562726f,5,1666,alphabetic
56738,␠Zb,205a62,3,1666,leading_space;alphabetic;capitalized_candidate
56745,ōbon,c58d626f6e,5,1666,alphabetic
56753,klasa,6b6c617361,5,1666,alphabetic
56797,ndes,6e646573,4,1663,alphabetic
56829,␠fratern,206672617465726e,8,1662,leading_space;alphabetic
56830,Commod,436f6d6d6f64,6,1662,alphabetic;capitalized_candidate
56839,oudspe,6f7564737065,6,1662,alphabetic
56851,essim,657373696d,5,1661,alphabetic
56856,agenham,6167656e68616d,7,1661,alphabetic
56902,oratory,6f7261746f7279,7,1659,alphabetic
56910,␠Prol,2050726f6c,5,1659,leading_space;alphabetic;capitalized_candidate
56936,virons,7669726f6e73,6,1658,alphabetic
56956,agiell,616769656c6c,6,1657,alphabetic
56973,ispens,697370656e73,6,1656,alphabetic
56992,orescences,6f72657363656e636573,10,1655,alphabetic
57003,yoshi,796f736869,5,1654,alphabetic
57009,␠repurp,20726570757270,7,1654,leading_space;alphabetic
57013,versible,7665727369626c65,8,1654,alphabetic;suffix_shape
57014,␠Universitar,20556e697665727369746172,12,1654,leading_space;alphabetic;capitalized_candidate
57022,apatnam,617061746e616d,7,1654,alphabetic
57030,␠Moli,204d6f6c69,5,1653,leading_space;alphabetic;capitalized_candidate
57051,edias,6564696173,5,1652,alphabetic
57060,borus,626f727573,5,1652,alphabetic
57087,voř,766fc599,4,1651,alphabetic
57112,bisoft,6269736f6674,6,1650,alphabetic
57133,respective,72657370656374697665,10,1649,alphabetic
57135,fortune,666f7274756e65,7,1649,alphabetic
57139,alpindi,616c70696e6469,7,1649,alphabetic
57179,␠epigen,2065706967656e,7,1647,leading_space;alphabetic
57187,␠Peper,205065706572,6,1647,leading_space;alphabetic;capitalized_candidate
57194,şiktaş,c59f696b7461c59f,8,1647,alphabetic
57202,adishu,616469736875,6,1646,alphabetic
57205,epolis,65706f6c6973,6,1646,alphabetic
57226,␠Pader,205061646572,6,1645,leading_space;alphabetic;capitalized_candidate
57265,downe,646f776e65,5,1644,alphabetic
57275,isem,6973656d,4,1643,alphabetic
57276,␠Araf,2041726166,5,1643,leading_space;alphabetic;capitalized_candidate
57287,␠tumult,2074756d756c74,7,1643,leading_space;alphabetic
57330,␠Allgeme,20416c6c67656d65,8,1641,leading_space;alphabetic;capitalized_candidate
57371,ayaquil,6179617175696c,7,1639,alphabetic
57409,␠Profes,2050726f666573,7,1637,leading_space;alphabetic;capitalized_candidate
57411,ondissements,6f6e64697373656d656e7473,12,1637,alphabetic
57429,zhia,7a686961,4,1636,alphabetic
57447,␠hasht,206861736874,6,1635,leading_space;alphabetic
57464,ravel,726176656c,5,1634,alphabetic
57467,␠aval,206176616c,5,1634,leading_space;alphabetic
57485,nze,6e7a65,3,1633,alphabetic
57501,arenthood,6172656e74686f6f64,9,1633,alphabetic
57502,␠Ayat,2041796174,5,1633,leading_space;alphabetic;capitalized_candidate
57515,␠Hispani,2048697370616e69,8,1632,leading_space;alphabetic;capitalized_candidate
57558,␠atyp,2061747970,5,1630,leading_space;alphabetic
57560,ebted,6562746564,5,1630,alphabetic;suffix_shape
57568,␠Gipps,204769707073,6,1630,leading_space;alphabetic;capitalized_candidate
57577,\xab\x98,ab98,2,1629,contains_symbol
57599,kutsk,6b7574736b,5,1629,alphabetic
57618,ufnagel,75666e6167656c,7,1628,alphabetic
57638,colò,636f6cc3b2,5,1627,alphabetic
57691,iedler,6965646c6572,6,1625,alphabetic
57707,␠shorth,2073686f727468,7,1624,leading_space;alphabetic
57712,licted,6c6963746564,6,1624,alphabetic;suffix_shape
57722,Yor,596f72,3,1623,alphabetic;capitalized_candidate
57734,kyll,6b796c6c,4,1623,alphabetic
57738,␠Krasnoy,204b7261736e6f79,8,1623,leading_space;alphabetic;capitalized_candidate
57747,odiment,6f64696d656e74,7,1622,alphabetic;suffix_shape
57754,oiselle,6f6973656c6c65,7,1622,alphabetic
57773,ijek,696a656b,4,1621,alphabetic
57783,accom,6163636f6d,5,1620,alphabetic
57801,␠vehement,20766568656d656e74,9,1620,leading_space;alphabetic
57844,earcher,65617263686572,7,1618,alphabetic
57874,Abor,41626f72,4,1617,alphabetic;capitalized_candidate
57890,␠Valky,2056616c6b79,6,1617,leading_space;alphabetic;capitalized_candidate
57920,ceola,63656f6c61,5,1615,alphabetic
57979,iacenza,696163656e7a61,7,1613,alphabetic
57988,Cô,43c3b4,3,1612,alphabetic;capitalized_candidate
57989,Dud,447564,3,1612,alphabetic;capitalized_candidate
58032,␠veloc,2076656c6f63,6,1611,leading_space;alphabetic
58076,␠Chiș,20436869c899,6,1609,leading_space;alphabetic;capitalized_candidate
58089,idadian,6964616469616e,7,1608,alphabetic
58108,ínguez,c3ad6e6775657a,7,1608,alphabetic
58125,␠hinter,2068696e746572,7,1606,leading_space;alphabetic
58126,abalu,6162616c75,5,1606,alphabetic
58152,␠scrim,20736372696d,6,1605,leading_space;alphabetic
58170,␠Klam,204b6c616d,5,1604,leading_space;alphabetic;capitalized_candidate
58174,uchâtel,756368c3a274656c,8,1604,alphabetic
58201,treme,7472656d65,5,1602,alphabetic
58203,abamba,6162616d6261,6,1602,alphabetic
58226,rigeration,72696765726174696f6e,10,1601,alphabetic;suffix_shape
58243,hances,68616e636573,6,1600,alphabetic
58258,ichung,696368756e67,6,1599,alphabetic
58268,ohs,6f6873,3,1599,alphabetic
58272,␠Zambo,205a616d626f,6,1599,leading_space;alphabetic;capitalized_candidate
58289,ystok,7973746f6b,5,1598,alphabetic
58297,ại,e1baa169,4,1598,alphabetic
58392,ahuila,616875696c61,6,1594,alphabetic
58407,lisha,6c69736861,5,1593,alphabetic
58411,rdenas,7264656e6173,6,1593,alphabetic
58414,veyron,766579726f6e,6,1593,alphabetic
58436,ofiev,6f66696576,5,1592,alphabetic
58462,anyol,616e796f6c,5,1591,alphabetic
58513,vantages,76616e7461676573,8,1589,alphabetic
58585,ugliel,75676c69656c,6,1586,alphabetic
58588,␠Hues,2048756573,5,1585,leading_space;alphabetic;capitalized_candidate
58656,ueger,7565676572,5,1582,alphabetic
58691,braith,627261697468,6,1581,alphabetic
58704,␠Shizu,205368697a75,6,1580,leading_space;alphabetic;capitalized_candidate
58755,aulay,61756c6179,5,1578,alphabetic
58799,inckley,696e636b6c6579,7,1576,alphabetic
58819,ajoz,616a6f7a,4,1575,alphabetic
58847,roney,726f6e6579,5,1574,alphabetic
58871,␠Pritz,20507269747a,6,1573,leading_space;alphabetic;capitalized_candidate
58890,ivostok,69766f73746f6b,7,1572,alphabetic
58891,␠Frib,2046726962,5,1572,leading_space;alphabetic;capitalized_candidate
58913,ahontas,61686f6e746173,7,1571,alphabetic
58923,harmed,6861726d6564,6,1571,alphabetic;suffix_shape
58942,halaya,68616c617961,6,1570,alphabetic
58953,unces,756e636573,5,1569,alphabetic
59045,érault,c3a97261756c74,7,1565,alphabetic
59050,alation,616c6174696f6e,7,1564,alphabetic;suffix_shape
59055,orsese,6f7273657365,6,1564,alphabetic
59060,amicom,616d69636f6d,6,1564,alphabetic
59081,␠Trumb,205472756d62,6,1563,leading_space;alphabetic;capitalized_candidate
59093,uguesa,756775657361,6,1563,alphabetic
59190,␠Kauff,204b61756666,6,1558,leading_space;alphabetic;capitalized_candidate
59213,ipides,697069646573,6,1557,alphabetic
59300,wered,7765726564,5,1553,alphabetic;suffix_shape
59307,apulco,6170756c636f,6,1553,alphabetic
59323,\x94\xa8,94a8,2,1552,contains_symbol
59334,thems,7468656d73,5,1552,alphabetic
59389,rader,7261646572,5,1550,alphabetic
59400,Fras,46726173,4,1549,alphabetic;capitalized_candidate
59413,thels,7468656c73,5,1549,alphabetic
59463,anteau,616e74656175,6,1547,alphabetic
59464,acherous,61636865726f7573,8,1547,alphabetic
59509,rostatic,726f737461746963,8,1545,alphabetic
59526,ricidae,72696369646165,7,1544,alphabetic
59541,vořák,766fc599c3a16b,7,1544,alphabetic
59595,amboyant,616d626f79616e74,8,1542,alphabetic
59678,nessy,6e65737379,5,1538,alphabetic
59694,ālā,c4816cc481,5,1538,alphabetic
59703,umsy,756d7379,4,1537,alphabetic
59713,rigley,7269676c6579,6,1537,alphabetic
59726,␠benth,2062656e7468,6,1536,leading_space;alphabetic
59733,thello,7468656c6c6f,6,1536,alphabetic
59823,␠unknow,20756e6b6e6f77,7,1532,leading_space;alphabetic
59872,\xe5\x92,e592,2,1530,contains_symbol
59887,Evel,4576656c,4,1529,alphabetic;capitalized_candidate
59908,ajuato,616a7561746f,6,1529,alphabetic
59917,␠Gij,2047696a,4,1528,leading_space;alphabetic;capitalized_candidate
59922,␠Reclam,205265636c616d,7,1528,leading_space;alphabetic;capitalized_candidate
59997,onneur,6f6e6e657572,6,1525,alphabetic
60008,igley,69676c6579,5,1524,alphabetic
60011,umseh,756d736568,5,1524,alphabetic
60072,␠Dni,20446e69,4,1521,leading_space;alphabetic;capitalized_candidate
60081,␠destit,20646573746974,7,1521,leading_space;alphabetic
60098,␠Guimar,204775696d6172,7,1520,leading_space;alphabetic;capitalized_candidate
60113,␠suzer,2073757a6572,6,1519,leading_space;alphabetic
60125,␠Penz,2050656e7a,5,1519,leading_space;alphabetic;capitalized_candidate
60173,␠traged,20747261676564,7,1517,leading_space;alphabetic
60186,believ,62656c696576,6,1517,alphabetic
60189,TTE,545445,3,1517,alphabetic
60197,Purd,50757264,4,1516,alphabetic;capitalized_candidate
60207,aulieu,61756c696575,6,1516,alphabetic
60238,Magg,4d616767,4,1514,alphabetic;capitalized_candidate
60243,␠ashl,206173686c,5,1514,leading_space;alphabetic
60251,␠extrac,20657874726163,7,1514,leading_space;alphabetic
60274,igniew,69676e696577,6,1513,alphabetic
60292,ispensable,697370656e7361626c65,10,1513,alphabetic;suffix_shape
60301,uryeo,757279656f,5,1512,alphabetic
60332,olsom,6f6c736f6d,5,1511,alphabetic
60364,echapel,6563686170656c,7,1509,alphabetic
60371,␠Tucum,20547563756d,6,1509,leading_space;alphabetic;capitalized_candidate
60397,Kyr,4b7972,3,1507,alphabetic;capitalized_candidate
60406,zees,7a656573,4,1507,alphabetic
60410,ihull,6968756c6c,5,1507,alphabetic
60499,staple,737461706c65,6,1502,alphabetic
60560,ensack,656e7361636b,6,1500,alphabetic
60579,idays,6964617973,5,1499,alphabetic
60626,phinx,7068696e78,5,1498,alphabetic
60705,repancy,726570616e6379,7,1495,alphabetic
60719,uyves,7579766573,5,1494,alphabetic
60720,șov,c8996f76,4,1494,alphabetic
60728,ảng,e1baa36e67,5,1494,alphabetic
60733,Myan,4d79616e,4,1493,alphabetic;capitalized_candidate
60739,ebago,656261676f,5,1493,alphabetic
60776,jeeling,6a65656c696e67,7,1492,alphabetic;suffix_shape
60790,␠Tynes,2054796e6573,6,1491,leading_space;alphabetic;capitalized_candidate
60797,estivalen,6573746976616c656e,9,1491,alphabetic
60833,eboats,65626f617473,6,1490,alphabetic
60844,Leaks,4c65616b73,5,1489,alphabetic;capitalized_candidate
60892,urpose,7572706f7365,6,1487,alphabetic
60894,oughkeep,6f7567686b656570,8,1487,alphabetic
60909,caré,636172c3a9,5,1487,alphabetic
60918,␠oe,206f65,3,1486,leading_space;alphabetic
60952,␠Benev,2042656e6576,6,1485,leading_space;alphabetic;capitalized_candidate
60963,oughkeepsie,6f7567686b656570736965,11,1485,alphabetic
61020,␠Diyarbak,20446979617262616b,9,1483,leading_space;alphabetic;capitalized_candidate
61060,hotra,686f747261,5,1481,alphabetic
61069,leyn,6c65796e,4,1480,alphabetic
61204,␠Precip,20507265636970,7,1475,leading_space;alphabetic;capitalized_candidate
61205,␠Catól,20436174c3b36c,7,1475,leading_space;alphabetic;capitalized_candidate
61216,uide,75696465,4,1474,alphabetic
61244,␠peng,2070656e67,5,1473,leading_space;alphabetic
61248,forgett,666f7267657474,7,1473,alphabetic
61259,lioz,6c696f7a,4,1473,alphabetic
61281,dinando,64696e616e646f,7,1472,alphabetic
61295,␠tung,2074756e67,5,1471,leading_space;alphabetic
61315,pherson,70686572736f6e,7,1471,alphabetic
61338,␠Transnist,205472616e736e697374,10,1470,leading_space;alphabetic;capitalized_candidate
61355,nern,6e65726e,4,1469,alphabetic
61380,␠Houns,20486f756e73,6,1468,leading_space;alphabetic;capitalized_candidate
61385,␠brill,206272696c6c,6,1468,leading_space;alphabetic
61409,␠Koms,204b6f6d73,5,1467,leading_space;alphabetic;capitalized_candidate
61438,roughts,726f7567687473,7,1466,alphabetic
61443,ippian,69707069616e,6,1466,alphabetic
61467,␠Afgh,2041666768,5,1465,leading_space;alphabetic;capitalized_candidate
61472,denham,64656e68616d,6,1465,alphabetic
61506,yss,797373,3,1463,alphabetic
61516,␠balcon,2062616c636f6e,7,1463,leading_space;alphabetic
61548,␠Dioc,2044696f63,5,1462,leading_space;alphabetic;capitalized_candidate
61605,ahoga,61686f6761,5,1460,alphabetic
61634,keting,6b6574696e67,6,1459,alphabetic;suffix_shape
61638,lewine,6c6577696e65,6,1459,alphabetic
61746,␠Niet,204e696574,5,1455,leading_space;alphabetic;capitalized_candidate
61768,manteau,6d616e74656175,7,1454,alphabetic
61781,uppets,757070657473,6,1454,alphabetic
61811,␠matri,206d61747269,6,1452,leading_space;alphabetic
61842,ropet,726f706574,5,1451,alphabetic
61915,hambra,68616d627261,6,1448,alphabetic
61938,answered,616e737765726564,8,1447,alphabetic;suffix_shape
61973,ukuo,756b756f,4,1446,alphabetic
61975,campo,63616d706f,5,1446,alphabetic
62031,␠Sains,205361696e73,6,1443,leading_space;alphabetic;capitalized_candidate
62056,ucherry,75636865727279,7,1442,alphabetic
62088,␠Carras,20436172726173,7,1441,leading_space;alphabetic;capitalized_candidate
62142,␠Ishm,204973686d,5,1439,leading_space;alphabetic;capitalized_candidate
62160,ikogu,696b6f6775,5,1438,alphabetic
62257,achella,616368656c6c61,7,1435,alphabetic
62305,aginian,6167696e69616e,7,1433,alphabetic
62320,␠Podgor,20506f64676f72,7,1433,leading_space;alphabetic;capitalized_candidate
62331,gwood,67776f6f64,5,1432,alphabetic
62351,␠Çan,20c387616e,5,1432,leading_space;alphabetic;capitalized_candidate
62409,␠utens,207574656e73,6,1430,leading_space;alphabetic
62486,lyssa,6c79737361,5,1427,alphabetic
62531,␠parake,20706172616b65,7,1425,leading_space;alphabetic
62538,otheby,6f7468656279,6,1425,alphabetic
62600,␠Fontain,20466f6e7461696e,8,1423,leading_space;alphabetic;capitalized_candidate
62676,␠Messersch,204d6573736572736368,10,1420,leading_space;alphabetic;capitalized_candidate
62697,␠monophy,206d6f6e6f706879,8,1419,leading_space;alphabetic
62700,akhapatnam,616b68617061746e616d,10,1419,alphabetic
62801,orect,6f72656374,5,1415,alphabetic
62926,furter,667572746572,6,1411,alphabetic
62941,ureshi,757265736869,6,1410,alphabetic
63025,knap,6b6e6170,4,1407,alphabetic
63028,␠Hanse,2048616e7365,6,1407,leading_space;alphabetic;capitalized_candidate
63034,martre,6d6172747265,6,1407,alphabetic
63051,thurium,7468757269756d,7,1406,alphabetic
63074,thansa,7468616e7361,6,1405,alphabetic
63108,nyang,6e79616e67,5,1404,alphabetic
63190,ysters,797374657273,6,1401,alphabetic;suffix_shape
63212,igikogu,6967696b6f6775,7,1400,alphabetic
63249,ebring,656272696e67,6,1399,alphabetic;suffix_shape
63288,ubility,7562696c697479,7,1397,alphabetic
63319,ostak,6f7374616b,5,1396,alphabetic
63329,␠Infect,20496e66656374,7,1396,leading_space;alphabetic;capitalized_candidate
63331,careous,636172656f7573,7,1396,alphabetic
63360,iwetok,697765746f6b,6,1395,alphabetic
63366,ebbels,656262656c73,6,1395,alphabetic
63376,chment,63686d656e74,6,1394,alphabetic;suffix_shape
63502,␠cymb,2063796d62,5,1389,leading_space;alphabetic
63509,ongjiang,6f6e676a69616e67,8,1389,alphabetic
63531,dynia,64796e6961,5,1389,alphabetic
63547,␠Asco,204173636f,5,1388,leading_space;alphabetic;capitalized_candidate
63598,uesdays,75657364617973,7,1386,alphabetic
63716,tings,74696e6773,5,1382,alphabetic
63718,omish,6f6d697368,5,1382,alphabetic
63721,awha,61776861,4,1382,alphabetic
63742,␠Devere,20446576657265,7,1381,leading_space;alphabetic;capitalized_candidate
63772,mansk,6d616e736b,5,1380,alphabetic
63775,␠Ambed,20416d626564,6,1380,leading_space;alphabetic;capitalized_candidate
63787,liès,6c69c3a873,5,1380,alphabetic
63808,␠cany,2063616e79,5,1379,leading_space;alphabetic
63819,inguishable,696e677569736861626c65,11,1379,alphabetic;suffix_shape
63832,imely,696d656c79,5,1378,alphabetic;suffix_shape
63888,batical,6261746963616c,7,1377,alphabetic
63918,␠utilit,207574696c6974,7,1376,leading_space;alphabetic
63919,aloids,616c6f696473,6,1376,alphabetic
63976,ginus,67696e7573,5,1374,alphabetic
63989,omelidae,6f6d656c69646165,8,1374,alphabetic
64000,ebleau,65626c656175,6,1373,alphabetic
64002,nean,6e65616e,4,1373,alphabetic
64042,keda,6b656461,4,1372,alphabetic
64230,ordinarily,6f7264696e6172696c79,10,1366,alphabetic;suffix_shape
64274,ithness,6974686e657373,7,1364,alphabetic;suffix_shape
64323,otee,6f746565,4,1362,alphabetic
64324,␠Gedd,2047656464,5,1362,leading_space;alphabetic;capitalized_candidate
64400,ropetrovsk,726f706574726f76736b,10,1360,alphabetic
64414,␠Hotch,20486f746368,6,1359,leading_space;alphabetic;capitalized_candidate
64476,␠discrep,2064697363726570,8,1357,leading_space;alphabetic
64478,␠Sympt,2053796d7074,6,1357,leading_space;alphabetic;capitalized_candidate
64502,letian,6c657469616e,6,1356,alphabetic
64562,umalanga,756d616c616e6761,8,1354,alphabetic
64568,wif,776966,3,1353,alphabetic
64629,ivières,697669c3a8726573,8,1352,alphabetic
64749,ireacht,69726561636874,7,1347,alphabetic
64756,Phyc,50687963,4,1347,alphabetic;capitalized_candidate
64828,ladbach,6c616462616368,7,1345,alphabetic
64901,chengladbach,6368656e676c616462616368,12,1343,alphabetic
64932,amington,616d696e67746f6e,8,1341,alphabetic
65166,iova,696f7661,4,1333,alphabetic
65175,ebvre,6562767265,5,1333,alphabetic
65279,aziland,617a696c616e64,7,1329,alphabetic
65281,glades,676c61646573,6,1329,alphabetic
65346,ilaterally,696c61746572616c6c79,10,1327,alphabetic;suffix_shape
65353,andons,616e646f6e73,6,1326,alphabetic
65387,␠Ostra,204f73747261,6,1325,leading_space;alphabetic;capitalized_candidate
65538,hameha,68616d656861,6,1321,alphabetic
65629,thshire,74687368697265,7,1317,alphabetic
65678,çalves,c3a7616c766573,7,1316,alphabetic
65680,lywelyn,6c7977656c796e,7,1316,alphabetic
65682,ireachtas,697265616368746173,9,1316,alphabetic
65891,reaves,726561766573,6,1308,alphabetic
66115,␠Shibu,205368696275,6,1301,leading_space;alphabetic;capitalized_candidate
66127,␠Velas,2056656c6173,6,1301,leading_space;alphabetic;capitalized_candidate
66217,aneswar,616e6573776172,7,1298,alphabetic
66286,␠ém,20c3a96d,4,1295,leading_space;alphabetic
66302,obscot,6f6273636f74,6,1295,alphabetic
66347,łsud,c582737564,5,1294,alphabetic
66350,ellets,656c6c657473,6,1294,alphabetic
66396,ançon,616ec3a76f6e,6,1292,alphabetic
66413,␠Bushe,204275736865,6,1292,leading_space;alphabetic;capitalized_candidate
66439,enamed,656e616d6564,6,1291,alphabetic;suffix_shape
66466,␠sophistic,20736f70686973746963,10,1291,leading_space;alphabetic
66468,␠Razorb,2052617a6f7262,7,1291,leading_space;alphabetic;capitalized_candidate
66585,rumah,72756d6168,5,1287,alphabetic
66597,omatto,6f6d6174746f,6,1286,alphabetic
66601,␠vaud,2076617564,5,1286,leading_space;alphabetic
66718,␠Tailte,205461696c7465,7,1282,leading_space;alphabetic;capitalized_candidate
66896,omattox,6f6d6174746f78,7,1277,alphabetic
67051,chyta,6368797461,5,1272,alphabetic
67252,␠Suhart,20537568617274,7,1266,leading_space;alphabetic;capitalized_candidate
67279,␠Flints,20466c696e7473,7,1265,leading_space;alphabetic;capitalized_candidate
67316,uanced,75616e636564,6,1264,alphabetic;suffix_shape
67445,poena,706f656e61,5,1260,alphabetic
67587,rables,7261626c6573,6,1255,alphabetic
67946,OWISE,4f57495345,5,1245,alphabetic
67984,orpom,6f72706f6d,5,1244,alphabetic
68028,akkale,616b6b616c65,6,1243,alphabetic
68174,ARDIS,4152444953,5,1239,alphabetic
68243,␠conduc,20636f6e647563,7,1236,leading_space;alphabetic
68565,watersrand,77617465727372616e64,10,1226,alphabetic
68808,orycter,6f727963746572,7,1218,alphabetic
69096,otear,6f74656172,5,1210,alphabetic
69396,␠Misé,204d6973c3a9,6,1202,leading_space;alphabetic;capitalized_candidate
